protein_variant,am_pathogenicity,am_class
M1A,0.7061,LPath
M1C,0.5588,Amb
M1D,0.9821,LPath
M1E,0.9448,LPath
M1F,0.3655,Amb
M1G,0.8481,LPath
M1H,0.8908,LPath
M1I,0.765,LPath
M1K,0.8805,LPath
M1L,0.3445,Amb
M1N,0.9216,LPath
M1P,0.8851,LPath
M1Q,0.7467,LPath
M1R,0.8075,LPath
M1S,0.7651,LPath
M1T,0.8597,LPath
M1V,0.2678,LBen
M1W,0.8056,LPath
M1Y,0.8143,LPath
L2A,0.4076,Amb
L2C,0.6255,LPath
L2D,0.8916,LPath
L2E,0.6067,LPath
L2F,0.1706,LBen
L2G,0.5347,Amb
L2H,0.5179,Amb
L2I,0.1799,LBen
L2K,0.4197,Amb
L2M,0.2407,LBen
L2N,0.7247,LPath
L2P,0.53,Amb
L2Q,0.3338,LBen
L2R,0.2456,LBen
L2S,0.6227,LPath
L2T,0.5248,Amb
L2V,0.1946,LBen
L2W,0.2444,LBen
L2Y,0.4441,Amb
R3A,0.5831,LPath
R3C,0.7686,LPath
R3D,0.8259,LPath
R3E,0.6258,LPath
R3F,0.7907,LPath
R3G,0.4423,Amb
R3H,0.567,LPath
R3I,0.7248,LPath
R3K,0.3432,Amb
R3L,0.4669,Amb
R3M,0.8517,LPath
R3N,0.8666,LPath
R3P,0.5945,LPath
R3Q,0.4834,Amb
R3S,0.7799,LPath
R3T,0.6636,LPath
R3V,0.6772,LPath
R3W,0.6964,LPath
R3Y,0.8227,LPath
A4C,0.4299,Amb
A4D,0.4448,Amb
A4E,0.4366,Amb
A4F,0.3083,LBen
A4G,0.1442,LBen
A4H,0.5135,Amb
A4I,0.3326,LBen
A4K,0.6017,LPath
A4L,0.2843,LBen
A4M,0.5483,Amb
A4N,0.3784,Amb
A4P,0.287,LBen
A4Q,0.4887,Amb
A4R,0.3967,Amb
A4S,0.1198,LBen
A4T,0.1796,LBen
A4V,0.1472,LBen
A4W,0.6776,LPath
A4Y,0.4174,Amb
C5A,0.3336,LBen
C5D,0.7384,LPath
C5E,0.7965,LPath
C5F,0.1278,LBen
C5G,0.1832,LBen
C5H,0.501,Amb
C5I,0.5023,Amb
C5K,0.7654,LPath
C5L,0.408,Amb
C5M,0.6609,LPath
C5N,0.5941,LPath
C5P,0.7307,LPath
C5Q,0.5776,LPath
C5R,0.4146,Amb
C5S,0.2837,LBen
C5T,0.4735,Amb
C5V,0.3734,Amb
C5W,0.2491,LBen
C5Y,0.1958,LBen
Q6A,0.1873,LBen
Q6C,0.4336,Amb
Q6D,0.3372,LBen
Q6E,0.115,LBen
Q6F,0.4859,Amb
Q6G,0.1695,LBen
Q6H,0.1512,LBen
Q6I,0.4032,Amb
Q6K,0.1327,LBen
Q6L,0.1876,LBen
Q6M,0.4818,Amb
Q6N,0.2591,LBen
Q6P,0.117,LBen
Q6R,0.0847,LBen
Q6S,0.1679,LBen
Q6T,0.198,LBen
Q6V,0.2683,LBen
Q6W,0.3975,Amb
Q6Y,0.3319,LBen
L7A,0.1614,LBen
L7C,0.3265,LBen
L7D,0.4874,Amb
L7E,0.2799,LBen
L7F,0.0904,LBen
L7G,0.2576,LBen
L7H,0.1608,LBen
L7I,0.0884,LBen
L7K,0.1211,LBen
L7M,0.1321,LBen
L7N,0.3039,LBen
L7P,0.1633,LBen
L7Q,0.1082,LBen
L7R,0.0666,LBen
L7S,0.2339,LBen
L7T,0.1947,LBen
L7V,0.0774,LBen
L7W,0.1467,LBen
L7Y,0.2088,LBen
S8A,0.0683,LBen
S8C,0.1038,LBen
S8D,0.3509,Amb
S8E,0.3748,Amb
S8F,0.1945,LBen
S8G,0.0818,LBen
S8H,0.2407,LBen
S8I,0.2458,LBen
S8K,0.4183,Amb
S8L,0.1726,LBen
S8M,0.3171,LBen
S8N,0.1866,LBen
S8P,0.1096,LBen
S8Q,0.3203,LBen
S8R,0.2838,LBen
S8T,0.0833,LBen
S8V,0.1856,LBen
S8W,0.1999,LBen
S8Y,0.1678,LBen
G9A,0.101,LBen
G9C,0.2236,LBen
G9D,0.1978,LBen
G9E,0.2322,LBen
G9F,0.4793,Amb
G9H,0.3346,LBen
G9I,0.3127,LBen
G9K,0.4064,Amb
G9L,0.3669,Amb
G9M,0.5121,Amb
G9N,0.2743,LBen
G9P,0.4271,Amb
G9Q,0.3185,LBen
G9R,0.2447,LBen
G9S,0.098,LBen
G9T,0.1431,LBen
G9V,0.1782,LBen
G9W,0.394,Amb
G9Y,0.387,Amb
V10A,0.1169,LBen
V10C,0.4926,Amb
V10D,0.2149,LBen
V10E,0.1997,LBen
V10F,0.1023,LBen
V10G,0.1053,LBen
V10H,0.386,Amb
V10I,0.1124,LBen
V10K,0.2433,LBen
V10L,0.1621,LBen
V10M,0.1614,LBen
V10N,0.2197,LBen
V10P,0.2671,LBen
V10Q,0.2175,LBen
V10R,0.191,LBen
V10S,0.1538,LBen
V10T,0.1848,LBen
V10W,0.5216,Amb
V10Y,0.3539,Amb
T11A,0.0626,LBen
T11C,0.294,LBen
T11D,0.2567,LBen
T11E,0.2365,LBen
T11F,0.2277,LBen
T11G,0.128,LBen
T11H,0.168,LBen
T11I,0.2347,LBen
T11K,0.1595,LBen
T11L,0.1756,LBen
T11M,0.1757,LBen
T11N,0.1265,LBen
T11P,0.0869,LBen
T11Q,0.1677,LBen
T11R,0.1194,LBen
T11S,0.0819,LBen
T11V,0.1603,LBen
T11W,0.3972,Amb
T11Y,0.2424,LBen
A12C,0.3381,LBen
A12D,0.2002,LBen
A12E,0.1928,LBen
A12F,0.2455,LBen
A12G,0.104,LBen
A12H,0.3208,LBen
A12I,0.2058,LBen
A12K,0.3035,LBen
A12L,0.1741,LBen
A12M,0.2498,LBen
A12N,0.2155,LBen
A12P,0.1341,LBen
A12Q,0.241,LBen
A12R,0.2473,LBen
A12S,0.0883,LBen
A12T,0.0852,LBen
A12V,0.0964,LBen
A12W,0.5133,Amb
A12Y,0.3384,LBen
A13C,0.3839,Amb
A13D,0.2352,LBen
A13E,0.2084,LBen
A13F,0.2706,LBen
A13G,0.1107,LBen
A13H,0.3595,Amb
A13I,0.2791,LBen
A13K,0.3174,LBen
A13L,0.1955,LBen
A13M,0.2863,LBen
A13N,0.2508,LBen
A13P,0.1471,LBen
A13Q,0.2556,LBen
A13R,0.2485,LBen
A13S,0.0959,LBen
A13T,0.0919,LBen
A13V,0.1367,LBen
A13W,0.5296,Amb
A13Y,0.3924,Amb
A14C,0.5136,Amb
A14D,0.4028,Amb
A14E,0.3413,Amb
A14F,0.4432,Amb
A14G,0.1317,LBen
A14H,0.5365,Amb
A14I,0.5178,Amb
A14K,0.5041,Amb
A14L,0.3265,LBen
A14M,0.5844,LPath
A14N,0.4105,Amb
A14P,0.2039,LBen
A14Q,0.3579,Amb
A14R,0.3397,LBen
A14S,0.1112,LBen
A14T,0.2009,LBen
A14V,0.2661,LBen
A14W,0.7252,LPath
A14Y,0.5447,Amb
Q15A,0.1822,LBen
Q15C,0.7193,LPath
Q15D,0.2896,LBen
Q15E,0.0869,LBen
Q15F,0.7108,LPath
Q15G,0.1771,LBen
Q15H,0.3262,LBen
Q15I,0.5421,Amb
Q15K,0.109,LBen
Q15L,0.2769,LBen
Q15M,0.5402,Amb
Q15N,0.3296,LBen
Q15P,0.1278,LBen
Q15R,0.1039,LBen
Q15S,0.1967,LBen
Q15T,0.2226,LBen
Q15V,0.3178,LBen
Q15W,0.6194,LPath
Q15Y,0.5655,LPath
S16A,0.1147,LBen
S16C,0.123,LBen
S16D,0.1647,LBen
S16E,0.2555,LBen
S16F,0.2884,LBen
S16G,0.0779,LBen
S16H,0.1686,LBen
S16I,0.1848,LBen
S16K,0.267,LBen
S16L,0.2249,LBen
S16M,0.2752,LBen
S16N,0.0743,LBen
S16P,0.1819,LBen
S16Q,0.2538,LBen
S16R,0.2499,LBen
S16T,0.0852,LBen
S16V,0.189,LBen
S16W,0.3416,Amb
S16Y,0.1743,LBen
C17A,0.3999,Amb
C17D,0.5952,LPath
C17E,0.788,LPath
C17F,0.2035,LBen
C17G,0.1928,LBen
C17H,0.4997,Amb
C17I,0.5437,Amb
C17K,0.7844,LPath
C17L,0.4752,Amb
C17M,0.714,LPath
C17N,0.4972,Amb
C17P,0.5982,LPath
C17Q,0.6387,LPath
C17R,0.4491,Amb
C17S,0.2769,LBen
C17T,0.5099,Amb
C17V,0.4402,Amb
C17W,0.4889,Amb
C17Y,0.3232,LBen
L18A,0.1832,LBen
L18C,0.2977,LBen
L18D,0.5075,Amb
L18E,0.3113,LBen
L18F,0.0942,LBen
L18G,0.2857,LBen
L18H,0.1529,LBen
L18I,0.0921,LBen
L18K,0.1994,LBen
L18M,0.1464,LBen
L18N,0.3007,LBen
L18P,0.1532,LBen
L18Q,0.1242,LBen
L18R,0.086,LBen
L18S,0.2032,LBen
L18T,0.2006,LBen
L18V,0.0824,LBen
L18W,0.1643,LBen
L18Y,0.237,LBen
C19A,0.4185,Amb
C19D,0.6303,LPath
C19E,0.7394,LPath
C19F,0.2236,LBen
C19G,0.1785,LBen
C19H,0.4464,Amb
C19I,0.6429,LPath
C19K,0.726,LPath
C19L,0.5049,Amb
C19M,0.7387,LPath
C19N,0.5941,LPath
C19P,0.552,Amb
C19Q,0.5626,Amb
C19R,0.3454,Amb
C19S,0.3667,Amb
C19T,0.5481,Amb
C19V,0.5166,Amb
C19W,0.3668,Amb
C19Y,0.2939,LBen
G20A,0.1643,LBen
G20C,0.2632,LBen
G20D,0.2028,LBen
G20E,0.1739,LBen
G20F,0.5594,Amb
G20H,0.2803,LBen
G20I,0.3947,Amb
G20K,0.2564,LBen
G20L,0.4429,Amb
G20M,0.5708,LPath
G20N,0.2672,LBen
G20P,0.4672,Amb
G20Q,0.2024,LBen
G20R,0.1397,LBen
G20S,0.1065,LBen
G20T,0.1939,LBen
G20V,0.2578,LBen
G20W,0.3394,LBen
G20Y,0.4137,Amb
K21A,0.3382,LBen
K21C,0.6192,LPath
K21D,0.4378,Amb
K21E,0.2434,LBen
K21F,0.7319,LPath
K21G,0.3081,LBen
K21H,0.2532,LBen
K21I,0.4554,Amb
K21L,0.4386,Amb
K21M,0.3857,Amb
K21N,0.2929,LBen
K21P,0.396,Amb
K21Q,0.1583,LBen
K21R,0.072,LBen
K21S,0.3055,LBen
K21T,0.2021,LBen
K21V,0.4099,Amb
K21W,0.7021,LPath
K21Y,0.5408,Amb
F22A,0.1156,LBen
F22C,0.1215,LBen
F22D,0.2665,LBen
F22E,0.3455,Amb
F22G,0.2111,LBen
F22H,0.2525,LBen
F22I,0.0747,LBen
F22K,0.3494,Amb
F22L,0.3429,Amb
F22M,0.2043,LBen
F22N,0.1971,LBen
F22P,0.3276,LBen
F22Q,0.2974,LBen
F22R,0.2392,LBen
F22S,0.1038,LBen
F22T,0.1219,LBen
F22V,0.0653,LBen
F22W,0.1641,LBen
F22Y,0.0953,LBen
V23A,0.1141,LBen
V23C,0.4029,Amb
V23D,0.2019,LBen
V23E,0.2189,LBen
V23F,0.0937,LBen
V23G,0.1346,LBen
V23H,0.2653,LBen
V23I,0.0785,LBen
V23K,0.2323,LBen
V23L,0.1099,LBen
V23M,0.1509,LBen
V23N,0.1663,LBen
V23P,0.1762,LBen
V23Q,0.1882,LBen
V23R,0.1632,LBen
V23S,0.1119,LBen
V23T,0.1425,LBen
V23W,0.4795,Amb
V23Y,0.2921,LBen
L24A,0.1585,LBen
L24C,0.2932,LBen
L24D,0.4643,Amb
L24E,0.258,LBen
L24F,0.0796,LBen
L24G,0.2494,LBen
L24H,0.1592,LBen
L24I,0.091,LBen
L24K,0.2114,LBen
L24M,0.1197,LBen
L24N,0.3042,LBen
L24P,0.0987,LBen
L24Q,0.1161,LBen
L24R,0.1115,LBen
L24S,0.1616,LBen
L24T,0.1717,LBen
L24V,0.0783,LBen
L24W,0.1261,LBen
L24Y,0.2318,LBen
R25A,0.2798,LBen
R25C,0.1371,LBen
R25D,0.4335,Amb
R25E,0.2729,LBen
R25F,0.3448,Amb
R25G,0.1547,LBen
R25H,0.0924,LBen
R25I,0.2789,LBen
R25K,0.14,LBen
R25L,0.1693,LBen
R25M,0.3484,Amb
R25N,0.3771,Amb
R25P,0.1728,LBen
R25Q,0.0989,LBen
R25S,0.2911,LBen
R25T,0.2245,LBen
R25V,0.2833,LBen
R25W,0.1478,LBen
R25Y,0.2406,LBen
P26A,0.1038,LBen
P26C,0.3647,Amb
P26D,0.3027,LBen
P26E,0.2337,LBen
P26F,0.4308,Amb
P26G,0.2089,LBen
P26H,0.1299,LBen
P26I,0.3758,Amb
P26K,0.2553,LBen
P26L,0.1868,LBen
P26M,0.4015,Amb
P26N,0.2334,LBen
P26Q,0.1284,LBen
P26R,0.126,LBen
P26S,0.0961,LBen
P26T,0.1078,LBen
P26V,0.2435,LBen
P26W,0.4667,Amb
P26Y,0.3273,LBen
L27A,0.1235,LBen
L27C,0.3363,LBen
L27D,0.4189,Amb
L27E,0.2025,LBen
L27F,0.0901,LBen
L27G,0.2188,LBen
L27H,0.1511,LBen
L27I,0.0938,LBen
L27K,0.1727,LBen
L27M,0.1163,LBen
L27N,0.2643,LBen
L27P,0.1026,LBen
L27Q,0.0936,LBen
L27R,0.0964,LBen
L27S,0.1202,LBen
L27T,0.1489,LBen
L27V,0.0781,LBen
L27W,0.1355,LBen
L27Y,0.2229,LBen
R28A,0.1931,LBen
R28C,0.1166,LBen
R28D,0.3629,Amb
R28E,0.2029,LBen
R28F,0.2598,LBen
R28G,0.1206,LBen
R28H,0.0883,LBen
R28I,0.1805,LBen
R28K,0.114,LBen
R28L,0.1195,LBen
R28M,0.235,LBen
R28N,0.3057,LBen
R28P,0.1296,LBen
R28Q,0.0795,LBen
R28S,0.2141,LBen
R28T,0.1633,LBen
R28V,0.1941,LBen
R28W,0.1133,LBen
R28Y,0.1929,LBen
P29A,0.0736,LBen
P29C,0.2308,LBen
P29D,0.1953,LBen
P29E,0.1516,LBen
P29F,0.2434,LBen
P29G,0.1458,LBen
P29H,0.0937,LBen
P29I,0.1972,LBen
P29K,0.1793,LBen
P29L,0.1024,LBen
P29M,0.2509,LBen
P29N,0.1615,LBen
P29Q,0.0936,LBen
P29R,0.0942,LBen
P29S,0.0779,LBen
P29T,0.0782,LBen
P29V,0.1364,LBen
P29W,0.2758,LBen
P29Y,0.2064,LBen
C30A,0.2069,LBen
C30D,0.3294,LBen
C30E,0.455,Amb
C30F,0.0931,LBen
C30G,0.0976,LBen
C30H,0.2102,LBen
C30I,0.2989,LBen
C30K,0.4514,Amb
C30L,0.2694,LBen
C30M,0.4551,Amb
C30N,0.2563,LBen
C30P,0.3269,LBen
C30Q,0.2749,LBen
C30R,0.1785,LBen
C30S,0.1372,LBen
C30T,0.2759,LBen
C30V,0.249,LBen
C30W,0.2146,LBen
C30Y,0.1219,LBen
R31A,0.3562,Amb
R31C,0.1189,LBen
R31D,0.4851,Amb
R31E,0.326,LBen
R31F,0.3782,Amb
R31G,0.1707,LBen
R31H,0.0936,LBen
R31I,0.3494,Amb
R31K,0.1873,LBen
R31L,0.2304,LBen
R31M,0.4673,Amb
R31N,0.4271,Amb
R31P,0.2592,LBen
R31Q,0.1011,LBen
R31S,0.3444,Amb
R31T,0.3183,LBen
R31V,0.3443,Amb
R31W,0.1503,LBen
R31Y,0.2418,LBen
R32A,0.1586,LBen
R32C,0.1182,LBen
R32D,0.2842,LBen
R32E,0.1922,LBen
R32F,0.2799,LBen
R32G,0.076,LBen
R32H,0.0927,LBen
R32I,0.1742,LBen
R32K,0.0985,LBen
R32L,0.1383,LBen
R32M,0.2037,LBen
R32N,0.2393,LBen
R32P,0.1515,LBen
R32Q,0.0887,LBen
R32S,0.1679,LBen
R32T,0.1265,LBen
R32V,0.1858,LBen
R32W,0.1264,LBen
R32Y,0.195,LBen
Y33A,0.6196,LPath
Y33C,0.2789,LBen
Y33D,0.5289,Amb
Y33E,0.7805,LPath
Y33F,0.1799,LBen
Y33G,0.4816,Amb
Y33H,0.4507,Amb
Y33I,0.6249,LPath
Y33K,0.7856,LPath
Y33L,0.5559,Amb
Y33M,0.7592,LPath
Y33N,0.4014,Amb
Y33P,0.6624,LPath
Y33Q,0.7181,LPath
Y33R,0.6158,LPath
Y33S,0.3791,Amb
Y33T,0.6208,LPath
Y33V,0.4833,Amb
Y33W,0.5323,Amb
S34A,0.0632,LBen
S34C,0.1204,LBen
S34D,0.366,Amb
S34E,0.4038,Amb
S34F,0.1954,LBen
S34G,0.1033,LBen
S34H,0.2985,LBen
S34I,0.226,LBen
S34K,0.5228,Amb
S34L,0.1326,LBen
S34M,0.2508,LBen
S34N,0.216,LBen
S34P,0.163,LBen
S34Q,0.3867,Amb
S34R,0.4207,Amb
S34T,0.0754,LBen
S34V,0.1569,LBen
S34W,0.2875,LBen
S34Y,0.1818,LBen
T35A,0.0726,LBen
T35C,0.3837,Amb
T35D,0.3103,LBen
T35E,0.3056,LBen
T35F,0.2347,LBen
T35G,0.1594,LBen
T35H,0.2142,LBen
T35I,0.223,LBen
T35K,0.2124,LBen
T35L,0.1383,LBen
T35M,0.1444,LBen
T35N,0.1437,LBen
T35P,0.0892,LBen
T35Q,0.2249,LBen
T35R,0.1539,LBen
T35S,0.0857,LBen
T35V,0.1573,LBen
T35W,0.5264,Amb
T35Y,0.3022,LBen
S36A,0.0612,LBen
S36C,0.1163,LBen
S36D,0.2861,LBen
S36E,0.3454,Amb
S36F,0.168,LBen
S36G,0.074,LBen
S36H,0.2697,LBen
S36I,0.1869,LBen
S36K,0.4404,Amb
S36L,0.113,LBen
S36M,0.2047,LBen
S36N,0.165,LBen
S36P,0.1029,LBen
S36Q,0.3511,Amb
S36R,0.3617,Amb
S36T,0.0704,LBen
S36V,0.1419,LBen
S36W,0.2442,LBen
S36Y,0.1755,LBen
G37A,0.0864,LBen
G37C,0.1473,LBen
G37D,0.1166,LBen
G37E,0.1183,LBen
G37F,0.3354,LBen
G37H,0.1631,LBen
G37I,0.1837,LBen
G37K,0.1657,LBen
G37L,0.2481,LBen
G37M,0.3264,LBen
G37N,0.1552,LBen
G37P,0.3145,LBen
G37Q,0.1392,LBen
G37R,0.1017,LBen
G37S,0.0718,LBen
G37T,0.0922,LBen
G37V,0.1193,LBen
G37W,0.245,LBen
G37Y,0.2185,LBen
S38A,0.0916,LBen
S38C,0.0954,LBen
S38D,0.1506,LBen
S38E,0.2243,LBen
S38F,0.1727,LBen
S38G,0.0625,LBen
S38H,0.1574,LBen
S38I,0.1307,LBen
S38K,0.2687,LBen
S38L,0.144,LBen
S38M,0.2107,LBen
S38N,0.0822,LBen
S38P,0.1235,LBen
S38Q,0.2286,LBen
S38R,0.2188,LBen
S38T,0.0739,LBen
S38V,0.139,LBen
S38W,0.2456,LBen
S38Y,0.1506,LBen
S39A,0.0784,LBen
S39C,0.1182,LBen
S39D,0.3424,Amb
S39E,0.4076,Amb
S39F,0.1665,LBen
S39G,0.0807,LBen
S39H,0.2497,LBen
S39I,0.2184,LBen
S39K,0.4545,Amb
S39L,0.1188,LBen
S39M,0.2409,LBen
S39N,0.1864,LBen
S39P,0.1029,LBen
S39Q,0.3712,Amb
S39R,0.3684,Amb
S39T,0.0771,LBen
S39V,0.1734,LBen
S39W,0.2087,LBen
S39Y,0.1688,LBen
G40A,0.1234,LBen
G40C,0.2435,LBen
G40D,0.2415,LBen
G40E,0.2307,LBen
G40F,0.4251,Amb
G40H,0.2967,LBen
G40I,0.273,LBen
G40K,0.3408,Amb
G40L,0.3536,Amb
G40M,0.457,Amb
G40N,0.3049,LBen
G40P,0.4911,Amb
G40Q,0.2575,LBen
G40R,0.1894,LBen
G40S,0.0986,LBen
G40T,0.1506,LBen
G40V,0.174,LBen
G40W,0.2999,LBen
G40Y,0.3659,Amb
L41A,0.1038,LBen
L41C,0.2837,LBen
L41D,0.3305,LBen
L41E,0.2,LBen
L41F,0.0694,LBen
L41G,0.1762,LBen
L41H,0.1234,LBen
L41I,0.0781,LBen
L41K,0.143,LBen
L41M,0.0811,LBen
L41N,0.1819,LBen
L41P,0.1025,LBen
L41Q,0.0963,LBen
L41R,0.1036,LBen
L41S,0.1015,LBen
L41T,0.109,LBen
L41V,0.0686,LBen
L41W,0.1043,LBen
L41Y,0.1783,LBen
T42A,0.0728,LBen
T42C,0.3267,LBen
T42D,0.3052,LBen
T42E,0.2933,LBen
T42F,0.2051,LBen
T42G,0.1309,LBen
T42H,0.1798,LBen
T42I,0.2216,LBen
T42K,0.1889,LBen
T42L,0.1319,LBen
T42M,0.125,LBen
T42N,0.1145,LBen
T42P,0.0938,LBen
T42Q,0.1869,LBen
T42R,0.1496,LBen
T42S,0.0728,LBen
T42V,0.1688,LBen
T42W,0.3601,Amb
T42Y,0.2315,LBen
T43A,0.0537,LBen
T43C,0.3297,LBen
T43D,0.3922,Amb
T43E,0.3356,LBen
T43F,0.2001,LBen
T43G,0.1198,LBen
T43H,0.2372,LBen
T43I,0.1488,LBen
T43K,0.2078,LBen
T43L,0.125,LBen
T43M,0.1121,LBen
T43N,0.1644,LBen
T43P,0.0767,LBen
T43Q,0.2257,LBen
T43R,0.1717,LBen
T43S,0.0848,LBen
T43V,0.1048,LBen
T43W,0.3987,Amb
T43Y,0.2512,LBen
G44A,0.0991,LBen
G44C,0.2676,LBen
G44D,0.5847,LPath
G44E,0.4037,Amb
G44F,0.5473,Amb
G44H,0.5451,Amb
G44I,0.324,LBen
G44K,0.4724,Amb
G44L,0.387,Amb
G44M,0.4419,Amb
G44N,0.5054,Amb
G44P,0.6409,LPath
G44Q,0.3835,Amb
G44R,0.3363,LBen
G44S,0.0958,LBen
G44T,0.1326,LBen
G44V,0.1851,LBen
G44W,0.3214,LBen
G44Y,0.5036,Amb
K45A,0.5468,Amb
K45C,0.8539,LPath
K45D,0.8037,LPath
K45E,0.3781,Amb
K45F,0.8798,LPath
K45G,0.4869,Amb
K45H,0.4538,Amb
K45I,0.6204,LPath
K45L,0.5973,LPath
K45M,0.4226,Amb
K45N,0.5145,Amb
K45P,0.7705,LPath
K45Q,0.1927,LBen
K45R,0.0952,LBen
K45S,0.5077,Amb
K45T,0.3095,LBen
K45V,0.5684,LPath
K45W,0.7722,LPath
K45Y,0.7248,LPath
I46A,0.3411,Amb
I46C,0.8615,LPath
I46D,0.9709,LPath
I46E,0.9346,LPath
I46F,0.1202,LBen
I46G,0.7856,LPath
I46H,0.8819,LPath
I46K,0.836,LPath
I46L,0.134,LBen
I46M,0.0973,LBen
I46N,0.7942,LPath
I46P,0.8667,LPath
I46Q,0.8719,LPath
I46R,0.7681,LPath
I46S,0.6142,LPath
I46T,0.3011,LBen
I46V,0.0916,LBen
I46W,0.6493,LPath
I46Y,0.5627,Amb
A47C,0.4724,Amb
A47D,0.9216,LPath
A47E,0.8428,LPath
A47F,0.2202,LBen
A47G,0.2168,LBen
A47H,0.8674,LPath
A47I,0.1246,LBen
A47K,0.8737,LPath
A47L,0.1275,LBen
A47M,0.1638,LBen
A47N,0.817,LPath
A47P,0.5928,LPath
A47Q,0.8052,LPath
A47R,0.8148,LPath
A47S,0.2148,LBen
A47T,0.0988,LBen
A47V,0.0623,LBen
A47W,0.6919,LPath
A47Y,0.6178,LPath
G48A,0.0796,LBen
G48C,0.2611,LBen
G48D,0.9718,LPath
G48E,0.9276,LPath
G48F,0.6731,LPath
G48H,0.9404,LPath
G48I,0.3388,LBen
G48K,0.9493,LPath
G48L,0.4622,Amb
G48M,0.4761,Amb
G48N,0.9244,LPath
G48P,0.9711,LPath
G48Q,0.8956,LPath
G48R,0.8967,LPath
G48S,0.1475,LBen
G48T,0.1463,LBen
G48V,0.1617,LBen
G48W,0.6828,LPath
G48Y,0.7925,LPath
A49C,0.6019,LPath
A49D,0.9576,LPath
A49E,0.9174,LPath
A49F,0.3156,LBen
A49G,0.1716,LBen
A49H,0.9245,LPath
A49I,0.2357,LBen
A49K,0.9356,LPath
A49L,0.1915,LBen
A49M,0.2015,LBen
A49N,0.8565,LPath
A49P,0.8751,LPath
A49Q,0.8819,LPath
A49R,0.9074,LPath
A49S,0.213,LBen
A49T,0.099,LBen
A49V,0.1033,LBen
A49W,0.8139,LPath
A49Y,0.7226,LPath
G50A,0.088,LBen
G50C,0.1904,LBen
G50D,0.9773,LPath
G50E,0.9634,LPath
G50F,0.6426,LPath
G50H,0.9481,LPath
G50I,0.3388,LBen
G50K,0.9882,LPath
G50L,0.4538,Amb
G50M,0.4833,Amb
G50N,0.8975,LPath
G50P,0.9719,LPath
G50Q,0.9414,LPath
G50R,0.9714,LPath
G50S,0.0864,LBen
G50T,0.1008,LBen
G50V,0.1777,LBen
G50W,0.776,LPath
G50Y,0.8563,LPath
L51A,0.3599,Amb
L51C,0.462,Amb
L51D,0.9925,LPath
L51E,0.9786,LPath
L51F,0.0958,LBen
L51G,0.7153,LPath
L51H,0.9152,LPath
L51I,0.0689,LBen
L51K,0.9731,LPath
L51M,0.1105,LBen
L51N,0.959,LPath
L51P,0.8979,LPath
L51Q,0.923,LPath
L51R,0.9446,LPath
L51S,0.7249,LPath
L51T,0.5339,Amb
L51V,0.0736,LBen
L51W,0.4394,Amb
L51Y,0.6681,LPath
L52A,0.4066,Amb
L52C,0.6168,LPath
L52D,0.9971,LPath
L52E,0.9873,LPath
L52F,0.1664,LBen
L52G,0.7941,LPath
L52H,0.9474,LPath
L52I,0.126,LBen
L52K,0.9846,LPath
L52M,0.1633,LBen
L52N,0.9822,LPath
L52P,0.9021,LPath
L52Q,0.9201,LPath
L52R,0.9544,LPath
L52S,0.7974,LPath
L52T,0.6147,LPath
L52V,0.1071,LBen
L52W,0.6024,LPath
L52Y,0.8367,LPath
F53A,0.3966,Amb
F53C,0.3512,Amb
F53D,0.9978,LPath
F53E,0.9971,LPath
F53G,0.7952,LPath
F53H,0.984,LPath
F53I,0.2038,LBen
F53K,0.9979,LPath
F53L,0.595,LPath
F53M,0.4521,Amb
F53N,0.9884,LPath
F53P,0.9929,LPath
F53Q,0.9911,LPath
F53R,0.9932,LPath
F53S,0.6844,LPath
F53T,0.5211,Amb
F53V,0.1424,LBen
F53W,0.7779,LPath
F53Y,0.7065,LPath
V54A,0.181,LBen
V54C,0.6642,LPath
V54D,0.9812,LPath
V54E,0.9608,LPath
V54F,0.1225,LBen
V54G,0.4281,Amb
V54H,0.9654,LPath
V54I,0.0775,LBen
V54K,0.9706,LPath
V54L,0.1582,LBen
V54M,0.1536,LBen
V54N,0.9429,LPath
V54P,0.9315,LPath
V54Q,0.9342,LPath
V54R,0.9413,LPath
V54S,0.5417,Amb
V54T,0.2608,LBen
V54W,0.801,LPath
V54Y,0.8214,LPath
G55A,0.0994,LBen
G55C,0.2255,LBen
G55D,0.9838,LPath
G55E,0.9758,LPath
G55F,0.7236,LPath
G55H,0.9729,LPath
G55I,0.4042,Amb
G55K,0.9932,LPath
G55L,0.4948,Amb
G55M,0.5423,Amb
G55N,0.9425,LPath
G55P,0.9846,LPath
G55Q,0.9653,LPath
G55R,0.9806,LPath
G55S,0.1287,LBen
G55T,0.1126,LBen
G55V,0.2184,LBen
G55W,0.8303,LPath
G55Y,0.9226,LPath
G56A,0.1341,LBen
G56C,0.3582,Amb
G56D,0.9894,LPath
G56E,0.9827,LPath
G56F,0.841,LPath
G56H,0.9834,LPath
G56I,0.5711,LPath
G56K,0.994,LPath
G56L,0.6411,LPath
G56M,0.662,LPath
G56N,0.9619,LPath
G56P,0.9905,LPath
G56Q,0.9747,LPath
G56R,0.9848,LPath
G56S,0.1778,LBen
G56T,0.1995,LBen
G56V,0.339,LBen
G56W,0.8796,LPath
G56Y,0.9389,LPath
G57A,0.1446,LBen
G57C,0.3117,LBen
G57D,0.987,LPath
G57E,0.9788,LPath
G57F,0.811,LPath
G57H,0.9809,LPath
G57I,0.4758,Amb
G57K,0.9944,LPath
G57L,0.6485,LPath
G57M,0.6255,LPath
G57N,0.941,LPath
G57P,0.9898,LPath
G57Q,0.9713,LPath
G57R,0.9856,LPath
G57S,0.1531,LBen
G57T,0.2004,LBen
G57V,0.2979,LBen
G57W,0.8747,LPath
G57Y,0.9265,LPath
I58A,0.3188,LBen
I58C,0.7239,LPath
I58D,0.9947,LPath
I58E,0.9876,LPath
I58F,0.1452,LBen
I58G,0.7812,LPath
I58H,0.9858,LPath
I58K,0.9861,LPath
I58L,0.1144,LBen
I58M,0.1149,LBen
I58N,0.9571,LPath
I58P,0.9653,LPath
I58Q,0.9792,LPath
I58R,0.9741,LPath
I58S,0.7397,LPath
I58T,0.349,Amb
I58V,0.0647,LBen
I58W,0.8835,LPath
I58Y,0.8559,LPath
G59A,0.191,LBen
G59C,0.4816,Amb
G59D,0.9935,LPath
G59E,0.9882,LPath
G59F,0.8905,LPath
G59H,0.987,LPath
G59I,0.6998,LPath
G59K,0.9947,LPath
G59L,0.7589,LPath
G59M,0.8239,LPath
G59N,0.9819,LPath
G59P,0.9911,LPath
G59Q,0.9799,LPath
G59R,0.981,LPath
G59S,0.2544,LBen
G59T,0.2953,LBen
G59V,0.5052,Amb
G59W,0.9126,LPath
G59Y,0.9658,LPath
G60A,0.2922,LBen
G60C,0.5831,LPath
G60D,0.9934,LPath
G60E,0.9891,LPath
G60F,0.9468,LPath
G60H,0.9912,LPath
G60I,0.8318,LPath
G60K,0.9952,LPath
G60L,0.8704,LPath
G60M,0.8709,LPath
G60N,0.9818,LPath
G60P,0.9965,LPath
G60Q,0.9854,LPath
G60R,0.9888,LPath
G60S,0.3315,LBen
G60T,0.4789,Amb
G60V,0.6614,LPath
G60W,0.948,LPath
G60Y,0.9704,LPath
T61A,0.1639,LBen
T61C,0.7505,LPath
T61D,0.9873,LPath
T61E,0.9785,LPath
T61F,0.8421,LPath
T61G,0.4561,Amb
T61H,0.9319,LPath
T61I,0.7146,LPath
T61K,0.9598,LPath
T61L,0.5446,Amb
T61M,0.29,LBen
T61N,0.771,LPath
T61P,0.7913,LPath
T61Q,0.9205,LPath
T61R,0.9511,LPath
T61S,0.277,LBen
T61V,0.4793,Amb
T61W,0.9693,LPath
T61Y,0.9283,LPath
I62A,0.6495,LPath
I62C,0.8536,LPath
I62D,0.9972,LPath
I62E,0.9943,LPath
I62F,0.2188,LBen
I62G,0.9393,LPath
I62H,0.984,LPath
I62K,0.9899,LPath
I62L,0.1353,LBen
I62M,0.1676,LBen
I62N,0.9646,LPath
I62P,0.9848,LPath
I62Q,0.986,LPath
I62R,0.9807,LPath
I62S,0.8651,LPath
I62T,0.8023,LPath
I62V,0.0758,LBen
I62W,0.9443,LPath
I62Y,0.8375,LPath
L63A,0.4082,Amb
L63C,0.7214,LPath
L63D,0.9966,LPath
L63E,0.98,LPath
L63F,0.1769,LBen
L63G,0.8029,LPath
L63H,0.9188,LPath
L63I,0.1194,LBen
L63K,0.97,LPath
L63M,0.1863,LBen
L63N,0.9749,LPath
L63P,0.9318,LPath
L63Q,0.8855,LPath
L63R,0.9066,LPath
L63S,0.7941,LPath
L63T,0.6073,LPath
L63V,0.1235,LBen
L63W,0.5185,Amb
L63Y,0.76,LPath
Y64A,0.8108,LPath
Y64C,0.4439,Amb
Y64D,0.974,LPath
Y64E,0.9892,LPath
Y64F,0.2104,LBen
Y64G,0.742,LPath
Y64H,0.7007,LPath
Y64I,0.9003,LPath
Y64K,0.968,LPath
Y64L,0.6102,LPath
Y64M,0.8819,LPath
Y64N,0.8743,LPath
Y64P,0.9814,LPath
Y64Q,0.9505,LPath
Y64R,0.9124,LPath
Y64S,0.7005,LPath
Y64T,0.9117,LPath
Y64V,0.7606,LPath
Y64W,0.5729,LPath
A65C,0.8509,LPath
A65D,0.9905,LPath
A65E,0.9828,LPath
A65F,0.9635,LPath
A65G,0.262,LBen
A65H,0.98,LPath
A65I,0.9489,LPath
A65K,0.9927,LPath
A65L,0.847,LPath
A65M,0.8723,LPath
A65N,0.9701,LPath
A65P,0.988,LPath
A65Q,0.9563,LPath
A65R,0.9779,LPath
A65S,0.1334,LBen
A65T,0.4333,Amb
A65V,0.7419,LPath
A65W,0.9916,LPath
A65Y,0.9773,LPath
K66A,0.3701,Amb
K66C,0.7723,LPath
K66D,0.6132,LPath
K66E,0.2473,LBen
K66F,0.8756,LPath
K66G,0.3817,Amb
K66H,0.2442,LBen
K66I,0.7168,LPath
K66L,0.6162,LPath
K66M,0.4514,Amb
K66N,0.3042,LBen
K66P,0.9051,LPath
K66Q,0.1299,LBen
K66R,0.0938,LBen
K66S,0.2554,LBen
K66T,0.2369,LBen
K66V,0.5986,LPath
K66W,0.7732,LPath
K66Y,0.6236,LPath
W67A,0.4554,Amb
W67C,0.7446,LPath
W67D,0.9249,LPath
W67E,0.8833,LPath
W67F,0.26,LBen
W67G,0.3378,LBen
W67H,0.7378,LPath
W67I,0.5007,Amb
W67K,0.8457,LPath
W67L,0.2432,LBen
W67M,0.4187,Amb
W67N,0.8084,LPath
W67P,0.9819,LPath
W67Q,0.8045,LPath
W67R,0.8143,LPath
W67S,0.4216,Amb
W67T,0.4731,Amb
W67V,0.4019,Amb
W67Y,0.359,Amb
D68A,0.423,Amb
D68C,0.9059,LPath
D68E,0.5832,LPath
D68F,0.9231,LPath
D68G,0.398,Amb
D68H,0.5671,LPath
D68I,0.8855,LPath
D68K,0.8143,LPath
D68L,0.8851,LPath
D68M,0.9366,LPath
D68N,0.1528,LBen
D68P,0.9388,LPath
D68Q,0.7102,LPath
D68R,0.8042,LPath
D68S,0.2378,LBen
D68T,0.6984,LPath
D68V,0.6805,LPath
D68W,0.9743,LPath
D68Y,0.5582,Amb
S69A,0.0778,LBen
S69C,0.1405,LBen
S69D,0.2072,LBen
S69E,0.2992,LBen
S69F,0.2007,LBen
S69G,0.0814,LBen
S69H,0.1728,LBen
S69I,0.1783,LBen
S69K,0.3077,LBen
S69L,0.1281,LBen
S69M,0.2431,LBen
S69N,0.1057,LBen
S69P,0.0842,LBen
S69Q,0.255,LBen
S69R,0.24,LBen
S69T,0.0803,LBen
S69V,0.1757,LBen
S69W,0.246,LBen
S69Y,0.1513,LBen
H70A,0.1641,LBen
H70C,0.1873,LBen
H70D,0.1149,LBen
H70E,0.1748,LBen
H70F,0.3471,Amb
H70G,0.158,LBen
H70I,0.284,LBen
H70K,0.1331,LBen
H70L,0.1375,LBen
H70M,0.4656,Amb
H70N,0.0797,LBen
H70P,0.109,LBen
H70Q,0.1104,LBen
H70R,0.0632,LBen
H70S,0.1287,LBen
H70T,0.149,LBen
H70V,0.2005,LBen
H70W,0.3742,Amb
H70Y,0.1116,LBen
F71A,0.9639,LPath
F71C,0.9307,LPath
F71D,0.995,LPath
F71E,0.9948,LPath
F71G,0.9843,LPath
F71H,0.9499,LPath
F71I,0.6727,LPath
F71K,0.9879,LPath
F71L,0.964,LPath
F71M,0.9117,LPath
F71N,0.9807,LPath
F71P,0.9982,LPath
F71Q,0.9778,LPath
F71R,0.9652,LPath
F71S,0.9535,LPath
F71T,0.9494,LPath
F71V,0.6487,LPath
F71W,0.8222,LPath
F71Y,0.5716,LPath
R72A,0.942,LPath
R72C,0.5862,LPath
R72D,0.9933,LPath
R72E,0.879,LPath
R72F,0.9779,LPath
R72G,0.8743,LPath
R72H,0.4273,Amb
R72I,0.9076,LPath
R72K,0.3747,Amb
R72L,0.8406,LPath
R72M,0.9217,LPath
R72N,0.9858,LPath
R72P,0.979,LPath
R72Q,0.2627,LBen
R72S,0.9591,LPath
R72T,0.9263,LPath
R72V,0.9209,LPath
R72W,0.5915,LPath
R72Y,0.9207,LPath
E73A,0.1235,LBen
E73C,0.7983,LPath
E73D,0.117,LBen
E73F,0.7641,LPath
E73G,0.1167,LBen
E73H,0.3175,LBen
E73I,0.457,Amb
E73K,0.0992,LBen
E73L,0.3861,Amb
E73M,0.4634,Amb
E73N,0.1901,LBen
E73P,0.8341,LPath
E73Q,0.0987,LBen
E73R,0.1819,LBen
E73S,0.1555,LBen
E73T,0.1905,LBen
E73V,0.2552,LBen
E73W,0.8457,LPath
E73Y,0.5553,Amb
S74A,0.1247,LBen
S74C,0.2267,LBen
S74D,0.2815,LBen
S74E,0.4481,Amb
S74F,0.4445,Amb
S74G,0.091,LBen
S74H,0.2513,LBen
S74I,0.2462,LBen
S74K,0.4008,Amb
S74L,0.2752,LBen
S74M,0.2415,LBen
S74N,0.0788,LBen
S74P,0.8646,LPath
S74Q,0.3426,Amb
S74R,0.3728,Amb
S74T,0.0839,LBen
S74V,0.2666,LBen
S74W,0.4268,Amb
S74Y,0.2608,LBen
V75A,0.4203,Amb
V75C,0.9287,LPath
V75D,0.9902,LPath
V75E,0.9576,LPath
V75F,0.3718,Amb
V75G,0.8158,LPath
V75H,0.9811,LPath
V75I,0.087,LBen
V75K,0.959,LPath
V75L,0.3806,Amb
V75M,0.229,LBen
V75N,0.9615,LPath
V75P,0.9909,LPath
V75Q,0.9341,LPath
V75R,0.9331,LPath
V75S,0.8112,LPath
V75T,0.5139,Amb
V75W,0.9453,LPath
V75Y,0.931,LPath
E76A,0.4108,Amb
E76C,0.9621,LPath
E76D,0.7689,LPath
E76F,0.9783,LPath
E76G,0.3105,LBen
E76H,0.8983,LPath
E76I,0.8322,LPath
E76K,0.426,Amb
E76L,0.8492,LPath
E76M,0.8272,LPath
E76N,0.7989,LPath
E76P,0.9851,LPath
E76Q,0.2381,LBen
E76R,0.5528,Amb
E76S,0.5487,Amb
E76T,0.6103,LPath
E76V,0.6253,LPath
E76W,0.9896,LPath
E76Y,0.9628,LPath
K77A,0.354,Amb
K77C,0.8097,LPath
K77D,0.3693,Amb
K77E,0.1339,LBen
K77F,0.8793,LPath
K77G,0.3387,LBen
K77H,0.3164,LBen
K77I,0.6014,LPath
K77L,0.5316,Amb
K77M,0.3106,LBen
K77N,0.2312,LBen
K77P,0.9118,LPath
K77Q,0.1281,LBen
K77R,0.1033,LBen
K77S,0.3242,LBen
K77T,0.1862,LBen
K77V,0.5299,Amb
K77W,0.8212,LPath
K77Y,0.6823,LPath
T78A,0.0853,LBen
T78C,0.5547,Amb
T78D,0.4518,Amb
T78E,0.3864,Amb
T78F,0.3461,Amb
T78G,0.2472,LBen
T78H,0.2338,LBen
T78I,0.3745,Amb
T78K,0.2474,LBen
T78L,0.2245,LBen
T78M,0.1322,LBen
T78N,0.1045,LBen
T78P,0.5573,Amb
T78Q,0.2452,LBen
T78R,0.1948,LBen
T78S,0.0994,LBen
T78V,0.2444,LBen
T78W,0.5959,LPath
T78Y,0.2825,LBen
I79A,0.8249,LPath
I79C,0.922,LPath
I79D,0.993,LPath
I79E,0.9892,LPath
I79F,0.2778,LBen
I79G,0.9735,LPath
I79H,0.9582,LPath
I79K,0.9697,LPath
I79L,0.1772,LBen
I79M,0.2429,LBen
I79N,0.9211,LPath
I79P,0.9737,LPath
I79Q,0.9735,LPath
I79R,0.949,LPath
I79S,0.877,LPath
I79T,0.8668,LPath
I79V,0.0792,LBen
I79W,0.9073,LPath
I79Y,0.8308,LPath
P80A,0.5074,Amb
P80C,0.9461,LPath
P80D,0.952,LPath
P80E,0.9029,LPath
P80F,0.9315,LPath
P80G,0.846,LPath
P80H,0.6853,LPath
P80I,0.8841,LPath
P80K,0.8498,LPath
P80L,0.6305,LPath
P80M,0.9277,LPath
P80N,0.9472,LPath
P80Q,0.7474,LPath
P80R,0.5848,LPath
P80S,0.6812,LPath
P80T,0.6233,LPath
P80V,0.8122,LPath
P80W,0.9242,LPath
P80Y,0.8967,LPath
Y81A,0.5098,Amb
Y81C,0.1822,LBen
Y81D,0.6655,LPath
Y81E,0.891,LPath
Y81F,0.0982,LBen
Y81G,0.3874,Amb
Y81H,0.3189,LBen
Y81I,0.6474,LPath
Y81K,0.8618,LPath
Y81L,0.5625,Amb
Y81M,0.7232,LPath
Y81N,0.4688,Amb
Y81P,0.8631,LPath
Y81Q,0.7283,LPath
Y81R,0.7098,LPath
Y81S,0.3024,LBen
Y81T,0.6814,LPath
Y81V,0.476,Amb
Y81W,0.3347,LBen
S82A,0.1162,LBen
S82C,0.2919,LBen
S82D,0.9747,LPath
S82E,0.9725,LPath
S82F,0.8357,LPath
S82G,0.1533,LBen
S82H,0.9378,LPath
S82I,0.7298,LPath
S82K,0.9898,LPath
S82L,0.4277,Amb
S82M,0.5665,LPath
S82N,0.885,LPath
S82P,0.8839,LPath
S82Q,0.9548,LPath
S82R,0.9825,LPath
S82T,0.1144,LBen
S82V,0.5445,Amb
S82W,0.8654,LPath
S82Y,0.841,LPath
D83A,0.1695,LBen
D83C,0.5885,LPath
D83E,0.1011,LBen
D83F,0.6973,LPath
D83G,0.1088,LBen
D83H,0.1869,LBen
D83I,0.5044,Amb
D83K,0.2218,LBen
D83L,0.4889,Amb
D83M,0.6831,LPath
D83N,0.0931,LBen
D83P,0.5539,Amb
D83Q,0.196,LBen
D83R,0.2517,LBen
D83S,0.1021,LBen
D83T,0.2352,LBen
D83V,0.2911,LBen
D83W,0.8405,LPath
D83Y,0.2763,LBen
K84A,0.2884,LBen
K84C,0.7026,LPath
K84D,0.3684,Amb
K84E,0.1432,LBen
K84F,0.6556,LPath
K84G,0.3334,LBen
K84H,0.2015,LBen
K84I,0.36,Amb
K84L,0.3247,LBen
K84M,0.2323,LBen
K84N,0.2735,LBen
K84P,0.6893,LPath
K84Q,0.1067,LBen
K84R,0.0818,LBen
K84S,0.2613,LBen
K84T,0.1288,LBen
K84V,0.31,LBen
K84W,0.608,LPath
K84Y,0.4563,Amb
L85A,0.3461,Amb
L85C,0.6405,LPath
L85D,0.9843,LPath
L85E,0.9573,LPath
L85F,0.1481,LBen
L85G,0.7405,LPath
L85H,0.8906,LPath
L85I,0.0744,LBen
L85K,0.9535,LPath
L85M,0.1413,LBen
L85N,0.9415,LPath
L85P,0.7856,LPath
L85Q,0.8794,LPath
L85R,0.8934,LPath
L85S,0.7819,LPath
L85T,0.5538,Amb
L85V,0.059,LBen
L85W,0.4455,Amb
L85Y,0.6449,LPath
F86A,0.8104,LPath
F86C,0.7724,LPath
F86D,0.9819,LPath
F86E,0.9747,LPath
F86G,0.9,LPath
F86H,0.9194,LPath
F86I,0.518,Amb
F86K,0.9762,LPath
F86L,0.7306,LPath
F86M,0.622,LPath
F86N,0.95,LPath
F86P,0.9851,LPath
F86Q,0.9488,LPath
F86R,0.9427,LPath
F86S,0.77,LPath
F86T,0.7827,LPath
F86V,0.5232,Amb
F86W,0.5729,LPath
F86Y,0.4446,Amb
E87A,0.1635,LBen
E87C,0.7987,LPath
E87D,0.1002,LBen
E87F,0.8118,LPath
E87G,0.0928,LBen
E87H,0.3059,LBen
E87I,0.6477,LPath
E87K,0.1604,LBen
E87L,0.5165,Amb
E87M,0.6072,LPath
E87N,0.1619,LBen
E87P,0.7199,LPath
E87Q,0.1113,LBen
E87R,0.2214,LBen
E87S,0.1304,LBen
E87T,0.237,LBen
E87V,0.4125,Amb
E87W,0.8548,LPath
E87Y,0.5807,LPath
M88A,0.2456,LBen
M88C,0.7747,LPath
M88D,0.7888,LPath
M88E,0.5796,LPath
M88F,0.2403,LBen
M88G,0.4925,Amb
M88H,0.5117,Amb
M88I,0.2055,LBen
M88K,0.2769,LBen
M88L,0.1006,LBen
M88N,0.4813,Amb
M88P,0.8231,LPath
M88Q,0.3926,Amb
M88R,0.2956,LBen
M88S,0.3538,Amb
M88T,0.1836,LBen
M88V,0.0826,LBen
M88W,0.4667,Amb
M88Y,0.4557,Amb
V89A,0.1344,LBen
V89C,0.7247,LPath
V89D,0.8667,LPath
V89E,0.8049,LPath
V89F,0.1124,LBen
V89G,0.2546,LBen
V89H,0.873,LPath
V89I,0.0922,LBen
V89K,0.8702,LPath
V89L,0.1566,LBen
V89M,0.1416,LBen
V89N,0.7013,LPath
V89P,0.8427,LPath
V89Q,0.7865,LPath
V89R,0.8387,LPath
V89S,0.331,LBen
V89T,0.2266,LBen
V89W,0.7937,LPath
V89Y,0.6613,LPath
L90A,0.428,Amb
L90C,0.7044,LPath
L90D,0.9483,LPath
L90E,0.8169,LPath
L90F,0.1677,LBen
L90G,0.758,LPath
L90H,0.6027,LPath
L90I,0.1431,LBen
L90K,0.7838,LPath
L90M,0.1742,LBen
L90N,0.8387,LPath
L90P,0.7612,LPath
L90Q,0.5527,Amb
L90R,0.6033,LPath
L90S,0.5622,Amb
L90T,0.3568,Amb
L90V,0.1605,LBen
L90W,0.3111,LBen
L90Y,0.6497,LPath
G91A,0.4193,Amb
G91C,0.71,LPath
G91D,0.6291,LPath
G91E,0.6592,LPath
G91F,0.8517,LPath
G91H,0.7979,LPath
G91I,0.7433,LPath
G91K,0.8173,LPath
G91L,0.7462,LPath
G91M,0.8548,LPath
G91N,0.7574,LPath
G91P,0.8613,LPath
G91Q,0.7158,LPath
G91R,0.7663,LPath
G91S,0.3177,LBen
G91T,0.6109,LPath
G91V,0.6399,LPath
G91W,0.8018,LPath
G91Y,0.8096,LPath
P92A,0.0817,LBen
P92C,0.2611,LBen
P92D,0.1981,LBen
P92E,0.1731,LBen
P92F,0.3356,LBen
P92G,0.1473,LBen
P92H,0.1202,LBen
P92I,0.3013,LBen
P92K,0.1782,LBen
P92L,0.1644,LBen
P92M,0.286,LBen
P92N,0.1495,LBen
P92Q,0.1245,LBen
P92R,0.131,LBen
P92S,0.0698,LBen
P92T,0.0762,LBen
P92V,0.2086,LBen
P92W,0.3865,Amb
P92Y,0.243,LBen
A93C,0.3869,Amb
A93D,0.1667,LBen
A93E,0.1472,LBen
A93F,0.2717,LBen
A93G,0.1111,LBen
A93H,0.2699,LBen
A93I,0.1722,LBen
A93K,0.2141,LBen
A93L,0.1423,LBen
A93M,0.1939,LBen
A93N,0.181,LBen
A93P,0.0743,LBen
A93Q,0.1804,LBen
A93R,0.1981,LBen
A93S,0.0814,LBen
A93T,0.0744,LBen
A93V,0.0917,LBen
A93W,0.5521,Amb
A93Y,0.3361,LBen
A94C,0.2691,LBen
A94D,0.1222,LBen
A94E,0.1182,LBen
A94F,0.1855,LBen
A94G,0.0956,LBen
A94H,0.1717,LBen
A94I,0.1274,LBen
A94K,0.1628,LBen
A94L,0.1015,LBen
A94M,0.1561,LBen
A94N,0.1226,LBen
A94P,0.052,LBen
A94Q,0.1254,LBen
A94R,0.1408,LBen
A94S,0.0681,LBen
A94T,0.0654,LBen
A94V,0.0811,LBen
A94W,0.3774,Amb
A94Y,0.2314,LBen
Y95A,0.1214,LBen
Y95C,0.0674,LBen
Y95D,0.0895,LBen
Y95E,0.2059,LBen
Y95F,0.1086,LBen
Y95G,0.1116,LBen
Y95H,0.0984,LBen
Y95I,0.2145,LBen
Y95K,0.2101,LBen
Y95L,0.2262,LBen
Y95M,0.3353,LBen
Y95N,0.0773,LBen
Y95P,0.1582,LBen
Y95Q,0.1622,LBen
Y95R,0.1478,LBen
Y95S,0.0654,LBen
Y95T,0.1157,LBen
Y95V,0.1426,LBen
Y95W,0.2572,LBen
N96A,0.0772,LBen
N96C,0.1324,LBen
N96D,0.0718,LBen
N96E,0.1439,LBen
N96F,0.2658,LBen
N96G,0.1121,LBen
N96H,0.0658,LBen
N96I,0.1141,LBen
N96K,0.1197,LBen
N96L,0.1312,LBen
N96M,0.1898,LBen
N96P,0.1154,LBen
N96Q,0.1392,LBen
N96R,0.1205,LBen
N96S,0.0535,LBen
N96T,0.06,LBen
N96V,0.1022,LBen
N96W,0.4303,Amb
N96Y,0.1047,LBen
V97A,0.0951,LBen
V97C,0.4687,Amb
V97D,0.1415,LBen
V97E,0.1545,LBen
V97F,0.0936,LBen
V97G,0.1099,LBen
V97H,0.2342,LBen
V97I,0.0703,LBen
V97K,0.1527,LBen
V97L,0.0961,LBen
V97M,0.0993,LBen
V97N,0.1189,LBen
V97P,0.1545,LBen
V97Q,0.1594,LBen
V97R,0.1497,LBen
V97S,0.1039,LBen
V97T,0.104,LBen
V97W,0.4781,Amb
V97Y,0.2508,LBen
P98A,0.0721,LBen
P98C,0.3155,LBen
P98D,0.2399,LBen
P98E,0.1785,LBen
P98F,0.2623,LBen
P98G,0.1907,LBen
P98H,0.1049,LBen
P98I,0.1758,LBen
P98K,0.1883,LBen
P98L,0.101,LBen
P98M,0.227,LBen
P98N,0.1864,LBen
P98Q,0.0998,LBen
P98R,0.1147,LBen
P98S,0.0761,LBen
P98T,0.0703,LBen
P98V,0.1289,LBen
P98W,0.3898,Amb
P98Y,0.2546,LBen
L99A,0.1034,LBen
L99C,0.2996,LBen
L99D,0.2981,LBen
L99E,0.1511,LBen
L99F,0.0747,LBen
L99G,0.2096,LBen
L99H,0.1019,LBen
L99I,0.0709,LBen
L99K,0.1246,LBen
L99M,0.0848,LBen
L99N,0.1787,LBen
L99P,0.0853,LBen
L99Q,0.0789,LBen
L99R,0.0925,LBen
L99S,0.0962,LBen
L99T,0.1045,LBen
L99V,0.0657,LBen
L99W,0.1298,LBen
L99Y,0.1669,LBen
P100A,0.0813,LBen
P100C,0.3601,Amb
P100D,0.2873,LBen
P100E,0.1565,LBen
P100F,0.3335,LBen
P100G,0.1963,LBen
P100H,0.1164,LBen
P100I,0.2184,LBen
P100K,0.1679,LBen
P100L,0.1098,LBen
P100M,0.2529,LBen
P100N,0.2195,LBen
P100Q,0.091,LBen
P100R,0.1139,LBen
P100S,0.0921,LBen
P100T,0.0836,LBen
P100V,0.1553,LBen
P100W,0.3733,Amb
P100Y,0.2822,LBen
K101A,0.2468,LBen
K101C,0.72,LPath
K101D,0.4167,Amb
K101E,0.1108,LBen
K101F,0.7565,LPath
K101G,0.2544,LBen
K101H,0.3307,LBen
K101I,0.368,Amb
K101L,0.351,Amb
K101M,0.283,LBen
K101N,0.3571,Amb
K101P,0.2839,LBen
K101Q,0.1046,LBen
K101R,0.0806,LBen
K101S,0.2865,LBen
K101T,0.1723,LBen
K101V,0.2984,LBen
K101W,0.7549,LPath
K101Y,0.6347,LPath
K102A,0.2084,LBen
K102C,0.6411,LPath
K102D,0.2917,LBen
K102E,0.1196,LBen
K102F,0.6059,LPath
K102G,0.2414,LBen
K102H,0.2254,LBen
K102I,0.2378,LBen
K102L,0.2761,LBen
K102M,0.1951,LBen
K102N,0.1842,LBen
K102P,0.2373,LBen
K102Q,0.1027,LBen
K102R,0.088,LBen
K102S,0.2192,LBen
K102T,0.1124,LBen
K102V,0.2309,LBen
K102W,0.7032,LPath
K102Y,0.4406,Amb
S103A,0.0619,LBen
S103C,0.1075,LBen
S103D,0.1769,LBen
S103E,0.1771,LBen
S103F,0.1418,LBen
S103G,0.1019,LBen
S103H,0.1241,LBen
S103I,0.1053,LBen
S103K,0.2329,LBen
S103L,0.0915,LBen
S103M,0.1416,LBen
S103N,0.0921,LBen
S103P,0.0491,LBen
S103Q,0.1503,LBen
S103R,0.2047,LBen
S103T,0.061,LBen
S103V,0.0966,LBen
S103W,0.1808,LBen
S103Y,0.1039,LBen
I104A,0.1053,LBen
I104C,0.3595,Amb
I104D,0.2018,LBen
I104E,0.1763,LBen
I104F,0.0729,LBen
I104G,0.1969,LBen
I104H,0.1651,LBen
I104K,0.1274,LBen
I104L,0.0727,LBen
I104M,0.0769,LBen
I104N,0.0907,LBen
I104P,0.1412,LBen
I104Q,0.1388,LBen
I104R,0.0982,LBen
I104S,0.0901,LBen
I104T,0.0833,LBen
I104V,0.063,LBen
I104W,0.3881,Amb
I104Y,0.2113,LBen
Q105A,0.0979,LBen
Q105C,0.374,Amb
Q105D,0.1505,LBen
Q105E,0.0623,LBen
Q105F,0.4172,Amb
Q105G,0.1302,LBen
Q105H,0.1063,LBen
Q105I,0.1985,LBen
Q105K,0.0727,LBen
Q105L,0.1059,LBen
Q105M,0.2507,LBen
Q105N,0.1558,LBen
Q105P,0.0569,LBen
Q105R,0.0775,LBen
Q105S,0.1055,LBen
Q105T,0.0933,LBen
Q105V,0.1317,LBen
Q105W,0.3076,LBen
Q105Y,0.25,LBen
S106A,0.0645,LBen
S106C,0.103,LBen
S106D,0.1811,LBen
S106E,0.2028,LBen
S106F,0.1437,LBen
S106G,0.0848,LBen
S106H,0.1656,LBen
S106I,0.1215,LBen
S106K,0.2718,LBen
S106L,0.0929,LBen
S106M,0.1642,LBen
S106N,0.1036,LBen
S106P,0.0653,LBen
S106Q,0.2202,LBen
S106R,0.251,LBen
S106T,0.0675,LBen
S106V,0.1149,LBen
S106W,0.178,LBen
S106Y,0.1091,LBen
G107A,0.0906,LBen
G107C,0.182,LBen
G107D,0.1391,LBen
G107E,0.116,LBen
G107F,0.3235,LBen
G107H,0.221,LBen
G107I,0.1447,LBen
G107K,0.21,LBen
G107L,0.2233,LBen
G107M,0.2768,LBen
G107N,0.2028,LBen
G107P,0.323,LBen
G107Q,0.1754,LBen
G107R,0.1647,LBen
G107S,0.0855,LBen
G107T,0.1032,LBen
G107V,0.1016,LBen
G107W,0.2804,LBen
G107Y,0.2568,LBen
P108A,0.0785,LBen
P108C,0.3808,Amb
P108D,0.2971,LBen
P108E,0.2023,LBen
P108F,0.3266,LBen
P108G,0.2464,LBen
P108H,0.1318,LBen
P108I,0.2182,LBen
P108K,0.2065,LBen
P108L,0.1118,LBen
P108M,0.2681,LBen
P108N,0.2348,LBen
P108Q,0.1236,LBen
P108R,0.1326,LBen
P108S,0.1024,LBen
P108T,0.0866,LBen
P108V,0.1612,LBen
P108W,0.4997,Amb
P108Y,0.3232,LBen
L109A,0.2543,LBen
L109C,0.545,Amb
L109D,0.7104,LPath
L109E,0.3534,Amb
L109F,0.1618,LBen
L109G,0.4689,Amb
L109H,0.2951,LBen
L109I,0.1207,LBen
L109K,0.3075,LBen
L109M,0.1235,LBen
L109N,0.5121,Amb
L109P,0.1907,LBen
L109Q,0.1704,LBen
L109R,0.2092,LBen
L109S,0.2828,LBen
L109T,0.2819,LBen
L109V,0.1009,LBen
L109W,0.2339,LBen
L109Y,0.4071,Amb
K110A,0.2264,LBen
K110C,0.6054,LPath
K110D,0.3807,Amb
K110E,0.1135,LBen
K110F,0.6545,LPath
K110G,0.3233,LBen
K110H,0.2211,LBen
K110I,0.2531,LBen
K110L,0.2534,LBen
K110M,0.1613,LBen
K110N,0.2402,LBen
K110P,0.336,LBen
K110Q,0.0914,LBen
K110R,0.0933,LBen
K110S,0.2544,LBen
K110T,0.1116,LBen
K110V,0.2299,LBen
K110W,0.6905,LPath
K110Y,0.512,Amb
I111A,0.7656,LPath
I111C,0.9011,LPath
I111D,0.8274,LPath
I111E,0.8367,LPath
I111F,0.2028,LBen
I111G,0.8714,LPath
I111H,0.7544,LPath
I111K,0.7181,LPath
I111L,0.2334,LBen
I111M,0.1902,LBen
I111N,0.5005,Amb
I111P,0.7281,LPath
I111Q,0.7797,LPath
I111R,0.6714,LPath
I111S,0.6656,LPath
I111T,0.7872,LPath
I111V,0.2267,LBen
I111W,0.8063,LPath
I111Y,0.5421,Amb
S112A,0.0914,LBen
S112C,0.1931,LBen
S112D,0.5597,Amb
S112E,0.6347,LPath
S112F,0.2539,LBen
S112G,0.1859,LBen
S112H,0.4864,Amb
S112I,0.2994,LBen
S112K,0.7908,LPath
S112L,0.1419,LBen
S112M,0.3275,LBen
S112N,0.3971,Amb
S112P,0.1256,LBen
S112Q,0.6335,LPath
S112R,0.7366,LPath
S112T,0.0982,LBen
S112V,0.2549,LBen
S112W,0.3917,Amb
S112Y,0.2381,LBen
S113A,0.0824,LBen
S113C,0.1809,LBen
S113D,0.4516,Amb
S113E,0.5819,LPath
S113F,0.2704,LBen
S113G,0.1174,LBen
S113H,0.4743,Amb
S113I,0.2674,LBen
S113K,0.7287,LPath
S113L,0.1289,LBen
S113M,0.2557,LBen
S113N,0.2587,LBen
S113P,0.1452,LBen
S113Q,0.6472,LPath
S113R,0.6853,LPath
S113T,0.0783,LBen
S113V,0.2112,LBen
S113W,0.4298,Amb
S113Y,0.2616,LBen
V114A,0.1091,LBen
V114C,0.5617,Amb
V114D,0.1606,LBen
V114E,0.1607,LBen
V114F,0.103,LBen
V114G,0.1246,LBen
V114H,0.338,LBen
V114I,0.0747,LBen
V114K,0.2355,LBen
V114L,0.134,LBen
V114M,0.0982,LBen
V114N,0.1606,LBen
V114P,0.2333,LBen
V114Q,0.2128,LBen
V114R,0.2364,LBen
V114S,0.1256,LBen
V114T,0.1347,LBen
V114W,0.549,Amb
V114Y,0.3404,Amb
S115A,0.0593,LBen
S115C,0.1316,LBen
S115D,0.2548,LBen
S115E,0.2526,LBen
S115F,0.1965,LBen
S115G,0.1019,LBen
S115H,0.2912,LBen
S115I,0.1748,LBen
S115K,0.4244,Amb
S115L,0.0959,LBen
S115M,0.1869,LBen
S115N,0.1733,LBen
S115P,0.0827,LBen
S115Q,0.3255,LBen
S115R,0.42,Amb
S115T,0.0689,LBen
S115V,0.141,LBen
S115W,0.2542,LBen
S115Y,0.173,LBen
E116A,0.1385,LBen
E116C,0.8284,LPath
E116D,0.1103,LBen
E116F,0.7193,LPath
E116G,0.1392,LBen
E116H,0.4078,Amb
E116I,0.3919,Amb
E116K,0.1337,LBen
E116L,0.4005,Amb
E116M,0.4671,Amb
E116N,0.2509,LBen
E116P,0.3922,Amb
E116Q,0.1594,LBen
E116R,0.2463,LBen
E116S,0.1924,LBen
E116T,0.2081,LBen
E116V,0.2105,LBen
E116W,0.8604,LPath
E116Y,0.6119,LPath
V117A,0.1086,LBen
V117C,0.7123,LPath
V117D,0.1453,LBen
V117E,0.156,LBen
V117F,0.1438,LBen
V117G,0.1082,LBen
V117H,0.4594,Amb
V117I,0.0915,LBen
V117K,0.2505,LBen
V117L,0.2194,LBen
V117M,0.1314,LBen
V117N,0.1667,LBen
V117P,0.2855,LBen
V117Q,0.2614,LBen
V117R,0.2966,LBen
V117S,0.1557,LBen
V117T,0.1545,LBen
V117W,0.6898,LPath
V117Y,0.4448,Amb
M118A,0.2054,LBen
M118C,0.6364,LPath
M118D,0.4982,Amb
M118E,0.2319,LBen
M118F,0.2705,LBen
M118G,0.3165,LBen
M118H,0.3435,Amb
M118I,0.24,LBen
M118K,0.0898,LBen
M118L,0.108,LBen
M118N,0.31,LBen
M118P,0.2999,LBen
M118Q,0.1424,LBen
M118R,0.1058,LBen
M118S,0.2184,LBen
M118T,0.1176,LBen
M118V,0.0852,LBen
M118W,0.4071,Amb
M118Y,0.4377,Amb
K119A,0.1886,LBen
K119C,0.6542,LPath
K119D,0.3008,LBen
K119E,0.0917,LBen
K119F,0.6489,LPath
K119G,0.2215,LBen
K119H,0.2662,LBen
K119I,0.2606,LBen
K119L,0.2422,LBen
K119M,0.1785,LBen
K119N,0.2302,LBen
K119P,0.2915,LBen
K119Q,0.1031,LBen
K119R,0.0917,LBen
K119S,0.2475,LBen
K119T,0.1243,LBen
K119V,0.2302,LBen
K119W,0.6478,LPath
K119Y,0.5125,Amb
E120A,0.0927,LBen
E120C,0.6069,LPath
E120D,0.0561,LBen
E120F,0.4498,Amb
E120G,0.0748,LBen
E120H,0.2735,LBen
E120I,0.2044,LBen
E120K,0.1252,LBen
E120L,0.2332,LBen
E120M,0.3368,LBen
E120N,0.1177,LBen
E120P,0.2113,LBen
E120Q,0.126,LBen
E120R,0.2134,LBen
E120S,0.1165,LBen
E120T,0.13,LBen
E120V,0.1143,LBen
E120W,0.6919,LPath
E120Y,0.3067,LBen
S121A,0.0783,LBen
S121C,0.1564,LBen
S121D,0.2877,LBen
S121E,0.315,LBen
S121F,0.1773,LBen
S121G,0.126,LBen
S121H,0.3041,LBen
S121I,0.2104,LBen
S121K,0.4668,Amb
S121L,0.1419,LBen
S121M,0.2222,LBen
S121N,0.178,LBen
S121P,0.0988,LBen
S121Q,0.3749,Amb
S121R,0.494,Amb
S121T,0.0841,LBen
S121V,0.1739,LBen
S121W,0.2582,LBen
S121Y,0.1491,LBen
K122A,0.1904,LBen
K122C,0.5906,LPath
K122D,0.3539,Amb
K122E,0.1085,LBen
K122F,0.5734,LPath
K122G,0.2275,LBen
K122H,0.2394,LBen
K122I,0.227,LBen
K122L,0.243,LBen
K122M,0.2044,LBen
K122N,0.279,LBen
K122P,0.287,LBen
K122Q,0.0995,LBen
K122R,0.0778,LBen
K122S,0.2189,LBen
K122T,0.1268,LBen
K122V,0.2046,LBen
K122W,0.6077,LPath
K122Y,0.468,Amb
Q123A,0.1043,LBen
Q123C,0.3777,Amb
Q123D,0.217,LBen
Q123E,0.0756,LBen
Q123F,0.3056,LBen
Q123G,0.1462,LBen
Q123H,0.1277,LBen
Q123I,0.127,LBen
Q123K,0.0755,LBen
Q123L,0.0614,LBen
Q123M,0.1523,LBen
Q123N,0.1751,LBen
Q123P,0.0708,LBen
Q123R,0.0987,LBen
Q123S,0.1325,LBen
Q123T,0.1072,LBen
Q123V,0.1003,LBen
Q123W,0.2701,LBen
Q123Y,0.2193,LBen
P124A,0.0655,LBen
P124C,0.3574,Amb
P124D,0.2278,LBen
P124E,0.1483,LBen
P124F,0.2874,LBen
P124G,0.1801,LBen
P124H,0.1186,LBen
P124I,0.1746,LBen
P124K,0.1467,LBen
P124L,0.0948,LBen
P124M,0.2131,LBen
P124N,0.1884,LBen
P124Q,0.1046,LBen
P124R,0.1163,LBen
P124S,0.0926,LBen
P124T,0.0701,LBen
P124V,0.1269,LBen
P124W,0.4026,Amb
P124Y,0.2772,LBen
A125C,0.299,LBen
A125D,0.1225,LBen
A125E,0.1204,LBen
A125F,0.1605,LBen
A125G,0.0907,LBen
A125H,0.2004,LBen
A125I,0.1032,LBen
A125K,0.1515,LBen
A125L,0.098,LBen
A125M,0.1378,LBen
A125N,0.1252,LBen
A125P,0.0821,LBen
A125Q,0.1512,LBen
A125R,0.1582,LBen
A125S,0.076,LBen
A125T,0.0669,LBen
A125V,0.0711,LBen
A125W,0.4244,Amb
A125Y,0.2237,LBen
S126A,0.0553,LBen
S126C,0.0947,LBen
S126D,0.1615,LBen
S126E,0.1788,LBen
S126F,0.1012,LBen
S126G,0.077,LBen
S126H,0.16,LBen
S126I,0.086,LBen
S126K,0.2181,LBen
S126L,0.0735,LBen
S126M,0.131,LBen
S126N,0.1016,LBen
S126P,0.066,LBen
S126Q,0.1969,LBen
S126R,0.2151,LBen
S126T,0.0643,LBen
S126V,0.0823,LBen
S126W,0.168,LBen
S126Y,0.1001,LBen
Q127A,0.0931,LBen
Q127C,0.2757,LBen
Q127D,0.1386,LBen
Q127E,0.0689,LBen
Q127F,0.287,LBen
Q127G,0.1145,LBen
Q127H,0.0826,LBen
Q127I,0.1507,LBen
Q127K,0.0636,LBen
Q127L,0.0814,LBen
Q127M,0.1858,LBen
Q127N,0.123,LBen
Q127P,0.0608,LBen
Q127R,0.0732,LBen
Q127S,0.0956,LBen
Q127T,0.0892,LBen
Q127V,0.1094,LBen
Q127W,0.2185,LBen
Q127Y,0.1702,LBen
L128A,0.0742,LBen
L128C,0.2043,LBen
L128D,0.1609,LBen
L128E,0.1001,LBen
L128F,0.0705,LBen
L128G,0.1297,LBen
L128H,0.0738,LBen
L128I,0.0647,LBen
L128K,0.0794,LBen
L128M,0.0778,LBen
L128N,0.1022,LBen
L128P,0.0525,LBen
L128Q,0.0582,LBen
L128R,0.0685,LBen
L128S,0.0669,LBen
L128T,0.0711,LBen
L128V,0.0615,LBen
L128W,0.0982,LBen
L128Y,0.1311,LBen
Q129A,0.1251,LBen
Q129C,0.3883,Amb
Q129D,0.1967,LBen
Q129E,0.0735,LBen
Q129F,0.4579,Amb
Q129G,0.1321,LBen
Q129H,0.1351,LBen
Q129I,0.2314,LBen
Q129K,0.0785,LBen
Q129L,0.1025,LBen
Q129M,0.2627,LBen
Q129N,0.1886,LBen
Q129P,0.0647,LBen
Q129R,0.0851,LBen
Q129S,0.1386,LBen
Q129T,0.1315,LBen
Q129V,0.1557,LBen
Q129W,0.2785,LBen
Q129Y,0.301,LBen
K130A,0.1584,LBen
K130C,0.5216,Amb
K130D,0.2461,LBen
K130E,0.0879,LBen
K130F,0.4316,Amb
K130G,0.187,LBen
K130H,0.1945,LBen
K130I,0.1605,LBen
K130L,0.1593,LBen
K130M,0.1241,LBen
K130N,0.1648,LBen
K130P,0.2054,LBen
K130Q,0.0854,LBen
K130R,0.0877,LBen
K130S,0.173,LBen
K130T,0.0946,LBen
K130V,0.1624,LBen
K130W,0.5328,Amb
K130Y,0.3544,Amb
Q131A,0.099,LBen
Q131C,0.3186,LBen
Q131D,0.1388,LBen
Q131E,0.0646,LBen
Q131F,0.3726,Amb
Q131G,0.1052,LBen
Q131H,0.1026,LBen
Q131I,0.1818,LBen
Q131K,0.0694,LBen
Q131L,0.094,LBen
Q131M,0.2063,LBen
Q131N,0.1281,LBen
Q131P,0.0634,LBen
Q131R,0.0798,LBen
Q131S,0.1075,LBen
Q131T,0.0941,LBen
Q131V,0.1249,LBen
Q131W,0.2527,LBen
Q131Y,0.2244,LBen
K132A,0.1114,LBen
K132C,0.4697,Amb
K132D,0.1775,LBen
K132E,0.0714,LBen
K132F,0.4318,Amb
K132G,0.1521,LBen
K132H,0.1742,LBen
K132I,0.1526,LBen
K132L,0.1633,LBen
K132M,0.126,LBen
K132N,0.1207,LBen
K132P,0.1699,LBen
K132Q,0.0835,LBen
K132R,0.083,LBen
K132S,0.1295,LBen
K132T,0.0752,LBen
K132V,0.1451,LBen
K132W,0.5327,Amb
K132Y,0.3431,Amb
G133A,0.0796,LBen
G133C,0.167,LBen
G133D,0.0894,LBen
G133E,0.0762,LBen
G133F,0.3373,LBen
G133H,0.1885,LBen
G133I,0.1303,LBen
G133K,0.1312,LBen
G133L,0.2031,LBen
G133M,0.2275,LBen
G133N,0.1501,LBen
G133P,0.2574,LBen
G133Q,0.1276,LBen
G133R,0.1143,LBen
G133S,0.0859,LBen
G133T,0.0855,LBen
G133V,0.0891,LBen
G133W,0.2061,LBen
G133Y,0.2231,LBen
D134A,0.0892,LBen
D134C,0.2872,LBen
D134E,0.0897,LBen
D134F,0.2608,LBen
D134G,0.0769,LBen
D134H,0.1323,LBen
D134I,0.1435,LBen
D134K,0.1522,LBen
D134L,0.181,LBen
D134M,0.316,LBen
D134N,0.0751,LBen
D134P,0.2506,LBen
D134Q,0.1522,LBen
D134R,0.1706,LBen
D134S,0.0849,LBen
D134T,0.1176,LBen
D134V,0.0958,LBen
D134W,0.6068,LPath
D134Y,0.1193,LBen
T135A,0.0626,LBen
T135C,0.2782,LBen
T135D,0.1633,LBen
T135E,0.1515,LBen
T135F,0.1306,LBen
T135G,0.1418,LBen
T135H,0.1425,LBen
T135I,0.0819,LBen
T135K,0.1074,LBen
T135L,0.0747,LBen
T135M,0.0854,LBen
T135N,0.0863,LBen
T135P,0.0811,LBen
T135Q,0.1379,LBen
T135R,0.1077,LBen
T135S,0.084,LBen
T135V,0.0828,LBen
T135W,0.378,Amb
T135Y,0.165,LBen
P136A,0.0488,LBen
P136C,0.2313,LBen
P136D,0.1694,LBen
P136E,0.1269,LBen
P136F,0.2064,LBen
P136G,0.1336,LBen
P136H,0.0935,LBen
P136I,0.1256,LBen
P136K,0.1261,LBen
P136L,0.0752,LBen
P136M,0.1652,LBen
P136N,0.1453,LBen
P136Q,0.0871,LBen
P136R,0.0919,LBen
P136S,0.0669,LBen
P136T,0.0535,LBen
P136V,0.0916,LBen
P136W,0.3081,LBen
P136Y,0.1988,LBen
A137C,0.3122,LBen
A137D,0.1186,LBen
A137E,0.1164,LBen
A137F,0.1734,LBen
A137G,0.0938,LBen
A137H,0.2141,LBen
A137I,0.1199,LBen
A137K,0.1728,LBen
A137L,0.1026,LBen
A137M,0.1541,LBen
A137N,0.1393,LBen
A137P,0.0739,LBen
A137Q,0.154,LBen
A137R,0.1715,LBen
A137S,0.0778,LBen
A137T,0.0677,LBen
A137V,0.078,LBen
A137W,0.4309,Amb
A137Y,0.2366,LBen
S138A,0.0543,LBen
S138C,0.1052,LBen
S138D,0.1943,LBen
S138E,0.2184,LBen
S138F,0.1114,LBen
S138G,0.0764,LBen
S138H,0.2001,LBen
S138I,0.1042,LBen
S138K,0.2942,LBen
S138L,0.0771,LBen
S138M,0.1583,LBen
S138N,0.1173,LBen
S138P,0.0663,LBen
S138Q,0.2557,LBen
S138R,0.2676,LBen
S138T,0.0631,LBen
S138V,0.0956,LBen
S138W,0.1985,LBen
S138Y,0.1202,LBen
A139C,0.2719,LBen
A139D,0.1102,LBen
A139E,0.1145,LBen
A139F,0.1829,LBen
A139G,0.084,LBen
A139H,0.2155,LBen
A139I,0.1279,LBen
A139K,0.1658,LBen
A139L,0.107,LBen
A139M,0.1409,LBen
A139N,0.1186,LBen
A139P,0.0831,LBen
A139Q,0.1586,LBen
A139R,0.1681,LBen
A139S,0.0731,LBen
A139T,0.0631,LBen
A139V,0.0838,LBen
A139W,0.3803,Amb
A139Y,0.2216,LBen
T140A,0.0572,LBen
T140C,0.3161,LBen
T140D,0.1668,LBen
T140E,0.1289,LBen
T140F,0.168,LBen
T140G,0.1213,LBen
T140H,0.1529,LBen
T140I,0.1075,LBen
T140K,0.107,LBen
T140L,0.0914,LBen
T140M,0.0915,LBen
T140N,0.1002,LBen
T140P,0.0688,LBen
T140Q,0.1262,LBen
T140R,0.1042,LBen
T140S,0.081,LBen
T140V,0.0892,LBen
T140W,0.4034,Amb
T140Y,0.1991,LBen
A141C,0.3796,Amb
A141D,0.146,LBen
A141E,0.1325,LBen
A141F,0.2136,LBen
A141G,0.094,LBen
A141H,0.2705,LBen
A141I,0.1548,LBen
A141K,0.2163,LBen
A141L,0.1219,LBen
A141M,0.1719,LBen
A141N,0.1722,LBen
A141P,0.0969,LBen
A141Q,0.1872,LBen
A141R,0.2262,LBen
A141S,0.0821,LBen
A141T,0.0731,LBen
A141V,0.0842,LBen
A141W,0.5377,Amb
A141Y,0.2889,LBen
P142A,0.0544,LBen
P142C,0.2504,LBen
P142D,0.1849,LBen
P142E,0.1463,LBen
P142F,0.2992,LBen
P142G,0.1136,LBen
P142H,0.1013,LBen
P142I,0.2224,LBen
P142K,0.1512,LBen
P142L,0.1131,LBen
P142M,0.2227,LBen
P142N,0.1544,LBen
P142Q,0.0942,LBen
P142R,0.1123,LBen
P142S,0.0605,LBen
P142T,0.0591,LBen
P142V,0.1433,LBen
P142W,0.3951,Amb
P142Y,0.2541,LBen
T143A,0.0614,LBen
T143C,0.376,Amb
T143D,0.2404,LBen
T143E,0.1657,LBen
T143F,0.2451,LBen
T143G,0.1385,LBen
T143H,0.1922,LBen
T143I,0.1538,LBen
T143K,0.1066,LBen
T143L,0.1085,LBen
T143M,0.1084,LBen
T143N,0.1283,LBen
T143P,0.086,LBen
T143Q,0.138,LBen
T143R,0.1008,LBen
T143S,0.0921,LBen
T143V,0.1131,LBen
T143W,0.4902,Amb
T143Y,0.2784,LBen
E144A,0.095,LBen
E144C,0.7456,LPath
E144D,0.1135,LBen
E144F,0.6532,LPath
E144G,0.0943,LBen
E144H,0.2963,LBen
E144I,0.3611,Amb
E144K,0.1023,LBen
E144L,0.3383,LBen
E144M,0.4201,Amb
E144N,0.2122,LBen
E144P,0.2934,LBen
E144Q,0.1143,LBen
E144R,0.1891,LBen
E144S,0.1447,LBen
E144T,0.1625,LBen
E144V,0.1805,LBen
E144W,0.8371,LPath
E144Y,0.5133,Amb
A145C,0.7173,LPath
A145D,0.4285,Amb
A145E,0.3574,Amb
A145F,0.466,Amb
A145G,0.1876,LBen
A145H,0.634,LPath
A145I,0.3034,LBen
A145K,0.5647,LPath
A145L,0.2888,LBen
A145M,0.3106,LBen
A145N,0.4242,Amb
A145P,0.2477,LBen
A145Q,0.4963,Amb
A145R,0.5552,Amb
A145S,0.1452,LBen
A145T,0.116,LBen
A145V,0.117,LBen
A145W,0.8517,LPath
A145Y,0.6383,LPath
A146C,0.7222,LPath
A146D,0.5765,LPath
A146E,0.4752,Amb
A146F,0.5957,LPath
A146G,0.2111,LBen
A146H,0.6706,LPath
A146I,0.5073,Amb
A146K,0.6527,LPath
A146L,0.3716,Amb
A146M,0.4721,Amb
A146N,0.5261,Amb
A146P,0.4284,Amb
A146Q,0.4922,Amb
A146R,0.57,LPath
A146S,0.1209,LBen
A146T,0.1372,LBen
A146V,0.2308,LBen
A146W,0.9001,LPath
A146Y,0.755,LPath
Q147A,0.1605,LBen
Q147C,0.586,LPath
Q147D,0.3373,LBen
Q147E,0.0896,LBen
Q147F,0.6635,LPath
Q147G,0.2101,LBen
Q147H,0.1438,LBen
Q147I,0.4328,Amb
Q147K,0.0834,LBen
Q147L,0.1726,LBen
Q147M,0.3632,Amb
Q147N,0.2438,LBen
Q147P,0.1221,LBen
Q147R,0.0957,LBen
Q147S,0.2042,LBen
Q147T,0.1748,LBen
Q147V,0.2456,LBen
Q147W,0.4849,Amb
Q147Y,0.4204,Amb
I148A,0.8556,LPath
I148C,0.9322,LPath
I148D,0.9322,LPath
I148E,0.8975,LPath
I148F,0.405,Amb
I148G,0.9262,LPath
I148H,0.8659,LPath
I148K,0.8424,LPath
I148L,0.3371,LBen
I148M,0.2311,LBen
I148N,0.7406,LPath
I148P,0.92,LPath
I148Q,0.8653,LPath
I148R,0.8109,LPath
I148S,0.8371,LPath
I148T,0.874,LPath
I148V,0.1665,LBen
I148W,0.8948,LPath
I148Y,0.7519,LPath
I149A,0.8547,LPath
I149C,0.9468,LPath
I149D,0.9671,LPath
I149E,0.9493,LPath
I149F,0.2967,LBen
I149G,0.956,LPath
I149H,0.8845,LPath
I149K,0.9037,LPath
I149L,0.1742,LBen
I149M,0.3261,LBen
I149N,0.8567,LPath
I149P,0.8777,LPath
I149Q,0.8928,LPath
I149R,0.826,LPath
I149S,0.8247,LPath
I149T,0.8763,LPath
I149V,0.2905,LBen
I149W,0.8922,LPath
I149Y,0.7779,LPath
S150A,0.0712,LBen
S150C,0.2119,LBen
S150D,0.7872,LPath
S150E,0.7409,LPath
S150F,0.3637,Amb
S150G,0.1796,LBen
S150H,0.6356,LPath
S150I,0.4708,Amb
S150K,0.8897,LPath
S150L,0.1528,LBen
S150M,0.3685,Amb
S150N,0.5648,LPath
S150P,0.3523,Amb
S150Q,0.7257,LPath
S150R,0.8388,LPath
S150T,0.1311,LBen
S150V,0.337,LBen
S150W,0.536,Amb
S150Y,0.364,Amb
A151C,0.7477,LPath
A151D,0.7028,LPath
A151E,0.6298,LPath
A151F,0.6552,LPath
A151G,0.3173,LBen
A151H,0.7579,LPath
A151I,0.6061,LPath
A151K,0.8004,LPath
A151L,0.4201,Amb
A151M,0.5281,Amb
A151N,0.6786,LPath
A151P,0.6009,LPath
A151Q,0.6679,LPath
A151R,0.7126,LPath
A151S,0.1684,LBen
A151T,0.211,LBen
A151V,0.2647,LBen
A151W,0.9354,LPath
A151Y,0.8007,LPath
A152C,0.4871,Amb
A152D,0.4007,Amb
A152E,0.3478,Amb
A152F,0.4023,Amb
A152G,0.1587,LBen
A152H,0.5621,Amb
A152I,0.2517,LBen
A152K,0.5151,Amb
A152L,0.2216,LBen
A152M,0.256,LBen
A152N,0.3666,Amb
A152P,0.2335,LBen
A152Q,0.4272,Amb
A152R,0.4581,Amb
A152S,0.1159,LBen
A152T,0.0832,LBen
A152V,0.1204,LBen
A152W,0.7466,LPath
A152Y,0.5728,LPath
G153A,0.1255,LBen
G153C,0.2597,LBen
G153D,0.2482,LBen
G153E,0.2593,LBen
G153F,0.6721,LPath
G153H,0.4634,Amb
G153I,0.3789,Amb
G153K,0.502,Amb
G153L,0.5034,Amb
G153M,0.5658,LPath
G153N,0.3496,Amb
G153P,0.7026,LPath
G153Q,0.3755,Amb
G153R,0.3315,LBen
G153S,0.1013,LBen
G153T,0.1702,LBen
G153V,0.2195,LBen
G153W,0.4908,Amb
G153Y,0.5474,Amb
D154A,0.1594,LBen
D154C,0.4778,Amb
D154E,0.1339,LBen
D154F,0.4595,Amb
D154G,0.1248,LBen
D154H,0.2391,LBen
D154I,0.2972,LBen
D154K,0.3233,LBen
D154L,0.3569,Amb
D154M,0.5428,Amb
D154N,0.0989,LBen
D154P,0.5149,Amb
D154Q,0.2804,LBen
D154R,0.3441,Amb
D154S,0.1265,LBen
D154T,0.2245,LBen
D154V,0.1694,LBen
D154W,0.8226,LPath
D154Y,0.1862,LBen
T155A,0.0676,LBen
T155C,0.3315,LBen
T155D,0.2794,LBen
T155E,0.294,LBen
T155F,0.2164,LBen
T155G,0.2019,LBen
T155H,0.1972,LBen
T155I,0.1329,LBen
T155K,0.217,LBen
T155L,0.117,LBen
T155M,0.1021,LBen
T155N,0.1138,LBen
T155P,0.1033,LBen
T155Q,0.2413,LBen
T155R,0.1789,LBen
T155S,0.1003,LBen
T155V,0.1175,LBen
T155W,0.5904,LPath
T155Y,0.2556,LBen
L156A,0.1298,LBen
L156C,0.3421,Amb
L156D,0.4214,Amb
L156E,0.2266,LBen
L156F,0.1026,LBen
L156G,0.2917,LBen
L156H,0.1576,LBen
L156I,0.0695,LBen
L156K,0.208,LBen
L156M,0.0953,LBen
L156N,0.2776,LBen
L156P,0.0867,LBen
L156Q,0.117,LBen
L156R,0.1376,LBen
L156S,0.1569,LBen
L156T,0.1415,LBen
L156V,0.0589,LBen
L156W,0.1772,LBen
L156Y,0.2517,LBen
S157A,0.0858,LBen
S157C,0.1941,LBen
S157D,0.6902,LPath
S157E,0.6612,LPath
S157F,0.3099,LBen
S157G,0.2051,LBen
S157H,0.5769,LPath
S157I,0.3289,LBen
S157K,0.8577,LPath
S157L,0.0909,LBen
S157M,0.2311,LBen
S157N,0.4894,Amb
S157P,0.1664,LBen
S157Q,0.6618,LPath
S157R,0.8331,LPath
S157T,0.0836,LBen
S157V,0.2253,LBen
S157W,0.3711,Amb
S157Y,0.3336,LBen
V158A,0.4008,Amb
V158C,0.8386,LPath
V158D,0.6865,LPath
V158E,0.5644,LPath
V158F,0.1967,LBen
V158G,0.4718,Amb
V158H,0.7876,LPath
V158I,0.0837,LBen
V158K,0.6654,LPath
V158L,0.2441,LBen
V158M,0.166,LBen
V158N,0.6328,LPath
V158P,0.6384,LPath
V158Q,0.5781,LPath
V158R,0.6226,LPath
V158S,0.472,Amb
V158T,0.4636,Amb
V158W,0.8521,LPath
V158Y,0.6793,LPath
P159A,0.1832,LBen
P159C,0.7778,LPath
P159D,0.8107,LPath
P159E,0.61,LPath
P159F,0.789,LPath
P159G,0.6505,LPath
P159H,0.4644,Amb
P159I,0.6385,LPath
P159K,0.6624,LPath
P159L,0.2727,LBen
P159M,0.6516,LPath
P159N,0.7992,LPath
P159Q,0.4315,Amb
P159R,0.3992,Amb
P159S,0.3803,Amb
P159T,0.3084,LBen
P159V,0.4545,Amb
P159W,0.8674,LPath
P159Y,0.7826,LPath
A160C,0.7101,LPath
A160D,0.5362,Amb
A160E,0.5534,Amb
A160F,0.5507,Amb
A160G,0.2832,LBen
A160H,0.7236,LPath
A160I,0.4581,Amb
A160K,0.7591,LPath
A160L,0.2993,LBen
A160M,0.4447,Amb
A160N,0.5974,LPath
A160P,0.2432,LBen
A160Q,0.6078,LPath
A160R,0.6617,LPath
A160S,0.157,LBen
A160T,0.197,LBen
A160V,0.2042,LBen
A160W,0.9055,LPath
A160Y,0.7246,LPath
P161A,0.0803,LBen
P161C,0.4599,Amb
P161D,0.4412,Amb
P161E,0.2918,LBen
P161F,0.46,Amb
P161G,0.2893,LBen
P161H,0.1873,LBen
P161I,0.3306,LBen
P161K,0.3111,LBen
P161L,0.1343,LBen
P161M,0.3364,LBen
P161N,0.3631,Amb
P161Q,0.1855,LBen
P161R,0.1826,LBen
P161S,0.1268,LBen
P161T,0.102,LBen
P161V,0.2031,LBen
P161W,0.5976,LPath
P161Y,0.4536,Amb
A162C,0.3912,Amb
A162D,0.2131,LBen
A162E,0.2249,LBen
A162F,0.2747,LBen
A162G,0.0888,LBen
A162H,0.4153,Amb
A162I,0.1784,LBen
A162K,0.3744,Amb
A162L,0.1538,LBen
A162M,0.2042,LBen
A162N,0.2353,LBen
A162P,0.1431,LBen
A162Q,0.3161,LBen
A162R,0.3229,LBen
A162S,0.0993,LBen
A162T,0.0856,LBen
A162V,0.0921,LBen
A162W,0.6051,LPath
A162Y,0.409,Amb
V163A,0.135,LBen
V163C,0.6068,LPath
V163D,0.1887,LBen
V163E,0.1609,LBen
V163F,0.1004,LBen
V163G,0.1283,LBen
V163H,0.3909,Amb
V163I,0.0766,LBen
V163K,0.2328,LBen
V163L,0.123,LBen
V163M,0.0966,LBen
V163N,0.2014,LBen
V163P,0.2593,LBen
V163Q,0.2122,LBen
V163R,0.2235,LBen
V163S,0.1577,LBen
V163T,0.1585,LBen
V163W,0.5663,LPath
V163Y,0.3872,Amb
Q164A,0.136,LBen
Q164C,0.3787,Amb
Q164D,0.203,LBen
Q164E,0.0718,LBen
Q164F,0.3963,Amb
Q164G,0.1605,LBen
Q164H,0.1156,LBen
Q164I,0.203,LBen
Q164K,0.0788,LBen
Q164L,0.0885,LBen
Q164M,0.2479,LBen
Q164N,0.1939,LBen
Q164P,0.0744,LBen
Q164R,0.0895,LBen
Q164S,0.156,LBen
Q164T,0.1318,LBen
Q164V,0.1467,LBen
Q164W,0.2925,LBen
Q164Y,0.2423,LBen
P165A,0.0727,LBen
P165C,0.1328,LBen
P165D,0.108,LBen
P165E,0.0903,LBen
P165F,0.1857,LBen
P165G,0.1188,LBen
P165H,0.0518,LBen
P165I,0.1374,LBen
P165K,0.0872,LBen
P165L,0.078,LBen
P165M,0.1789,LBen
P165N,0.0916,LBen
P165Q,0.065,LBen
P165R,0.0595,LBen
P165S,0.0841,LBen
P165T,0.0727,LBen
P165V,0.1104,LBen
P165W,0.2012,LBen
P165Y,0.119,LBen
E166A,0.093,LBen
E166C,0.537,Amb
E166D,0.1015,LBen
E166F,0.4312,Amb
E166G,0.0779,LBen
E166H,0.2179,LBen
E166I,0.1961,LBen
E166K,0.0648,LBen
E166L,0.1918,LBen
E166M,0.2529,LBen
E166N,0.152,LBen
E166P,0.2251,LBen
E166Q,0.0884,LBen
E166R,0.1051,LBen
E166S,0.1222,LBen
E166T,0.1232,LBen
E166V,0.121,LBen
E166W,0.5962,LPath
E166Y,0.3411,Amb
E167A,0.0741,LBen
E167C,0.387,Amb
E167D,0.0614,LBen
E167F,0.2834,LBen
E167G,0.0628,LBen
E167H,0.1531,LBen
E167I,0.1288,LBen
E167K,0.0707,LBen
E167L,0.1442,LBen
E167M,0.203,LBen
E167N,0.0924,LBen
E167P,0.1613,LBen
E167Q,0.0867,LBen
E167R,0.1148,LBen
E167S,0.0959,LBen
E167T,0.0987,LBen
E167V,0.0836,LBen
E167W,0.4728,Amb
E167Y,0.1904,LBen
S168A,0.063,LBen
S168C,0.0725,LBen
S168D,0.1206,LBen
S168E,0.147,LBen
S168F,0.0881,LBen
S168G,0.0803,LBen
S168H,0.1058,LBen
S168I,0.0781,LBen
S168K,0.177,LBen
S168L,0.072,LBen
S168M,0.1236,LBen
S168N,0.0792,LBen
S168P,0.0601,LBen
S168Q,0.1586,LBen
S168R,0.1551,LBen
S168T,0.063,LBen
S168V,0.085,LBen
S168W,0.1316,LBen
S168Y,0.075,LBen
L169A,0.0719,LBen
L169C,0.1467,LBen
L169D,0.1539,LBen
L169E,0.0903,LBen
L169F,0.0667,LBen
L169G,0.1164,LBen
L169H,0.0711,LBen
L169I,0.0609,LBen
L169K,0.0761,LBen
L169M,0.074,LBen
L169N,0.1035,LBen
L169P,0.058,LBen
L169Q,0.0603,LBen
L169R,0.0598,LBen
L169S,0.0705,LBen
L169T,0.0755,LBen
L169V,0.0558,LBen
L169W,0.0873,LBen
L169Y,0.1264,LBen
K170A,0.1527,LBen
K170C,0.3924,Amb
K170D,0.2209,LBen
K170E,0.0811,LBen
K170F,0.4077,Amb
K170G,0.1828,LBen
K170H,0.1685,LBen
K170I,0.1608,LBen
K170L,0.1614,LBen
K170M,0.1282,LBen
K170N,0.1705,LBen
K170P,0.209,LBen
K170Q,0.0866,LBen
K170R,0.0785,LBen
K170S,0.1813,LBen
K170T,0.1011,LBen
K170V,0.1592,LBen
K170W,0.473,Amb
K170Y,0.3257,LBen
T171A,0.0637,LBen
T171C,0.2134,LBen
T171D,0.1281,LBen
T171E,0.1065,LBen
T171F,0.139,LBen
T171G,0.1205,LBen
T171H,0.1111,LBen
T171I,0.0932,LBen
T171K,0.0846,LBen
T171L,0.081,LBen
T171M,0.0766,LBen
T171N,0.0796,LBen
T171P,0.062,LBen
T171Q,0.1129,LBen
T171R,0.077,LBen
T171S,0.0821,LBen
T171V,0.0919,LBen
T171W,0.256,LBen
T171Y,0.1324,LBen
D172A,0.0663,LBen
D172C,0.1638,LBen
D172E,0.0801,LBen
D172F,0.1779,LBen
D172G,0.063,LBen
D172H,0.08,LBen
D172I,0.102,LBen
D172K,0.0988,LBen
D172L,0.1158,LBen
D172M,0.2271,LBen
D172N,0.0688,LBen
D172P,0.1628,LBen
D172Q,0.1008,LBen
D172R,0.0961,LBen
D172S,0.0641,LBen
D172T,0.0855,LBen
D172V,0.0734,LBen
D172W,0.4066,Amb
D172Y,0.0851,LBen
H173A,0.0865,LBen
H173C,0.0719,LBen
H173D,0.0691,LBen
H173E,0.0941,LBen
H173F,0.127,LBen
H173G,0.0998,LBen
H173I,0.0955,LBen
H173K,0.0938,LBen
H173L,0.0698,LBen
H173M,0.1883,LBen
H173N,0.0666,LBen
H173P,0.0671,LBen
H173Q,0.0738,LBen
H173R,0.0604,LBen
H173S,0.0781,LBen
H173T,0.0824,LBen
H173V,0.0855,LBen
H173W,0.1855,LBen
H173Y,0.0643,LBen
P174A,0.062,LBen
P174C,0.1605,LBen
P174D,0.1433,LBen
P174E,0.1027,LBen
P174F,0.1662,LBen
P174G,0.1285,LBen
P174H,0.0745,LBen
P174I,0.1209,LBen
P174K,0.0972,LBen
P174L,0.069,LBen
P174M,0.1442,LBen
P174N,0.1406,LBen
P174Q,0.0747,LBen
P174R,0.0674,LBen
P174S,0.0738,LBen
P174T,0.0627,LBen
P174V,0.0959,LBen
P174W,0.1946,LBen
P174Y,0.1632,LBen
E175A,0.0678,LBen
E175C,0.3359,LBen
E175D,0.0755,LBen
E175F,0.2478,LBen
E175G,0.0665,LBen
E175H,0.1318,LBen
E175I,0.1146,LBen
E175K,0.0623,LBen
E175L,0.1185,LBen
E175M,0.1589,LBen
E175N,0.0989,LBen
E175P,0.159,LBen
E175Q,0.0714,LBen
E175R,0.0849,LBen
E175S,0.0875,LBen
E175T,0.0868,LBen
E175V,0.0803,LBen
E175W,0.396,Amb
E175Y,0.1943,LBen
I176A,0.0624,LBen
I176C,0.2143,LBen
I176D,0.1223,LBen
I176E,0.1088,LBen
I176F,0.0617,LBen
I176G,0.1317,LBen
I176H,0.1102,LBen
I176K,0.0784,LBen
I176L,0.0649,LBen
I176M,0.0576,LBen
I176N,0.0651,LBen
I176P,0.1062,LBen
I176Q,0.1075,LBen
I176R,0.0631,LBen
I176S,0.0665,LBen
I176T,0.0489,LBen
I176V,0.0637,LBen
I176W,0.2291,LBen
I176Y,0.1469,LBen
G177A,0.0702,LBen
G177C,0.0867,LBen
G177D,0.0735,LBen
G177E,0.0822,LBen
G177F,0.176,LBen
G177H,0.0969,LBen
G177I,0.0971,LBen
G177K,0.1045,LBen
G177L,0.1228,LBen
G177M,0.1772,LBen
G177N,0.1131,LBen
G177P,0.1742,LBen
G177Q,0.1035,LBen
G177R,0.0744,LBen
G177S,0.0715,LBen
G177T,0.0766,LBen
G177V,0.0739,LBen
G177W,0.138,LBen
G177Y,0.1168,LBen
E178A,0.0825,LBen
E178C,0.3747,Amb
E178D,0.0837,LBen
E178F,0.2955,LBen
E178G,0.0689,LBen
E178H,0.159,LBen
E178I,0.1412,LBen
E178K,0.0608,LBen
E178L,0.15,LBen
E178M,0.1967,LBen
E178N,0.1196,LBen
E178P,0.2023,LBen
E178Q,0.0836,LBen
E178R,0.0962,LBen
E178S,0.1023,LBen
E178T,0.1029,LBen
E178V,0.0984,LBen
E178W,0.4381,Amb
E178Y,0.225,LBen
G179A,0.0847,LBen
G179C,0.1252,LBen
G179D,0.0843,LBen
G179E,0.0649,LBen
G179F,0.2333,LBen
G179H,0.1434,LBen
G179I,0.1064,LBen
G179K,0.1003,LBen
G179L,0.1576,LBen
G179M,0.1765,LBen
G179N,0.1331,LBen
G179P,0.2471,LBen
G179Q,0.1006,LBen
G179R,0.0914,LBen
G179S,0.0919,LBen
G179T,0.088,LBen
G179V,0.0783,LBen
G179W,0.147,LBen
G179Y,0.1483,LBen
K180A,0.1542,LBen
K180C,0.3664,Amb
K180D,0.2031,LBen
K180E,0.0819,LBen
K180F,0.3063,LBen
K180G,0.1817,LBen
K180H,0.1687,LBen
K180I,0.1162,LBen
K180L,0.1311,LBen
K180M,0.1064,LBen
K180N,0.1361,LBen
K180P,0.2553,LBen
K180Q,0.0917,LBen
K180R,0.0821,LBen
K180S,0.1568,LBen
K180T,0.095,LBen
K180V,0.1299,LBen
K180W,0.4639,Amb
K180Y,0.2644,LBen
P181A,0.0572,LBen
P181C,0.1511,LBen
P181D,0.1201,LBen
P181E,0.0932,LBen
P181F,0.1468,LBen
P181G,0.1185,LBen
P181H,0.0684,LBen
P181I,0.104,LBen
P181K,0.0892,LBen
P181L,0.0651,LBen
P181M,0.1248,LBen
P181N,0.1133,LBen
P181Q,0.0683,LBen
P181R,0.0686,LBen
P181S,0.0709,LBen
P181T,0.0595,LBen
P181V,0.086,LBen
P181W,0.1808,LBen
P181Y,0.1333,LBen
T182A,0.0633,LBen
T182C,0.2206,LBen
T182D,0.1448,LBen
T182E,0.1061,LBen
T182F,0.1193,LBen
T182G,0.1323,LBen
T182H,0.11,LBen
T182I,0.0768,LBen
T182K,0.0683,LBen
T182L,0.0702,LBen
T182M,0.0751,LBen
T182N,0.0844,LBen
T182P,0.0753,LBen
T182Q,0.0939,LBen
T182R,0.0685,LBen
T182S,0.0851,LBen
T182V,0.0773,LBen
T182W,0.2848,LBen
T182Y,0.1405,LBen
P183A,0.0508,LBen
P183C,0.158,LBen
P183D,0.1303,LBen
P183E,0.0941,LBen
P183F,0.1532,LBen
P183G,0.1153,LBen
P183H,0.0754,LBen
P183I,0.1093,LBen
P183K,0.0911,LBen
P183L,0.0652,LBen
P183M,0.1293,LBen
P183N,0.1264,LBen
P183Q,0.0731,LBen
P183R,0.0665,LBen
P183S,0.069,LBen
P183T,0.0551,LBen
P183V,0.0831,LBen
P183W,0.196,LBen
P183Y,0.1449,LBen
A184C,0.2286,LBen
A184D,0.0926,LBen
A184E,0.0929,LBen
A184F,0.1187,LBen
A184G,0.0846,LBen
A184H,0.1549,LBen
A184I,0.0993,LBen
A184K,0.1307,LBen
A184L,0.0784,LBen
A184M,0.1187,LBen
A184N,0.116,LBen
A184P,0.0776,LBen
A184Q,0.1264,LBen
A184R,0.1241,LBen
A184S,0.0737,LBen
A184T,0.067,LBen
A184V,0.0682,LBen
A184W,0.3045,LBen
A184Y,0.1699,LBen
L185A,0.0581,LBen
L185C,0.1473,LBen
L185D,0.1273,LBen
L185E,0.0902,LBen
L185F,0.0639,LBen
L185G,0.1119,LBen
L185H,0.0702,LBen
L185I,0.0615,LBen
L185K,0.0755,LBen
L185M,0.0748,LBen
L185N,0.0939,LBen
L185P,0.054,LBen
L185Q,0.0643,LBen
L185R,0.0614,LBen
L185S,0.0595,LBen
L185T,0.0591,LBen
L185V,0.0567,LBen
L185W,0.0978,LBen
L185Y,0.1181,LBen
S186A,0.0624,LBen
S186C,0.0802,LBen
S186D,0.1456,LBen
S186E,0.1501,LBen
S186F,0.1097,LBen
S186G,0.0717,LBen
S186H,0.1327,LBen
S186I,0.0959,LBen
S186K,0.1828,LBen
S186L,0.0708,LBen
S186M,0.1459,LBen
S186N,0.0972,LBen
S186P,0.0597,LBen
S186Q,0.1758,LBen
S186R,0.15,LBen
S186T,0.063,LBen
S186V,0.1001,LBen
S186W,0.137,LBen
S186Y,0.0981,LBen
E187A,0.095,LBen
E187C,0.484,Amb
E187D,0.1041,LBen
E187F,0.4108,Amb
E187G,0.0687,LBen
E187H,0.209,LBen
E187I,0.2095,LBen
E187K,0.0686,LBen
E187L,0.1899,LBen
E187M,0.2687,LBen
E187N,0.1643,LBen
E187P,0.1974,LBen
E187Q,0.0923,LBen
E187R,0.1048,LBen
E187S,0.1226,LBen
E187T,0.1233,LBen
E187V,0.1268,LBen
E187W,0.5329,Amb
E187Y,0.3147,LBen
E188A,0.0782,LBen
E188C,0.4838,Amb
E188D,0.0858,LBen
E188F,0.3343,LBen
E188G,0.0704,LBen
E188H,0.1951,LBen
E188I,0.1563,LBen
E188K,0.0732,LBen
E188L,0.1685,LBen
E188M,0.2169,LBen
E188N,0.1276,LBen
E188P,0.1791,LBen
E188Q,0.0981,LBen
E188R,0.1277,LBen
E188S,0.114,LBen
E188T,0.1025,LBen
E188V,0.0978,LBen
E188W,0.543,Amb
E188Y,0.252,LBen
A189C,0.2886,LBen
A189D,0.0922,LBen
A189E,0.0998,LBen
A189F,0.1542,LBen
A189G,0.0797,LBen
A189H,0.2008,LBen
A189I,0.1256,LBen
A189K,0.1543,LBen
A189L,0.1134,LBen
A189M,0.1477,LBen
A189N,0.1191,LBen
A189P,0.0837,LBen
A189Q,0.1617,LBen
A189R,0.16,LBen
A189S,0.079,LBen
A189T,0.0668,LBen
A189V,0.0807,LBen
A189W,0.3771,Amb
A189Y,0.2006,LBen
S190A,0.0612,LBen
S190C,0.0813,LBen
S190D,0.1453,LBen
S190E,0.191,LBen
S190F,0.086,LBen
S190G,0.0741,LBen
S190H,0.1449,LBen
S190I,0.0893,LBen
S190K,0.2497,LBen
S190L,0.0785,LBen
S190M,0.1643,LBen
S190N,0.1026,LBen
S190P,0.0661,LBen
S190Q,0.2211,LBen
S190R,0.2019,LBen
S190T,0.0663,LBen
S190V,0.0935,LBen
S190W,0.1546,LBen
S190Y,0.0952,LBen
S191A,0.0655,LBen
S191C,0.0813,LBen
S191D,0.167,LBen
S191E,0.204,LBen
S191F,0.0856,LBen
S191G,0.0818,LBen
S191H,0.1513,LBen
S191I,0.0964,LBen
S191K,0.2781,LBen
S191L,0.0793,LBen
S191M,0.1712,LBen
S191N,0.1239,LBen
S191P,0.0675,LBen
S191Q,0.2347,LBen
S191R,0.2287,LBen
S191T,0.0712,LBen
S191V,0.0983,LBen
S191W,0.1501,LBen
S191Y,0.091,LBen
S192A,0.0643,LBen
S192C,0.0834,LBen
S192D,0.1616,LBen
S192E,0.2164,LBen
S192F,0.0995,LBen
S192G,0.0767,LBen
S192H,0.1439,LBen
S192I,0.0963,LBen
S192K,0.2789,LBen
S192L,0.0768,LBen
S192M,0.1702,LBen
S192N,0.1063,LBen
S192P,0.0624,LBen
S192Q,0.2376,LBen
S192R,0.2163,LBen
S192T,0.065,LBen
S192V,0.1019,LBen
S192W,0.1608,LBen
S192Y,0.0961,LBen
S193A,0.0593,LBen
S193C,0.0887,LBen
S193D,0.1799,LBen
S193E,0.2235,LBen
S193F,0.1126,LBen
S193G,0.0831,LBen
S193H,0.1809,LBen
S193I,0.1032,LBen
S193K,0.3167,LBen
S193L,0.0779,LBen
S193M,0.166,LBen
S193N,0.1188,LBen
S193P,0.0692,LBen
S193Q,0.2613,LBen
S193R,0.2584,LBen
S193T,0.0674,LBen
S193V,0.0991,LBen
S193W,0.1818,LBen
S193Y,0.112,LBen
I194A,0.1337,LBen
I194C,0.3842,Amb
I194D,0.2712,LBen
I194E,0.221,LBen
I194F,0.0953,LBen
I194G,0.2197,LBen
I194H,0.2406,LBen
I194K,0.1744,LBen
I194L,0.074,LBen
I194M,0.0848,LBen
I194N,0.1278,LBen
I194P,0.2138,LBen
I194Q,0.1917,LBen
I194R,0.1304,LBen
I194S,0.1216,LBen
I194T,0.1226,LBen
I194V,0.0569,LBen
I194W,0.4559,Amb
I194Y,0.272,LBen
R195A,0.1696,LBen
R195C,0.1823,LBen
R195D,0.3805,Amb
R195E,0.1527,LBen
R195F,0.3903,Amb
R195G,0.1073,LBen
R195H,0.1142,LBen
R195I,0.1448,LBen
R195K,0.0727,LBen
R195L,0.15,LBen
R195M,0.1648,LBen
R195N,0.3756,Amb
R195P,0.2326,LBen
R195Q,0.0856,LBen
R195S,0.2466,LBen
R195T,0.1076,LBen
R195V,0.1788,LBen
R195W,0.1358,LBen
R195Y,0.3164,LBen
E196A,0.3589,Amb
E196C,0.9367,LPath
E196D,0.4413,Amb
E196F,0.9096,LPath
E196G,0.3026,LBen
E196H,0.8015,LPath
E196I,0.6165,LPath
E196K,0.3521,Amb
E196L,0.6176,LPath
E196M,0.7229,LPath
E196N,0.6897,LPath
E196P,0.6042,LPath
E196Q,0.2833,LBen
E196R,0.5254,Amb
E196S,0.5314,Amb
E196T,0.5773,LPath
E196V,0.382,Amb
E196W,0.9655,LPath
E196Y,0.8508,LPath
R197A,0.6947,LPath
R197C,0.3248,LBen
R197D,0.8361,LPath
R197E,0.5459,Amb
R197F,0.6911,LPath
R197G,0.5342,Amb
R197H,0.1829,LBen
R197I,0.3381,LBen
R197K,0.216,LBen
R197L,0.3583,Amb
R197M,0.466,Amb
R197N,0.7832,LPath
R197P,0.6994,LPath
R197Q,0.2058,LBen
R197S,0.7954,LPath
R197T,0.5634,Amb
R197V,0.4906,Amb
R197W,0.2556,LBen
R197Y,0.4956,Amb
P198A,0.0801,LBen
P198C,0.3995,Amb
P198D,0.313,LBen
P198E,0.2242,LBen
P198F,0.4216,Amb
P198G,0.2695,LBen
P198H,0.1261,LBen
P198I,0.2832,LBen
P198K,0.1905,LBen
P198L,0.1077,LBen
P198M,0.2821,LBen
P198N,0.258,LBen
P198Q,0.1255,LBen
P198R,0.135,LBen
P198S,0.0885,LBen
P198T,0.0943,LBen
P198V,0.2046,LBen
P198W,0.5546,Amb
P198Y,0.3869,Amb
P199A,0.0617,LBen
P199C,0.4846,Amb
P199D,0.4616,Amb
P199E,0.2064,LBen
P199F,0.4986,Amb
P199G,0.315,LBen
P199H,0.2052,LBen
P199I,0.2499,LBen
P199K,0.2325,LBen
P199L,0.1102,LBen
P199M,0.2962,LBen
P199N,0.4358,Amb
P199Q,0.1416,LBen
P199R,0.1391,LBen
P199S,0.1357,LBen
P199T,0.101,LBen
P199V,0.1443,LBen
P199W,0.5874,LPath
P199Y,0.4717,Amb
E200A,0.1476,LBen
E200C,0.8839,LPath
E200D,0.2033,LBen
E200F,0.8253,LPath
E200G,0.1651,LBen
E200H,0.4882,Amb
E200I,0.4582,Amb
E200K,0.1257,LBen
E200L,0.4326,Amb
E200M,0.5429,Amb
E200N,0.4029,Amb
E200P,0.5967,LPath
E200Q,0.144,LBen
E200R,0.2201,LBen
E200S,0.2654,LBen
E200T,0.2936,LBen
E200V,0.2387,LBen
E200W,0.8839,LPath
E200Y,0.7022,LPath
E201A,0.2022,LBen
E201C,0.9574,LPath
E201D,0.2895,LBen
E201F,0.8992,LPath
E201G,0.402,Amb
E201H,0.7712,LPath
E201I,0.4342,Amb
E201K,0.2917,LBen
E201L,0.5648,LPath
E201M,0.5968,LPath
E201N,0.634,LPath
E201P,0.9134,LPath
E201Q,0.303,LBen
E201R,0.5207,Amb
E201S,0.5292,Amb
E201T,0.4252,Amb
E201V,0.2087,LBen
E201W,0.9726,LPath
E201Y,0.8163,LPath
V202A,0.4711,Amb
V202C,0.9715,LPath
V202D,0.7469,LPath
V202E,0.6265,LPath
V202F,0.5215,Amb
V202G,0.5526,Amb
V202H,0.9308,LPath
V202I,0.1441,LBen
V202K,0.8001,LPath
V202L,0.5764,LPath
V202M,0.4491,Amb
V202N,0.7842,LPath
V202P,0.9203,LPath
V202Q,0.8293,LPath
V202R,0.7852,LPath
V202S,0.7508,LPath
V202T,0.5503,Amb
V202W,0.9635,LPath
V202Y,0.8667,LPath
A203C,0.677,LPath
A203D,0.3362,LBen
A203E,0.2278,LBen
A203F,0.4487,Amb
A203G,0.2129,LBen
A203H,0.5734,LPath
A203I,0.3451,Amb
A203K,0.4918,Amb
A203L,0.2414,LBen
A203M,0.2908,LBen
A203N,0.3578,Amb
A203P,0.6605,LPath
A203Q,0.3565,Amb
A203R,0.4278,Amb
A203S,0.1175,LBen
A203T,0.101,LBen
A203V,0.1577,LBen
A203W,0.8156,LPath
A203Y,0.5922,LPath
A204C,0.5424,Amb
A204D,0.2258,LBen
A204E,0.1623,LBen
A204F,0.288,LBen
A204G,0.1561,LBen
A204H,0.4,Amb
A204I,0.2094,LBen
A204K,0.2831,LBen
A204L,0.1526,LBen
A204M,0.2203,LBen
A204N,0.2451,LBen
A204P,0.6263,LPath
A204Q,0.2371,LBen
A204R,0.248,LBen
A204S,0.1066,LBen
A204T,0.0905,LBen
A204V,0.1077,LBen
A204W,0.6853,LPath
A204Y,0.4302,Amb
R205A,0.3537,Amb
R205C,0.1312,LBen
R205D,0.587,LPath
R205E,0.3452,Amb
R205F,0.3794,Amb
R205G,0.2931,LBen
R205H,0.0949,LBen
R205I,0.2074,LBen
R205K,0.1602,LBen
R205L,0.1781,LBen
R205M,0.3055,LBen
R205N,0.5083,Amb
R205P,0.7821,LPath
R205Q,0.118,LBen
R205S,0.4401,Amb
R205T,0.2851,LBen
R205V,0.2678,LBen
R205W,0.1509,LBen
R205Y,0.2491,LBen
L206A,0.5372,Amb
L206C,0.8225,LPath
L206D,0.9047,LPath
L206E,0.5789,LPath
L206F,0.2977,LBen
L206G,0.8132,LPath
L206H,0.5003,Amb
L206I,0.1167,LBen
L206K,0.4941,Amb
L206M,0.1842,LBen
L206N,0.7709,LPath
L206P,0.7967,LPath
L206Q,0.357,Amb
L206R,0.3458,Amb
L206S,0.7231,LPath
L206T,0.5647,LPath
L206V,0.1529,LBen
L206W,0.4204,Amb
L206Y,0.6157,LPath
A207C,0.5053,Amb
A207D,0.2431,LBen
A207E,0.1775,LBen
A207F,0.2632,LBen
A207G,0.158,LBen
A207H,0.3615,Amb
A207I,0.1968,LBen
A207K,0.3411,Amb
A207L,0.1393,LBen
A207M,0.2284,LBen
A207N,0.2604,LBen
A207P,0.6053,LPath
A207Q,0.2344,LBen
A207R,0.2728,LBen
A207S,0.1015,LBen
A207T,0.0963,LBen
A207V,0.1052,LBen
A207W,0.6506,LPath
A207Y,0.4008,Amb
Q208A,0.1342,LBen
Q208C,0.4284,Amb
Q208D,0.2599,LBen
Q208E,0.067,LBen
Q208F,0.4701,Amb
Q208G,0.1524,LBen
Q208H,0.1655,LBen
Q208I,0.2339,LBen
Q208K,0.079,LBen
Q208L,0.0826,LBen
Q208M,0.2553,LBen
Q208N,0.2487,LBen
Q208P,0.2505,LBen
Q208R,0.0768,LBen
Q208S,0.2055,LBen
Q208T,0.177,LBen
Q208V,0.1575,LBen
Q208W,0.2953,LBen
Q208Y,0.315,LBen
Q209A,0.2542,LBen
Q209C,0.8329,LPath
Q209D,0.5105,Amb
Q209E,0.0806,LBen
Q209F,0.8412,LPath
Q209G,0.2946,LBen
Q209H,0.3892,Amb
Q209I,0.4496,Amb
Q209K,0.0968,LBen
Q209L,0.183,LBen
Q209M,0.4158,Amb
Q209N,0.4636,Amb
Q209P,0.4239,Amb
Q209R,0.1238,LBen
Q209S,0.4443,Amb
Q209T,0.3017,LBen
Q209V,0.3105,LBen
Q209W,0.6307,LPath
Q209Y,0.6639,LPath
E210A,0.2051,LBen
E210C,0.901,LPath
E210D,0.1263,LBen
E210F,0.8332,LPath
E210G,0.1236,LBen
E210H,0.5318,Amb
E210I,0.5272,Amb
E210K,0.1858,LBen
E210L,0.4912,Amb
E210M,0.5992,LPath
E210N,0.2953,LBen
E210P,0.768,LPath
E210Q,0.1692,LBen
E210R,0.3062,LBen
E210S,0.3042,LBen
E210T,0.3533,Amb
E210V,0.2866,LBen
E210W,0.8978,LPath
E210Y,0.6809,LPath
K211A,0.1891,LBen
K211C,0.5973,LPath
K211D,0.3513,Amb
K211E,0.0823,LBen
K211F,0.5444,Amb
K211G,0.2547,LBen
K211H,0.2435,LBen
K211I,0.1639,LBen
K211L,0.177,LBen
K211M,0.1139,LBen
K211N,0.211,LBen
K211P,0.6844,LPath
K211Q,0.0866,LBen
K211R,0.0851,LBen
K211S,0.2464,LBen
K211T,0.1133,LBen
K211V,0.1822,LBen
K211W,0.6086,LPath
K211Y,0.4211,Amb
Q212A,0.11,LBen
Q212C,0.4442,Amb
Q212D,0.165,LBen
Q212E,0.0519,LBen
Q212F,0.4903,Amb
Q212G,0.1189,LBen
Q212H,0.1612,LBen
Q212I,0.2131,LBen
Q212K,0.0705,LBen
Q212L,0.0872,LBen
Q212M,0.2286,LBen
Q212N,0.183,LBen
Q212P,0.1605,LBen
Q212R,0.0818,LBen
Q212S,0.1724,LBen
Q212T,0.1204,LBen
Q212V,0.136,LBen
Q212W,0.286,LBen
Q212Y,0.3191,LBen
E213A,0.1635,LBen
E213C,0.8498,LPath
E213D,0.1275,LBen
E213F,0.7546,LPath
E213G,0.1343,LBen
E213H,0.4573,Amb
E213I,0.3947,Amb
E213K,0.1867,LBen
E213L,0.3884,Amb
E213M,0.5176,Amb
E213N,0.2694,LBen
E213P,0.7444,LPath
E213Q,0.1486,LBen
E213R,0.2962,LBen
E213S,0.2652,LBen
E213T,0.2815,LBen
E213V,0.2181,LBen
E213W,0.8653,LPath
E213Y,0.5843,LPath
Q214A,0.1204,LBen
Q214C,0.4865,Amb
Q214D,0.1962,LBen
Q214E,0.0602,LBen
Q214F,0.5248,Amb
Q214G,0.1461,LBen
Q214H,0.1498,LBen
Q214I,0.2205,LBen
Q214K,0.0681,LBen
Q214L,0.0945,LBen
Q214M,0.2277,LBen
Q214N,0.1663,LBen
Q214P,0.1937,LBen
Q214R,0.0815,LBen
Q214S,0.199,LBen
Q214T,0.1236,LBen
Q214V,0.1535,LBen
Q214W,0.355,Amb
Q214Y,0.3333,LBen
V215A,0.0815,LBen
V215C,0.5054,Amb
V215D,0.0948,LBen
V215E,0.076,LBen
V215F,0.113,LBen
V215G,0.0717,LBen
V215H,0.2564,LBen
V215I,0.083,LBen
V215K,0.118,LBen
V215L,0.1052,LBen
V215M,0.0931,LBen
V215N,0.1097,LBen
V215P,0.3432,Amb
V215Q,0.12,LBen
V215R,0.1284,LBen
V215S,0.1031,LBen
V215T,0.1121,LBen
V215W,0.4815,Amb
V215Y,0.3024,LBen
K216A,0.1069,LBen
K216C,0.3787,Amb
K216D,0.1648,LBen
K216E,0.0578,LBen
K216F,0.3695,Amb
K216G,0.1552,LBen
K216H,0.1488,LBen
K216I,0.1272,LBen
K216L,0.122,LBen
K216M,0.089,LBen
K216N,0.1227,LBen
K216P,0.3827,Amb
K216Q,0.0727,LBen
K216R,0.0737,LBen
K216S,0.1389,LBen
K216T,0.0701,LBen
K216V,0.1157,LBen
K216W,0.4222,Amb
K216Y,0.286,LBen
I217A,0.1067,LBen
I217C,0.4573,Amb
I217D,0.3489,Amb
I217E,0.2055,LBen
I217F,0.1209,LBen
I217G,0.2647,LBen
I217H,0.2515,LBen
I217K,0.1349,LBen
I217L,0.0704,LBen
I217M,0.0528,LBen
I217N,0.1299,LBen
I217P,0.4125,Amb
I217Q,0.1675,LBen
I217R,0.1042,LBen
I217S,0.1228,LBen
I217T,0.0639,LBen
I217V,0.0715,LBen
I217W,0.3852,Amb
I217Y,0.3075,LBen
E218A,0.0737,LBen
E218C,0.5722,LPath
E218D,0.0929,LBen
E218F,0.4768,Amb
E218G,0.0807,LBen
E218H,0.214,LBen
E218I,0.1996,LBen
E218K,0.0894,LBen
E218L,0.2014,LBen
E218M,0.2871,LBen
E218N,0.1474,LBen
E218P,0.4346,Amb
E218Q,0.0865,LBen
E218R,0.1288,LBen
E218S,0.1058,LBen
E218T,0.1063,LBen
E218V,0.1204,LBen
E218W,0.6632,LPath
E218Y,0.3361,LBen
S219A,0.0601,LBen
S219C,0.0893,LBen
S219D,0.1433,LBen
S219E,0.2135,LBen
S219F,0.1011,LBen
S219G,0.079,LBen
S219H,0.1908,LBen
S219I,0.0985,LBen
S219K,0.3304,LBen
S219L,0.0762,LBen
S219M,0.1375,LBen
S219N,0.0948,LBen
S219P,0.2743,LBen
S219Q,0.2869,LBen
S219R,0.2943,LBen
S219T,0.0674,LBen
S219V,0.0996,LBen
S219W,0.1802,LBen
S219Y,0.0899,LBen
L220A,0.1659,LBen
L220C,0.409,Amb
L220D,0.5109,Amb
L220E,0.259,LBen
L220F,0.11,LBen
L220G,0.4307,Amb
L220H,0.1643,LBen
L220I,0.0758,LBen
L220K,0.2497,LBen
L220M,0.0974,LBen
L220N,0.3277,LBen
L220P,0.5781,LPath
L220Q,0.1549,LBen
L220R,0.1654,LBen
L220S,0.2082,LBen
L220T,0.1409,LBen
L220V,0.0712,LBen
L220W,0.2122,LBen
L220Y,0.2796,LBen
A221C,0.3655,Amb
A221D,0.206,LBen
A221E,0.1494,LBen
A221F,0.287,LBen
A221G,0.0964,LBen
A221H,0.3439,Amb
A221I,0.1855,LBen
A221K,0.2805,LBen
A221L,0.1616,LBen
A221M,0.2009,LBen
A221N,0.1941,LBen
A221P,0.4996,Amb
A221Q,0.2165,LBen
A221R,0.2471,LBen
A221S,0.0796,LBen
A221T,0.0754,LBen
A221V,0.0964,LBen
A221W,0.5995,LPath
A221Y,0.3682,Amb
K222A,0.1098,LBen
K222C,0.3866,Amb
K222D,0.2337,LBen
K222E,0.082,LBen
K222F,0.4029,Amb
K222G,0.1378,LBen
K222H,0.1721,LBen
K222I,0.1578,LBen
K222L,0.1453,LBen
K222M,0.1209,LBen
K222N,0.15,LBen
K222P,0.5801,LPath
K222Q,0.0839,LBen
K222R,0.0726,LBen
K222S,0.1431,LBen
K222T,0.0819,LBen
K222V,0.1351,LBen
K222W,0.4752,Amb
K222Y,0.3377,LBen
S223A,0.0811,LBen
S223C,0.0852,LBen
S223D,0.1323,LBen
S223E,0.1981,LBen
S223F,0.1363,LBen
S223G,0.0683,LBen
S223H,0.1435,LBen
S223I,0.094,LBen
S223K,0.2527,LBen
S223L,0.107,LBen
S223M,0.149,LBen
S223N,0.0732,LBen
S223P,0.3825,Amb
S223Q,0.2222,LBen
S223R,0.2024,LBen
S223T,0.0669,LBen
S223V,0.1115,LBen
S223W,0.2077,LBen
S223Y,0.1093,LBen
L224A,0.491,Amb
L224C,0.663,LPath
L224D,0.969,LPath
L224E,0.8076,LPath
L224F,0.2013,LBen
L224G,0.8491,LPath
L224H,0.5996,LPath
L224I,0.1081,LBen
L224K,0.7727,LPath
L224M,0.1221,LBen
L224N,0.8532,LPath
L224P,0.9489,LPath
L224Q,0.5222,Amb
L224R,0.61,LPath
L224S,0.6666,LPath
L224T,0.4048,Amb
L224V,0.1009,LBen
L224W,0.43,Amb
L224Y,0.6444,LPath
E225A,0.1398,LBen
E225C,0.7897,LPath
E225D,0.103,LBen
E225F,0.7323,LPath
E225G,0.1012,LBen
E225H,0.325,LBen
E225I,0.4318,Amb
E225K,0.1346,LBen
E225L,0.3939,Amb
E225M,0.5061,Amb
E225N,0.1934,LBen
E225P,0.8445,LPath
E225Q,0.1211,LBen
E225R,0.2005,LBen
E225S,0.1613,LBen
E225T,0.1971,LBen
E225V,0.2369,LBen
E225W,0.8289,LPath
E225Y,0.557,Amb
D226A,0.0877,LBen
D226C,0.321,LBen
D226E,0.0911,LBen
D226F,0.2733,LBen
D226G,0.0778,LBen
D226H,0.1464,LBen
D226I,0.1492,LBen
D226K,0.1817,LBen
D226L,0.1873,LBen
D226M,0.3014,LBen
D226N,0.0789,LBen
D226P,0.7595,LPath
D226Q,0.1881,LBen
D226R,0.2139,LBen
D226S,0.0924,LBen
D226T,0.1127,LBen
D226V,0.0887,LBen
D226W,0.6298,LPath
D226Y,0.1095,LBen
A227C,0.3152,LBen
A227D,0.168,LBen
A227E,0.1985,LBen
A227F,0.2699,LBen
A227G,0.1001,LBen
A227H,0.3056,LBen
A227I,0.2035,LBen
A227K,0.3186,LBen
A227L,0.1901,LBen
A227M,0.2092,LBen
A227N,0.1649,LBen
A227P,0.7349,LPath
A227Q,0.2768,LBen
A227R,0.2757,LBen
A227S,0.0709,LBen
A227T,0.0715,LBen
A227V,0.1121,LBen
A227W,0.6476,LPath
A227Y,0.3255,LBen
L228A,0.2062,LBen
L228C,0.3926,Amb
L228D,0.7049,LPath
L228E,0.2986,LBen
L228F,0.1254,LBen
L228G,0.4113,Amb
L228H,0.2022,LBen
L228I,0.0826,LBen
L228K,0.3136,LBen
L228M,0.097,LBen
L228N,0.3775,Amb
L228P,0.8445,LPath
L228Q,0.1332,LBen
L228R,0.2008,LBen
L228S,0.1782,LBen
L228T,0.1845,LBen
L228V,0.0714,LBen
L228W,0.2434,LBen
L228Y,0.3571,Amb
R229A,0.0857,LBen
R229C,0.0725,LBen
R229D,0.1542,LBen
R229E,0.1196,LBen
R229F,0.1808,LBen
R229G,0.0557,LBen
R229H,0.0585,LBen
R229I,0.0953,LBen
R229K,0.0741,LBen
R229L,0.088,LBen
R229M,0.1033,LBen
R229N,0.1088,LBen
R229P,0.4049,Amb
R229Q,0.0682,LBen
R229S,0.069,LBen
R229T,0.0659,LBen
R229V,0.1161,LBen
R229W,0.1188,LBen
R229Y,0.1213,LBen
Q230A,0.1239,LBen
Q230C,0.2696,LBen
Q230D,0.1396,LBen
Q230E,0.0618,LBen
Q230F,0.3509,Amb
Q230G,0.1039,LBen
Q230H,0.0853,LBen
Q230I,0.2,LBen
Q230K,0.0646,LBen
Q230L,0.0831,LBen
Q230M,0.2373,LBen
Q230N,0.118,LBen
Q230P,0.1883,LBen
Q230R,0.071,LBen
Q230S,0.1291,LBen
Q230T,0.1118,LBen
Q230V,0.1393,LBen
Q230W,0.2596,LBen
Q230Y,0.1914,LBen
T231A,0.0941,LBen
T231C,0.4645,Amb
T231D,0.7517,LPath
T231E,0.7044,LPath
T231F,0.6493,LPath
T231G,0.2638,LBen
T231H,0.6107,LPath
T231I,0.3839,Amb
T231K,0.6201,LPath
T231L,0.2603,LBen
T231M,0.1373,LBen
T231N,0.2551,LBen
T231P,0.4221,Amb
T231Q,0.5918,LPath
T231R,0.5931,LPath
T231S,0.1271,LBen
T231V,0.2461,LBen
T231W,0.9114,LPath
T231Y,0.6744,LPath
A232C,0.3948,Amb
A232D,0.2164,LBen
A232E,0.1937,LBen
A232F,0.3298,LBen
A232G,0.1,LBen
A232H,0.3925,Amb
A232I,0.2556,LBen
A232K,0.3992,Amb
A232L,0.227,LBen
A232M,0.2576,LBen
A232N,0.2109,LBen
A232P,0.6232,LPath
A232Q,0.294,LBen
A232R,0.3533,Amb
A232S,0.0733,LBen
A232T,0.0775,LBen
A232V,0.1267,LBen
A232W,0.6861,LPath
A232Y,0.3948,Amb
S233A,0.0682,LBen
S233C,0.0772,LBen
S233D,0.088,LBen
S233E,0.1266,LBen
S233F,0.1444,LBen
S233G,0.0536,LBen
S233H,0.0815,LBen
S233I,0.0922,LBen
S233K,0.1375,LBen
S233L,0.1034,LBen
S233M,0.1555,LBen
S233N,0.0663,LBen
S233P,0.3238,LBen
S233Q,0.1241,LBen
S233R,0.0957,LBen
S233T,0.0635,LBen
S233V,0.0979,LBen
S233W,0.1731,LBen
S233Y,0.1021,LBen
V234A,0.0949,LBen
V234C,0.3881,Amb
V234D,0.1708,LBen
V234E,0.1941,LBen
V234F,0.0945,LBen
V234G,0.1142,LBen
V234H,0.2482,LBen
V234I,0.0623,LBen
V234K,0.1748,LBen
V234L,0.1064,LBen
V234M,0.0878,LBen
V234N,0.0955,LBen
V234P,0.5629,Amb
V234Q,0.1989,LBen
V234R,0.1538,LBen
V234S,0.0964,LBen
V234T,0.0733,LBen
V234W,0.5196,Amb
V234Y,0.2656,LBen
T235A,0.1502,LBen
T235C,0.5353,Amb
T235D,0.9005,LPath
T235E,0.8355,LPath
T235F,0.7118,LPath
T235G,0.4491,Amb
T235H,0.6846,LPath
T235I,0.4209,Amb
T235K,0.7251,LPath
T235L,0.2844,LBen
T235M,0.1702,LBen
T235N,0.412,Amb
T235P,0.5566,Amb
T235Q,0.6542,LPath
T235R,0.662,LPath
T235S,0.1874,LBen
T235V,0.2704,LBen
T235W,0.9454,LPath
T235Y,0.7689,LPath
L236A,0.1003,LBen
L236C,0.2605,LBen
L236D,0.256,LBen
L236E,0.103,LBen
L236F,0.0985,LBen
L236G,0.1626,LBen
L236H,0.0835,LBen
L236I,0.0746,LBen
L236K,0.1,LBen
L236M,0.0795,LBen
L236N,0.1501,LBen
L236P,0.5204,Amb
L236Q,0.0517,LBen
L236R,0.0705,LBen
L236S,0.0898,LBen
L236T,0.0879,LBen
L236V,0.0654,LBen
L236W,0.1232,LBen
L236Y,0.1807,LBen
Q237A,0.1411,LBen
Q237C,0.3601,Amb
Q237D,0.1796,LBen
Q237E,0.0638,LBen
Q237F,0.4794,Amb
Q237G,0.1335,LBen
Q237H,0.1099,LBen
Q237I,0.2963,LBen
Q237K,0.0693,LBen
Q237L,0.0988,LBen
Q237M,0.3028,LBen
Q237N,0.1662,LBen
Q237P,0.2059,LBen
Q237R,0.0755,LBen
Q237S,0.1711,LBen
Q237T,0.1486,LBen
Q237V,0.1977,LBen
Q237W,0.3201,LBen
Q237Y,0.2737,LBen
A238C,0.6969,LPath
A238D,0.9212,LPath
A238E,0.9221,LPath
A238F,0.8987,LPath
A238G,0.2028,LBen
A238H,0.9459,LPath
A238I,0.7836,LPath
A238K,0.9743,LPath
A238L,0.7111,LPath
A238M,0.6614,LPath
A238N,0.8308,LPath
A238P,0.9784,LPath
A238Q,0.9106,LPath
A238R,0.951,LPath
A238S,0.1373,LBen
A238T,0.2056,LBen
A238V,0.3612,Amb
A238W,0.9841,LPath
A238Y,0.9368,LPath
I239A,0.1939,LBen
I239C,0.6501,LPath
I239D,0.7382,LPath
I239E,0.518,Amb
I239F,0.224,LBen
I239G,0.4888,Amb
I239H,0.5614,Amb
I239K,0.3595,Amb
I239L,0.1449,LBen
I239M,0.0876,LBen
I239N,0.3247,LBen
I239P,0.9118,LPath
I239Q,0.4251,Amb
I239R,0.3048,LBen
I239S,0.2474,LBen
I239T,0.1281,LBen
I239V,0.0553,LBen
I239W,0.8272,LPath
I239Y,0.6068,LPath
A240C,0.3219,LBen
A240D,0.1102,LBen
A240E,0.1193,LBen
A240F,0.1761,LBen
A240G,0.089,LBen
A240H,0.2269,LBen
A240I,0.1259,LBen
A240K,0.2023,LBen
A240L,0.1017,LBen
A240M,0.1318,LBen
A240N,0.1208,LBen
A240P,0.4125,Amb
A240Q,0.1823,LBen
A240R,0.1834,LBen
A240S,0.0731,LBen
A240T,0.0608,LBen
A240V,0.077,LBen
A240W,0.4686,Amb
A240Y,0.2507,LBen
A241C,0.4038,Amb
A241D,0.3288,LBen
A241E,0.2757,LBen
A241F,0.2722,LBen
A241G,0.1386,LBen
A241H,0.3907,Amb
A241I,0.2593,LBen
A241K,0.3883,Amb
A241L,0.1765,LBen
A241M,0.2281,LBen
A241N,0.2632,LBen
A241P,0.9006,LPath
A241Q,0.3057,LBen
A241R,0.3252,LBen
A241S,0.0855,LBen
A241T,0.088,LBen
A241V,0.1249,LBen
A241W,0.6975,LPath
A241Y,0.423,Amb
Q242A,0.4555,Amb
Q242C,0.9128,LPath
Q242D,0.9454,LPath
Q242E,0.1528,LBen
Q242F,0.9634,LPath
Q242G,0.4363,Amb
Q242H,0.7523,LPath
Q242I,0.8407,LPath
Q242K,0.3841,Amb
Q242L,0.5043,Amb
Q242M,0.6827,LPath
Q242N,0.7053,LPath
Q242P,0.9165,LPath
Q242R,0.4524,Amb
Q242S,0.5499,Amb
Q242T,0.5117,Amb
Q242V,0.6341,LPath
Q242W,0.9474,LPath
Q242Y,0.8988,LPath
N243A,0.1704,LBen
N243C,0.2769,LBen
N243D,0.0805,LBen
N243E,0.1483,LBen
N243F,0.3907,Amb
N243G,0.2,LBen
N243H,0.0865,LBen
N243I,0.1696,LBen
N243K,0.146,LBen
N243L,0.2099,LBen
N243M,0.2377,LBen
N243P,0.9042,LPath
N243Q,0.1823,LBen
N243R,0.1977,LBen
N243S,0.0896,LBen
N243T,0.0997,LBen
N243V,0.163,LBen
N243W,0.5958,LPath
N243Y,0.1224,LBen
A244C,0.3476,Amb
A244D,0.1211,LBen
A244E,0.1345,LBen
A244F,0.1948,LBen
A244G,0.1109,LBen
A244H,0.2494,LBen
A244I,0.1436,LBen
A244K,0.2003,LBen
A244L,0.12,LBen
A244M,0.1496,LBen
A244N,0.1343,LBen
A244P,0.7327,LPath
A244Q,0.2034,LBen
A244R,0.1852,LBen
A244S,0.0796,LBen
A244T,0.0654,LBen
A244V,0.0871,LBen
A244W,0.5524,Amb
A244Y,0.2793,LBen
A245C,0.7921,LPath
A245D,0.9707,LPath
A245E,0.9489,LPath
A245F,0.9373,LPath
A245G,0.3636,Amb
A245H,0.973,LPath
A245I,0.8162,LPath
A245K,0.9869,LPath
A245L,0.7191,LPath
A245M,0.735,LPath
A245N,0.9329,LPath
A245P,0.988,LPath
A245Q,0.9383,LPath
A245R,0.9653,LPath
A245S,0.1995,LBen
A245T,0.2865,LBen
A245V,0.3924,Amb
A245W,0.9932,LPath
A245Y,0.9727,LPath
V246A,0.2216,LBen
V246C,0.7316,LPath
V246D,0.6203,LPath
V246E,0.3897,Amb
V246F,0.2266,LBen
V246G,0.2588,LBen
V246H,0.7169,LPath
V246I,0.0708,LBen
V246K,0.5779,LPath
V246L,0.1941,LBen
V246M,0.1385,LBen
V246N,0.3909,Amb
V246P,0.9551,LPath
V246Q,0.4363,Amb
V246R,0.5207,Amb
V246S,0.2618,LBen
V246T,0.2456,LBen
V246W,0.8585,LPath
V246Y,0.6606,LPath
Q247A,0.1336,LBen
Q247C,0.4145,Amb
Q247D,0.1649,LBen
Q247E,0.0596,LBen
Q247F,0.4796,Amb
Q247G,0.1393,LBen
Q247H,0.129,LBen
Q247I,0.2497,LBen
Q247K,0.0781,LBen
Q247L,0.0877,LBen
Q247M,0.2625,LBen
Q247N,0.1701,LBen
Q247P,0.4288,Amb
Q247R,0.0865,LBen
Q247S,0.1686,LBen
Q247T,0.1329,LBen
Q247V,0.1722,LBen
Q247W,0.3574,Amb
Q247Y,0.2919,LBen
A248C,0.6268,LPath
A248D,0.5889,LPath
A248E,0.4911,Amb
A248F,0.5548,Amb
A248G,0.2411,LBen
A248H,0.653,LPath
A248I,0.5155,Amb
A248K,0.7274,LPath
A248L,0.4212,Amb
A248M,0.3932,Amb
A248N,0.5113,Amb
A248P,0.9739,LPath
A248Q,0.5967,LPath
A248R,0.6491,LPath
A248S,0.135,LBen
A248T,0.1814,LBen
A248V,0.2242,LBen
A248W,0.898,LPath
A248Y,0.6799,LPath
V249A,0.5302,Amb
V249C,0.8895,LPath
V249D,0.9362,LPath
V249E,0.8556,LPath
V249F,0.5154,Amb
V249G,0.6176,LPath
V249H,0.9623,LPath
V249I,0.0808,LBen
V249K,0.9356,LPath
V249L,0.4372,Amb
V249M,0.2816,LBen
V249N,0.8194,LPath
V249P,0.9893,LPath
V249Q,0.8787,LPath
V249R,0.9172,LPath
V249S,0.6794,LPath
V249T,0.4874,Amb
V249W,0.9717,LPath
V249Y,0.9217,LPath
N250A,0.1028,LBen
N250C,0.155,LBen
N250D,0.0861,LBen
N250E,0.1694,LBen
N250F,0.2487,LBen
N250G,0.1382,LBen
N250H,0.073,LBen
N250I,0.0973,LBen
N250K,0.1432,LBen
N250L,0.1147,LBen
N250M,0.1574,LBen
N250P,0.8034,LPath
N250Q,0.1703,LBen
N250R,0.168,LBen
N250S,0.0617,LBen
N250T,0.0652,LBen
N250V,0.1057,LBen
N250W,0.487,Amb
N250Y,0.0987,LBen
A251C,0.3224,LBen
A251D,0.1146,LBen
A251E,0.1247,LBen
A251F,0.1764,LBen
A251G,0.1066,LBen
A251H,0.2208,LBen
A251I,0.142,LBen
A251K,0.2,LBen
A251L,0.1132,LBen
A251M,0.1398,LBen
A251N,0.1168,LBen
A251P,0.8085,LPath
A251Q,0.1744,LBen
A251R,0.1826,LBen
A251S,0.0771,LBen
A251T,0.0627,LBen
A251V,0.0914,LBen
A251W,0.497,Amb
A251Y,0.245,LBen
H252A,0.9481,LPath
H252C,0.752,LPath
H252D,0.9476,LPath
H252E,0.9616,LPath
H252F,0.776,LPath
H252G,0.9551,LPath
H252I,0.9509,LPath
H252K,0.9656,LPath
H252L,0.716,LPath
H252M,0.9677,LPath
H252N,0.7014,LPath
H252P,0.9211,LPath
H252Q,0.8747,LPath
H252R,0.8059,LPath
H252S,0.8893,LPath
H252T,0.9491,LPath
H252V,0.9213,LPath
H252W,0.8572,LPath
H252Y,0.3538,Amb
S253A,0.0534,LBen
S253C,0.1335,LBen
S253D,0.811,LPath
S253E,0.7513,LPath
S253F,0.4037,Amb
S253G,0.117,LBen
S253H,0.6613,LPath
S253I,0.33,LBen
S253K,0.886,LPath
S253L,0.1632,LBen
S253M,0.301,LBen
S253N,0.4309,Amb
S253P,0.9385,LPath
S253Q,0.7098,LPath
S253R,0.8254,LPath
S253T,0.0851,LBen
S253V,0.2326,LBen
S253W,0.6044,LPath
S253Y,0.3343,LBen
N254A,0.0827,LBen
N254C,0.1205,LBen
N254D,0.0705,LBen
N254E,0.139,LBen
N254F,0.2292,LBen
N254G,0.1088,LBen
N254H,0.0668,LBen
N254I,0.0948,LBen
N254K,0.1191,LBen
N254L,0.1118,LBen
N254M,0.1627,LBen
N254P,0.7274,LPath
N254Q,0.1305,LBen
N254R,0.1204,LBen
N254S,0.0566,LBen
N254T,0.0684,LBen
N254V,0.0886,LBen
N254W,0.453,Amb
N254Y,0.0878,LBen
I255A,0.2179,LBen
I255C,0.5142,Amb
I255D,0.4747,Amb
I255E,0.4153,Amb
I255F,0.1316,LBen
I255G,0.4928,Amb
I255H,0.3139,LBen
I255K,0.2292,LBen
I255L,0.095,LBen
I255M,0.0902,LBen
I255N,0.1892,LBen
I255P,0.8959,LPath
I255Q,0.2929,LBen
I255R,0.1763,LBen
I255S,0.1992,LBen
I255T,0.1375,LBen
I255V,0.0699,LBen
I255W,0.6671,LPath
I255Y,0.3634,Amb
L256A,0.9078,LPath
L256C,0.9119,LPath
L256D,0.9984,LPath
L256E,0.9783,LPath
L256F,0.6219,LPath
L256G,0.9827,LPath
L256H,0.9441,LPath
L256I,0.2432,LBen
L256K,0.957,LPath
L256M,0.3224,LBen
L256N,0.9885,LPath
L256P,0.9895,LPath
L256Q,0.8793,LPath
L256R,0.8846,LPath
L256S,0.9633,LPath
L256T,0.8991,LPath
L256V,0.2412,LBen
L256W,0.8688,LPath
L256Y,0.9417,LPath
K257A,0.6222,LPath
K257C,0.7673,LPath
K257D,0.9328,LPath
K257E,0.4282,Amb
K257F,0.8688,LPath
K257G,0.6884,LPath
K257H,0.4221,Amb
K257I,0.547,Amb
K257L,0.5127,Amb
K257M,0.3601,Amb
K257N,0.8107,LPath
K257P,0.974,LPath
K257Q,0.1896,LBen
K257R,0.0803,LBen
K257S,0.7571,LPath
K257T,0.4315,Amb
K257V,0.4992,Amb
K257W,0.7923,LPath
K257Y,0.7439,LPath
A258C,0.3893,Amb
A258D,0.1161,LBen
A258E,0.1043,LBen
A258F,0.2106,LBen
A258G,0.1155,LBen
A258H,0.2812,LBen
A258I,0.1391,LBen
A258K,0.2002,LBen
A258L,0.1067,LBen
A258M,0.1205,LBen
A258N,0.1313,LBen
A258P,0.6907,LPath
A258Q,0.1826,LBen
A258R,0.2114,LBen
A258S,0.0874,LBen
A258T,0.0649,LBen
A258V,0.0802,LBen
A258W,0.5243,Amb
A258Y,0.277,LBen
A259C,0.8829,LPath
A259D,0.9742,LPath
A259E,0.9458,LPath
A259F,0.9391,LPath
A259G,0.5998,LPath
A259H,0.9661,LPath
A259I,0.89,LPath
A259K,0.9854,LPath
A259L,0.8219,LPath
A259M,0.8576,LPath
A259N,0.9368,LPath
A259P,0.9894,LPath
A259Q,0.9331,LPath
A259R,0.9587,LPath
A259S,0.3043,LBen
A259T,0.537,Amb
A259V,0.6095,LPath
A259W,0.9902,LPath
A259Y,0.9687,LPath
M260A,0.8959,LPath
M260C,0.9601,LPath
M260D,0.9969,LPath
M260E,0.9751,LPath
M260F,0.8441,LPath
M260G,0.9674,LPath
M260H,0.9882,LPath
M260I,0.8448,LPath
M260K,0.9149,LPath
M260L,0.3243,LBen
M260N,0.9846,LPath
M260P,0.9935,LPath
M260Q,0.9213,LPath
M260R,0.9014,LPath
M260S,0.9462,LPath
M260T,0.8125,LPath
M260V,0.2077,LBen
M260W,0.9691,LPath
M260Y,0.9827,LPath
D261A,0.4424,Amb
D261C,0.8839,LPath
D261E,0.245,LBen
D261F,0.8484,LPath
D261G,0.3024,LBen
D261H,0.6798,LPath
D261I,0.7088,LPath
D261K,0.7891,LPath
D261L,0.6827,LPath
D261M,0.8732,LPath
D261N,0.2508,LBen
D261P,0.9735,LPath
D261Q,0.6531,LPath
D261R,0.7657,LPath
D261S,0.3705,Amb
D261T,0.5791,LPath
D261V,0.4426,Amb
D261W,0.9569,LPath
D261Y,0.498,Amb
N262A,0.1415,LBen
N262C,0.2207,LBen
N262D,0.0614,LBen
N262E,0.2076,LBen
N262F,0.3753,Amb
N262G,0.1736,LBen
N262H,0.0998,LBen
N262I,0.1555,LBen
N262K,0.2299,LBen
N262L,0.1994,LBen
N262M,0.2849,LBen
N262P,0.5565,Amb
N262Q,0.2496,LBen
N262R,0.254,LBen
N262S,0.0684,LBen
N262T,0.0988,LBen
N262V,0.1512,LBen
N262W,0.6741,LPath
N262Y,0.1485,LBen
S263A,0.0537,LBen
S263C,0.1182,LBen
S263D,0.2685,LBen
S263E,0.3106,LBen
S263F,0.1999,LBen
S263G,0.0908,LBen
S263H,0.3031,LBen
S263I,0.1732,LBen
S263K,0.4947,Amb
S263L,0.1015,LBen
S263M,0.1853,LBen
S263N,0.1628,LBen
S263P,0.0973,LBen
S263Q,0.3759,Amb
S263R,0.463,Amb
S263T,0.0692,LBen
S263V,0.1269,LBen
S263W,0.2841,LBen
S263Y,0.1729,LBen
E264A,0.1406,LBen
E264C,0.8022,LPath
E264D,0.1073,LBen
E264F,0.6992,LPath
E264G,0.1203,LBen
E264H,0.3579,Amb
E264I,0.3709,Amb
E264K,0.1365,LBen
E264L,0.3718,Amb
E264M,0.4574,Amb
E264N,0.2146,LBen
E264P,0.4693,Amb
E264Q,0.1271,LBen
E264R,0.2244,LBen
E264S,0.179,LBen
E264T,0.2057,LBen
E264V,0.2019,LBen
E264W,0.849,LPath
E264Y,0.5688,LPath
I265A,0.0955,LBen
I265C,0.3913,Amb
I265D,0.1679,LBen
I265E,0.1737,LBen
I265F,0.0772,LBen
I265G,0.2139,LBen
I265H,0.2043,LBen
I265K,0.1645,LBen
I265L,0.0748,LBen
I265M,0.062,LBen
I265N,0.0813,LBen
I265P,0.2277,LBen
I265Q,0.1911,LBen
I265R,0.1362,LBen
I265S,0.0953,LBen
I265T,0.0682,LBen
I265V,0.0637,LBen
I265W,0.4098,Amb
I265Y,0.2401,LBen
A266C,0.3197,LBen
A266D,0.1161,LBen
A266E,0.1189,LBen
A266F,0.2059,LBen
A266G,0.0961,LBen
A266H,0.2374,LBen
A266I,0.1359,LBen
A266K,0.2113,LBen
A266L,0.1115,LBen
A266M,0.1581,LBen
A266N,0.1432,LBen
A266P,0.0737,LBen
A266Q,0.178,LBen
A266R,0.2005,LBen
A266S,0.0778,LBen
A266T,0.0676,LBen
A266V,0.0864,LBen
A266W,0.4326,Amb
A266Y,0.2776,LBen
G267A,0.0844,LBen
G267C,0.1624,LBen
G267D,0.1214,LBen
G267E,0.1303,LBen
G267F,0.3588,Amb
G267H,0.2378,LBen
G267I,0.1734,LBen
G267K,0.2283,LBen
G267L,0.2254,LBen
G267M,0.3091,LBen
G267N,0.1828,LBen
G267P,0.2984,LBen
G267Q,0.1977,LBen
G267R,0.1552,LBen
G267S,0.0805,LBen
G267T,0.1064,LBen
G267V,0.1078,LBen
G267W,0.2634,LBen
G267Y,0.2677,LBen
E268A,0.1178,LBen
E268C,0.7023,LPath
E268D,0.0771,LBen
E268F,0.5537,Amb
E268G,0.0782,LBen
E268H,0.2935,LBen
E268I,0.2562,LBen
E268K,0.1042,LBen
E268L,0.2603,LBen
E268M,0.3342,LBen
E268N,0.1498,LBen
E268P,0.2584,LBen
E268Q,0.112,LBen
E268R,0.1723,LBen
E268S,0.1306,LBen
E268T,0.1633,LBen
E268V,0.1537,LBen
E268W,0.704,LPath
E268Y,0.4205,Amb
K269A,0.1585,LBen
K269C,0.5168,Amb
K269D,0.1681,LBen
K269E,0.0715,LBen
K269F,0.5125,Amb
K269G,0.1617,LBen
K269H,0.1907,LBen
K269I,0.2069,LBen
K269L,0.1819,LBen
K269M,0.1289,LBen
K269N,0.1125,LBen
K269P,0.3786,Amb
K269Q,0.0817,LBen
K269R,0.0816,LBen
K269S,0.1444,LBen
K269T,0.0944,LBen
K269V,0.1805,LBen
K269W,0.547,Amb
K269Y,0.3496,Amb
K270A,0.7161,LPath
K270C,0.9328,LPath
K270D,0.8271,LPath
K270E,0.5766,LPath
K270F,0.9345,LPath
K270G,0.7441,LPath
K270H,0.6596,LPath
K270I,0.6074,LPath
K270L,0.6239,LPath
K270M,0.4446,Amb
K270N,0.7477,LPath
K270P,0.8259,LPath
K270Q,0.3423,Amb
K270R,0.1542,LBen
K270S,0.7903,LPath
K270T,0.4315,Amb
K270V,0.5905,LPath
K270W,0.9313,LPath
K270Y,0.8209,LPath
S271A,0.0556,LBen
S271C,0.1755,LBen
S271D,0.3524,Amb
S271E,0.3842,Amb
S271F,0.2118,LBen
S271G,0.1083,LBen
S271H,0.3782,Amb
S271I,0.2007,LBen
S271K,0.6316,LPath
S271L,0.0987,LBen
S271M,0.1992,LBen
S271N,0.2049,LBen
S271P,0.1273,LBen
S271Q,0.4622,Amb
S271R,0.6167,LPath
S271T,0.0779,LBen
S271V,0.1569,LBen
S271W,0.3086,LBen
S271Y,0.1893,LBen
A272C,0.407,Amb
A272D,0.1256,LBen
A272E,0.1154,LBen
A272F,0.1921,LBen
A272G,0.1069,LBen
A272H,0.2824,LBen
A272I,0.1298,LBen
A272K,0.2422,LBen
A272L,0.1012,LBen
A272M,0.1507,LBen
A272N,0.1572,LBen
A272P,0.2086,LBen
A272Q,0.1863,LBen
A272R,0.2239,LBen
A272S,0.0812,LBen
A272T,0.072,LBen
A272V,0.0806,LBen
A272W,0.4899,Amb
A272Y,0.2931,LBen
Q273A,0.2848,LBen
Q273C,0.8381,LPath
Q273D,0.5674,LPath
Q273E,0.0994,LBen
Q273F,0.8602,LPath
Q273G,0.4281,Amb
Q273H,0.466,Amb
Q273I,0.5224,Amb
Q273K,0.1757,LBen
Q273L,0.2007,LBen
Q273M,0.4825,Amb
Q273N,0.5047,Amb
Q273P,0.4279,Amb
Q273R,0.194,LBen
Q273S,0.4083,Amb
Q273T,0.3467,Amb
Q273V,0.3575,Amb
Q273W,0.7837,LPath
Q273Y,0.7242,LPath
W274A,0.9828,LPath
W274C,0.994,LPath
W274D,0.9931,LPath
W274E,0.992,LPath
W274F,0.7722,LPath
W274G,0.9097,LPath
W274H,0.9864,LPath
W274I,0.9635,LPath
W274K,0.9956,LPath
W274L,0.9237,LPath
W274M,0.9726,LPath
W274N,0.9921,LPath
W274P,0.9973,LPath
W274Q,0.9937,LPath
W274R,0.9929,LPath
W274S,0.9697,LPath
W274T,0.9847,LPath
W274V,0.9663,LPath
W274Y,0.8794,LPath
R275A,0.3095,LBen
R275C,0.1429,LBen
R275D,0.4876,Amb
R275E,0.2296,LBen
R275F,0.45,Amb
R275G,0.1825,LBen
R275H,0.091,LBen
R275I,0.1951,LBen
R275K,0.1003,LBen
R275L,0.169,LBen
R275M,0.1942,LBen
R275N,0.426,Amb
R275P,0.7858,LPath
R275Q,0.0822,LBen
R275S,0.3744,Amb
R275T,0.2178,LBen
R275V,0.258,LBen
R275W,0.1696,LBen
R275Y,0.2994,LBen
T276A,0.0754,LBen
T276C,0.4361,Amb
T276D,0.2175,LBen
T276E,0.1782,LBen
T276F,0.1969,LBen
T276G,0.2362,LBen
T276H,0.2079,LBen
T276I,0.1336,LBen
T276K,0.1644,LBen
T276L,0.0871,LBen
T276M,0.0788,LBen
T276N,0.1103,LBen
T276P,0.3542,Amb
T276Q,0.1836,LBen
T276R,0.1424,LBen
T276S,0.111,LBen
T276V,0.1157,LBen
T276W,0.5068,Amb
T276Y,0.2699,LBen
V277A,0.3981,Amb
V277C,0.937,LPath
V277D,0.975,LPath
V277E,0.9201,LPath
V277F,0.7093,LPath
V277G,0.7109,LPath
V277H,0.9788,LPath
V277I,0.1546,LBen
V277K,0.946,LPath
V277L,0.3266,LBen
V277M,0.329,LBen
V277N,0.9372,LPath
V277P,0.9771,LPath
V277Q,0.9173,LPath
V277R,0.9208,LPath
V277S,0.7904,LPath
V277T,0.516,Amb
V277W,0.9853,LPath
V277Y,0.9658,LPath
E278A,0.2707,LBen
E278C,0.9553,LPath
E278D,0.4037,Amb
E278F,0.942,LPath
E278G,0.3021,LBen
E278H,0.7831,LPath
E278I,0.7556,LPath
E278K,0.4131,Amb
E278L,0.7548,LPath
E278M,0.7889,LPath
E278N,0.5967,LPath
E278P,0.9741,LPath
E278Q,0.2576,LBen
E278R,0.5559,Amb
E278S,0.368,Amb
E278T,0.4406,Amb
E278V,0.4878,Amb
E278W,0.9784,LPath
E278Y,0.8943,LPath
G279A,0.0878,LBen
G279C,0.1744,LBen
G279D,0.111,LBen
G279E,0.1152,LBen
G279F,0.3365,LBen
G279H,0.2786,LBen
G279I,0.1543,LBen
G279K,0.2926,LBen
G279L,0.2483,LBen
G279M,0.2907,LBen
G279N,0.1718,LBen
G279P,0.9276,LPath
G279Q,0.2444,LBen
G279R,0.2475,LBen
G279S,0.0938,LBen
G279T,0.1014,LBen
G279V,0.0992,LBen
G279W,0.2977,LBen
G279Y,0.2432,LBen
A280C,0.5244,Amb
A280D,0.6117,LPath
A280E,0.5149,Amb
A280F,0.4151,Amb
A280G,0.2598,LBen
A280H,0.6127,LPath
A280I,0.4367,Amb
A280K,0.7282,LPath
A280L,0.3211,LBen
A280M,0.327,LBen
A280N,0.4573,Amb
A280P,0.9506,LPath
A280Q,0.5443,Amb
A280R,0.6252,LPath
A280S,0.126,LBen
A280T,0.1539,LBen
A280V,0.1992,LBen
A280W,0.8576,LPath
A280Y,0.5808,LPath
L281A,0.497,Amb
L281C,0.7584,LPath
L281D,0.9386,LPath
L281E,0.676,LPath
L281F,0.2911,LBen
L281G,0.7491,LPath
L281H,0.5277,Amb
L281I,0.2172,LBen
L281K,0.6028,LPath
L281M,0.183,LBen
L281N,0.7512,LPath
L281P,0.9536,LPath
L281Q,0.3139,LBen
L281R,0.4147,Amb
L281S,0.5609,Amb
L281T,0.5838,LPath
L281V,0.1656,LBen
L281W,0.4204,Amb
L281Y,0.6222,LPath
K282A,0.2142,LBen
K282C,0.6087,LPath
K282D,0.4909,Amb
K282E,0.1189,LBen
K282F,0.6709,LPath
K282G,0.2621,LBen
K282H,0.2691,LBen
K282I,0.2721,LBen
K282L,0.2191,LBen
K282M,0.1629,LBen
K282N,0.3224,LBen
K282P,0.8275,LPath
K282Q,0.0981,LBen
K282R,0.0802,LBen
K282S,0.2939,LBen
K282T,0.1309,LBen
K282V,0.2408,LBen
K282W,0.6137,LPath
K282Y,0.535,Amb
E283A,0.1003,LBen
E283C,0.7246,LPath
E283D,0.0943,LBen
E283F,0.5342,Amb
E283G,0.096,LBen
E283H,0.3464,Amb
E283I,0.2042,LBen
E283K,0.1305,LBen
E283L,0.2185,LBen
E283M,0.3154,LBen
E283N,0.1826,LBen
E283P,0.8719,LPath
E283Q,0.1109,LBen
E283R,0.2249,LBen
E283S,0.1709,LBen
E283T,0.1616,LBen
E283V,0.1041,LBen
E283W,0.7852,LPath
E283Y,0.4095,Amb
R284A,0.9212,LPath
R284C,0.5619,Amb
R284D,0.9773,LPath
R284E,0.8818,LPath
R284F,0.976,LPath
R284G,0.7686,LPath
R284H,0.5062,Amb
R284I,0.9232,LPath
R284K,0.4189,Amb
R284L,0.8681,LPath
R284M,0.916,LPath
R284N,0.9527,LPath
R284P,0.9895,LPath
R284Q,0.3764,Amb
R284S,0.9402,LPath
R284T,0.9007,LPath
R284V,0.9107,LPath
R284W,0.6814,LPath
R284Y,0.8652,LPath
R285A,0.4213,Amb
R285C,0.1917,LBen
R285D,0.6728,LPath
R285E,0.3246,LBen
R285F,0.6515,LPath
R285G,0.1787,LBen
R285H,0.1221,LBen
R285I,0.3497,Amb
R285K,0.1248,LBen
R285L,0.3162,LBen
R285M,0.3017,LBen
R285N,0.5576,Amb
R285P,0.9209,LPath
R285Q,0.0908,LBen
R285S,0.4059,Amb
R285T,0.2384,LBen
R285V,0.43,Amb
R285W,0.2095,LBen
R285Y,0.4651,Amb
K286A,0.2031,LBen
K286C,0.5452,Amb
K286D,0.4465,Amb
K286E,0.1227,LBen
K286F,0.5483,Amb
K286G,0.2852,LBen
K286H,0.2265,LBen
K286I,0.1689,LBen
K286L,0.1836,LBen
K286M,0.1203,LBen
K286N,0.2684,LBen
K286P,0.9003,LPath
K286Q,0.1034,LBen
K286R,0.0804,LBen
K286S,0.2989,LBen
K286T,0.1191,LBen
K286V,0.1644,LBen
K286W,0.5975,LPath
K286Y,0.469,Amb
A287C,0.4921,Amb
A287D,0.3946,Amb
A287E,0.3381,LBen
A287F,0.3529,Amb
A287G,0.2075,LBen
A287H,0.5032,Amb
A287I,0.2859,LBen
A287K,0.5374,Amb
A287L,0.2302,LBen
A287M,0.2339,LBen
A287N,0.3361,LBen
A287P,0.9544,LPath
A287Q,0.4382,Amb
A287R,0.4648,Amb
A287S,0.1111,LBen
A287T,0.0991,LBen
A287V,0.1162,LBen
A287W,0.7916,LPath
A287Y,0.5049,Amb
V288A,0.2765,LBen
V288C,0.8792,LPath
V288D,0.7671,LPath
V288E,0.5306,Amb
V288F,0.3673,Amb
V288G,0.3571,Amb
V288H,0.8664,LPath
V288I,0.1188,LBen
V288K,0.6939,LPath
V288L,0.3612,Amb
V288M,0.1683,LBen
V288N,0.6071,LPath
V288P,0.9838,LPath
V288Q,0.5804,LPath
V288R,0.6438,LPath
V288S,0.4251,Amb
V288T,0.2739,LBen
V288W,0.9376,LPath
V288Y,0.86,LPath
D289A,0.1803,LBen
D289C,0.6248,LPath
D289E,0.192,LBen
D289F,0.5506,Amb
D289G,0.1165,LBen
D289H,0.2996,LBen
D289I,0.3689,Amb
D289K,0.4285,Amb
D289L,0.3893,Amb
D289M,0.6142,LPath
D289N,0.1024,LBen
D289P,0.9395,LPath
D289Q,0.3742,Amb
D289R,0.4,Amb
D289S,0.1316,LBen
D289T,0.2224,LBen
D289V,0.2025,LBen
D289W,0.8374,LPath
D289Y,0.2043,LBen
E290A,0.0991,LBen
E290C,0.6985,LPath
E290D,0.0946,LBen
E290F,0.5013,Amb
E290G,0.1035,LBen
E290H,0.2801,LBen
E290I,0.2055,LBen
E290K,0.0846,LBen
E290L,0.2225,LBen
E290M,0.2869,LBen
E290N,0.159,LBen
E290P,0.9446,LPath
E290Q,0.1115,LBen
E290R,0.16,LBen
E290S,0.1552,LBen
E290T,0.1395,LBen
E290V,0.1189,LBen
E290W,0.7689,LPath
E290Y,0.392,Amb
A291C,0.9113,LPath
A291D,0.9241,LPath
A291E,0.9492,LPath
A291F,0.9632,LPath
A291G,0.1984,LBen
A291H,0.9737,LPath
A291I,0.9623,LPath
A291K,0.9894,LPath
A291L,0.872,LPath
A291M,0.8841,LPath
A291N,0.9143,LPath
A291P,0.9921,LPath
A291Q,0.9564,LPath
A291R,0.9724,LPath
A291S,0.2111,LBen
A291T,0.589,LPath
A291V,0.735,LPath
A291W,0.9947,LPath
A291Y,0.9703,LPath
A292C,0.5996,LPath
A292D,0.4046,Amb
A292E,0.3491,Amb
A292F,0.4925,Amb
A292G,0.1292,LBen
A292H,0.5993,LPath
A292I,0.4043,Amb
A292K,0.5745,LPath
A292L,0.2974,LBen
A292M,0.299,LBen
A292N,0.2936,LBen
A292P,0.8979,LPath
A292Q,0.4349,Amb
A292R,0.4749,Amb
A292S,0.0994,LBen
A292T,0.0835,LBen
A292V,0.1774,LBen
A292W,0.8393,LPath
A292Y,0.6332,LPath
D293A,0.1086,LBen
D293C,0.5052,Amb
D293E,0.1641,LBen
D293F,0.3812,Amb
D293G,0.1155,LBen
D293H,0.2136,LBen
D293I,0.2188,LBen
D293K,0.2984,LBen
D293L,0.2523,LBen
D293M,0.4566,Amb
D293N,0.0808,LBen
D293P,0.8632,LPath
D293Q,0.2968,LBen
D293R,0.3024,LBen
D293S,0.1024,LBen
D293T,0.1521,LBen
D293V,0.1158,LBen
D293W,0.8041,LPath
D293Y,0.1499,LBen
A294C,0.3589,Amb
A294D,0.2601,LBen
A294E,0.2634,LBen
A294F,0.248,LBen
A294G,0.1376,LBen
A294H,0.3809,Amb
A294I,0.1719,LBen
A294K,0.4073,Amb
A294L,0.1645,LBen
A294M,0.179,LBen
A294N,0.2086,LBen
A294P,0.8825,LPath
A294Q,0.3333,LBen
A294R,0.3427,Amb
A294S,0.086,LBen
A294T,0.0753,LBen
A294V,0.0917,LBen
A294W,0.6894,LPath
A294Y,0.373,Amb
L295A,0.2948,LBen
L295C,0.5678,LPath
L295D,0.8677,LPath
L295E,0.4755,Amb
L295F,0.1871,LBen
L295G,0.6143,LPath
L295H,0.2643,LBen
L295I,0.1326,LBen
L295K,0.4442,Amb
L295M,0.1317,LBen
L295N,0.5205,Amb
L295P,0.9526,LPath
L295Q,0.1796,LBen
L295R,0.2577,LBen
L295S,0.2856,LBen
L295T,0.2798,LBen
L295V,0.103,LBen
L295W,0.4195,Amb
L295Y,0.4459,Amb
L296A,0.2665,LBen
L296C,0.4808,Amb
L296D,0.6725,LPath
L296E,0.3284,LBen
L296F,0.1698,LBen
L296G,0.385,Amb
L296H,0.2177,LBen
L296I,0.1219,LBen
L296K,0.2994,LBen
L296M,0.1299,LBen
L296N,0.3927,Amb
L296P,0.774,LPath
L296Q,0.1311,LBen
L296R,0.1847,LBen
L296S,0.2484,LBen
L296T,0.2566,LBen
L296V,0.108,LBen
L296W,0.2285,LBen
L296Y,0.3683,Amb
K297A,0.2125,LBen
K297C,0.5078,Amb
K297D,0.4922,Amb
K297E,0.1328,LBen
K297F,0.5518,Amb
K297G,0.3116,LBen
K297H,0.2022,LBen
K297I,0.2056,LBen
K297L,0.1738,LBen
K297M,0.1412,LBen
K297N,0.285,LBen
K297P,0.862,LPath
K297Q,0.1029,LBen
K297R,0.0806,LBen
K297S,0.3047,LBen
K297T,0.1308,LBen
K297V,0.1919,LBen
K297W,0.5633,Amb
K297Y,0.4451,Amb
A298C,0.8126,LPath
A298D,0.9382,LPath
A298E,0.9305,LPath
A298F,0.9397,LPath
A298G,0.1506,LBen
A298H,0.9719,LPath
A298I,0.8722,LPath
A298K,0.9855,LPath
A298L,0.7506,LPath
A298M,0.7787,LPath
A298N,0.8894,LPath
A298P,0.989,LPath
A298Q,0.9319,LPath
A298R,0.9669,LPath
A298S,0.1607,LBen
A298T,0.319,LBen
A298V,0.5005,Amb
A298W,0.9911,LPath
A298Y,0.9684,LPath
K299A,0.6067,LPath
K299C,0.8968,LPath
K299D,0.8248,LPath
K299E,0.2528,LBen
K299F,0.9402,LPath
K299G,0.5306,Amb
K299H,0.5725,LPath
K299I,0.7109,LPath
K299L,0.6367,LPath
K299M,0.4567,Amb
K299N,0.6431,LPath
K299P,0.9777,LPath
K299Q,0.213,LBen
K299R,0.1009,LBen
K299S,0.6386,LPath
K299T,0.3348,LBen
K299V,0.568,LPath
K299W,0.8862,LPath
K299Y,0.8526,LPath
E300A,0.1241,LBen
E300C,0.7927,LPath
E300D,0.1459,LBen
E300F,0.6921,LPath
E300G,0.0905,LBen
E300H,0.4447,Amb
E300I,0.3139,LBen
E300K,0.145,LBen
E300L,0.3205,LBen
E300M,0.385,Amb
E300N,0.2502,LBen
E300P,0.9358,LPath
E300Q,0.1405,LBen
E300R,0.2538,LBen
E300S,0.208,LBen
E300T,0.1825,LBen
E300V,0.1628,LBen
E300W,0.8489,LPath
E300Y,0.5457,Amb
E301A,0.0911,LBen
E301C,0.6759,LPath
E301D,0.1797,LBen
E301F,0.6232,LPath
E301G,0.1044,LBen
E301H,0.3128,LBen
E301I,0.2928,LBen
E301K,0.1281,LBen
E301L,0.2983,LBen
E301M,0.3545,Amb
E301N,0.1958,LBen
E301P,0.917,LPath
E301Q,0.0973,LBen
E301R,0.2127,LBen
E301S,0.1483,LBen
E301T,0.1619,LBen
E301V,0.1491,LBen
E301W,0.8135,LPath
E301Y,0.4403,Amb
L302A,0.3911,Amb
L302C,0.6962,LPath
L302D,0.9603,LPath
L302E,0.7545,LPath
L302F,0.4081,Amb
L302G,0.7525,LPath
L302H,0.6439,LPath
L302I,0.0813,LBen
L302K,0.6762,LPath
L302M,0.1158,LBen
L302N,0.7581,LPath
L302P,0.9721,LPath
L302Q,0.4613,Amb
L302R,0.551,Amb
L302S,0.6087,LPath
L302T,0.2909,LBen
L302V,0.0968,LBen
L302W,0.6295,LPath
L302Y,0.7451,LPath
E303A,0.2136,LBen
E303C,0.8693,LPath
E303D,0.1754,LBen
E303F,0.7975,LPath
E303G,0.1252,LBen
E303H,0.5578,Amb
E303I,0.5162,Amb
E303K,0.2885,LBen
E303L,0.4257,Amb
E303M,0.6006,LPath
E303N,0.3738,Amb
E303P,0.92,LPath
E303Q,0.1695,LBen
E303R,0.3664,Amb
E303S,0.2912,LBen
E303T,0.3616,Amb
E303V,0.2788,LBen
E303W,0.897,LPath
E303Y,0.6943,LPath
K304A,0.218,LBen
K304C,0.5286,Amb
K304D,0.3374,LBen
K304E,0.1217,LBen
K304F,0.5389,Amb
K304G,0.2317,LBen
K304H,0.1972,LBen
K304I,0.2045,LBen
K304L,0.2092,LBen
K304M,0.1239,LBen
K304N,0.1533,LBen
K304P,0.8982,LPath
K304Q,0.1139,LBen
K304R,0.0844,LBen
K304S,0.2313,LBen
K304T,0.1117,LBen
K304V,0.2029,LBen
K304W,0.5766,LPath
K304Y,0.378,Amb
M305A,0.3072,LBen
M305C,0.7196,LPath
M305D,0.9219,LPath
M305E,0.6827,LPath
M305F,0.5883,LPath
M305G,0.5669,LPath
M305H,0.798,LPath
M305I,0.4612,Amb
M305K,0.5005,Amb
M305L,0.1333,LBen
M305N,0.5329,Amb
M305P,0.9637,LPath
M305Q,0.4614,Amb
M305R,0.5005,Amb
M305S,0.3966,Amb
M305T,0.1164,LBen
M305V,0.1372,LBen
M305W,0.8598,LPath
M305Y,0.7811,LPath
K306A,0.3219,LBen
K306C,0.6508,LPath
K306D,0.5904,LPath
K306E,0.1562,LBen
K306F,0.7344,LPath
K306G,0.3583,Amb
K306H,0.2528,LBen
K306I,0.3241,LBen
K306L,0.3005,LBen
K306M,0.2003,LBen
K306N,0.3341,LBen
K306P,0.9012,LPath
K306Q,0.1064,LBen
K306R,0.0827,LBen
K306S,0.3722,Amb
K306T,0.1663,LBen
K306V,0.297,LBen
K306W,0.6691,LPath
K306Y,0.5473,Amb
S307A,0.0712,LBen
S307C,0.0795,LBen
S307D,0.124,LBen
S307E,0.199,LBen
S307F,0.1439,LBen
S307G,0.0534,LBen
S307H,0.1618,LBen
S307I,0.0786,LBen
S307K,0.2607,LBen
S307L,0.0894,LBen
S307M,0.1243,LBen
S307N,0.0729,LBen
S307P,0.4897,Amb
S307Q,0.2444,LBen
S307R,0.2095,LBen
S307T,0.0662,LBen
S307V,0.092,LBen
S307W,0.1989,LBen
S307Y,0.1095,LBen
V308A,0.1203,LBen
V308C,0.5096,Amb
V308D,0.1582,LBen
V308E,0.1444,LBen
V308F,0.1173,LBen
V308G,0.1359,LBen
V308H,0.306,LBen
V308I,0.0693,LBen
V308K,0.2004,LBen
V308L,0.1272,LBen
V308M,0.092,LBen
V308N,0.1271,LBen
V308P,0.8261,LPath
V308Q,0.1876,LBen
V308R,0.1825,LBen
V308S,0.1265,LBen
V308T,0.1073,LBen
V308W,0.6193,LPath
V308Y,0.3467,Amb
I309A,0.2994,LBen
I309C,0.8336,LPath
I309D,0.946,LPath
I309E,0.8586,LPath
I309F,0.333,LBen
I309G,0.7772,LPath
I309H,0.8429,LPath
I309K,0.7544,LPath
I309L,0.1386,LBen
I309M,0.1061,LBen
I309N,0.6646,LPath
I309P,0.9343,LPath
I309Q,0.7557,LPath
I309R,0.6274,LPath
I309S,0.4349,Amb
I309T,0.1425,LBen
I309V,0.1039,LBen
I309W,0.8858,LPath
I309Y,0.8169,LPath
E310A,0.1122,LBen
E310C,0.691,LPath
E310D,0.0929,LBen
E310F,0.5816,LPath
E310G,0.0842,LBen
E310H,0.2847,LBen
E310I,0.274,LBen
E310K,0.1166,LBen
E310L,0.2798,LBen
E310M,0.3679,Amb
E310N,0.171,LBen
E310P,0.845,LPath
E310Q,0.1053,LBen
E310R,0.1805,LBen
E310S,0.1424,LBen
E310T,0.1543,LBen
E310V,0.1653,LBen
E310W,0.7255,LPath
E310Y,0.4276,Amb
N311A,0.1054,LBen
N311C,0.1693,LBen
N311D,0.0653,LBen
N311E,0.131,LBen
N311F,0.2416,LBen
N311G,0.1499,LBen
N311H,0.0832,LBen
N311I,0.0969,LBen
N311K,0.1202,LBen
N311L,0.1381,LBen
N311M,0.1572,LBen
N311P,0.6676,LPath
N311Q,0.1566,LBen
N311R,0.1586,LBen
N311S,0.0777,LBen
N311T,0.074,LBen
N311V,0.098,LBen
N311W,0.4491,Amb
N311Y,0.0884,LBen
A312C,0.395,Amb
A312D,0.3589,Amb
A312E,0.2872,LBen
A312F,0.3793,Amb
A312G,0.1253,LBen
A312H,0.4775,Amb
A312I,0.259,LBen
A312K,0.5198,Amb
A312L,0.2395,LBen
A312M,0.2359,LBen
A312N,0.2953,LBen
A312P,0.853,LPath
A312Q,0.3928,Amb
A312R,0.4522,Amb
A312S,0.0901,LBen
A312T,0.0774,LBen
A312V,0.1313,LBen
A312W,0.702,LPath
A312Y,0.4609,Amb
K313A,0.3474,Amb
K313C,0.7097,LPath
K313D,0.627,LPath
K313E,0.1463,LBen
K313F,0.8357,LPath
K313G,0.3045,LBen
K313H,0.3783,Amb
K313I,0.4472,Amb
K313L,0.3917,Amb
K313M,0.2828,LBen
K313N,0.4697,Amb
K313P,0.8407,LPath
K313Q,0.1142,LBen
K313R,0.0784,LBen
K313S,0.4013,Amb
K313T,0.2319,LBen
K313V,0.3508,Amb
K313W,0.7284,LPath
K313Y,0.7092,LPath
K314A,0.1528,LBen
K314C,0.4486,Amb
K314D,0.2283,LBen
K314E,0.0722,LBen
K314F,0.4687,Amb
K314G,0.1519,LBen
K314H,0.1896,LBen
K314I,0.1698,LBen
K314L,0.1513,LBen
K314M,0.1043,LBen
K314N,0.1403,LBen
K314P,0.5402,Amb
K314Q,0.0748,LBen
K314R,0.0781,LBen
K314S,0.1603,LBen
K314T,0.0911,LBen
K314V,0.159,LBen
K314W,0.4672,Amb
K314Y,0.3403,Amb
K315A,0.0992,LBen
K315C,0.3735,Amb
K315D,0.131,LBen
K315E,0.0526,LBen
K315F,0.3671,Amb
K315G,0.1143,LBen
K315H,0.1527,LBen
K315I,0.137,LBen
K315L,0.1169,LBen
K315M,0.0883,LBen
K315N,0.0972,LBen
K315P,0.3269,LBen
K315Q,0.0728,LBen
K315R,0.0728,LBen
K315S,0.1041,LBen
K315T,0.0616,LBen
K315V,0.1183,LBen
K315W,0.3822,Amb
K315Y,0.2699,LBen
E316A,0.0786,LBen
E316C,0.5566,Amb
E316D,0.0779,LBen
E316F,0.4531,Amb
E316G,0.0758,LBen
E316H,0.2095,LBen
E316I,0.188,LBen
E316K,0.0964,LBen
E316L,0.2002,LBen
E316M,0.2689,LBen
E316N,0.1272,LBen
E316P,0.2346,LBen
E316Q,0.0976,LBen
E316R,0.1411,LBen
E316S,0.1189,LBen
E316T,0.1108,LBen
E316V,0.1027,LBen
E316W,0.6009,LPath
E316Y,0.3114,LBen
V317A,0.0938,LBen
V317C,0.5184,Amb
V317D,0.1457,LBen
V317E,0.1456,LBen
V317F,0.0915,LBen
V317G,0.1114,LBen
V317H,0.3166,LBen
V317I,0.0684,LBen
V317K,0.2183,LBen
V317L,0.0949,LBen
V317M,0.0795,LBen
V317N,0.1404,LBen
V317P,0.2598,LBen
V317Q,0.214,LBen
V317R,0.2052,LBen
V317S,0.1175,LBen
V317T,0.1072,LBen
V317W,0.4324,Amb
V317Y,0.2815,LBen
A318C,0.3048,LBen
A318D,0.1118,LBen
A318E,0.1253,LBen
A318F,0.1674,LBen
A318G,0.0959,LBen
A318H,0.2068,LBen
A318I,0.119,LBen
A318K,0.1971,LBen
A318L,0.0987,LBen
A318M,0.1416,LBen
A318N,0.1333,LBen
A318P,0.0691,LBen
A318Q,0.1691,LBen
A318R,0.1763,LBen
A318S,0.0788,LBen
A318T,0.0672,LBen
A318V,0.0775,LBen
A318W,0.3808,Amb
A318Y,0.2362,LBen
G319A,0.0865,LBen
G319C,0.2082,LBen
G319D,0.1445,LBen
G319E,0.1521,LBen
G319F,0.3921,Amb
G319H,0.2812,LBen
G319I,0.1818,LBen
G319K,0.2666,LBen
G319L,0.2756,LBen
G319M,0.3341,LBen
G319N,0.2302,LBen
G319P,0.5525,Amb
G319Q,0.2306,LBen
G319R,0.1758,LBen
G319S,0.092,LBen
G319T,0.1142,LBen
G319V,0.1201,LBen
G319W,0.3231,LBen
G319Y,0.3094,LBen
A320C,0.3516,Amb
A320D,0.3016,LBen
A320E,0.2705,LBen
A320F,0.2933,LBen
A320G,0.1227,LBen
A320H,0.4785,Amb
A320I,0.1742,LBen
A320K,0.4535,Amb
A320L,0.1658,LBen
A320M,0.1732,LBen
A320N,0.2681,LBen
A320P,0.3234,LBen
A320Q,0.3586,Amb
A320R,0.4094,Amb
A320S,0.0947,LBen
A320T,0.0724,LBen
A320V,0.0933,LBen
A320W,0.6106,LPath
A320Y,0.4191,Amb
K321A,0.1635,LBen
K321C,0.5299,Amb
K321D,0.3547,Amb
K321E,0.1112,LBen
K321F,0.4446,Amb
K321G,0.1987,LBen
K321H,0.209,LBen
K321I,0.1677,LBen
K321L,0.1651,LBen
K321M,0.1371,LBen
K321N,0.2204,LBen
K321P,0.4049,Amb
K321Q,0.0977,LBen
K321R,0.0806,LBen
K321S,0.1998,LBen
K321T,0.1037,LBen
K321V,0.158,LBen
K321W,0.544,Amb
K321Y,0.382,Amb
P322A,0.0638,LBen
P322C,0.2141,LBen
P322D,0.1724,LBen
P322E,0.1421,LBen
P322F,0.1977,LBen
P322G,0.1357,LBen
P322H,0.0894,LBen
P322I,0.1307,LBen
P322K,0.1492,LBen
P322L,0.079,LBen
P322M,0.1635,LBen
P322N,0.1281,LBen
P322Q,0.0978,LBen
P322R,0.1018,LBen
P322S,0.0712,LBen
P322T,0.0632,LBen
P322V,0.104,LBen
P322W,0.2629,LBen
P322Y,0.1773,LBen
H323A,0.1114,LBen
H323C,0.1103,LBen
H323D,0.101,LBen
H323E,0.1328,LBen
H323F,0.1818,LBen
H323G,0.1538,LBen
H323I,0.1416,LBen
H323K,0.1587,LBen
H323L,0.0746,LBen
H323M,0.2828,LBen
H323N,0.073,LBen
H323P,0.0825,LBen
H323Q,0.0946,LBen
H323R,0.0851,LBen
H323S,0.1072,LBen
H323T,0.1283,LBen
H323V,0.1136,LBen
H323W,0.2665,LBen
H323Y,0.072,LBen
I324A,0.4374,Amb
I324C,0.6473,LPath
I324D,0.863,LPath
I324E,0.7526,LPath
I324F,0.1768,LBen
I324G,0.686,LPath
I324H,0.627,LPath
I324K,0.5806,LPath
I324L,0.1085,LBen
I324M,0.1117,LBen
I324N,0.4656,Amb
I324P,0.8641,LPath
I324Q,0.6055,LPath
I324R,0.4729,Amb
I324S,0.4458,Amb
I324T,0.369,Amb
I324V,0.0696,LBen
I324W,0.7642,LPath
I324Y,0.5442,Amb
T325A,0.067,LBen
T325C,0.2562,LBen
T325D,0.1871,LBen
T325E,0.1761,LBen
T325F,0.1367,LBen
T325G,0.1387,LBen
T325H,0.1547,LBen
T325I,0.0901,LBen
T325K,0.1452,LBen
T325L,0.0752,LBen
T325M,0.0858,LBen
T325N,0.0911,LBen
T325P,0.1149,LBen
T325Q,0.1669,LBen
T325R,0.1222,LBen
T325S,0.081,LBen
T325V,0.0911,LBen
T325W,0.3325,LBen
T325Y,0.1658,LBen
A326C,0.3653,Amb
A326D,0.1333,LBen
A326E,0.1397,LBen
A326F,0.1969,LBen
A326G,0.1059,LBen
A326H,0.2987,LBen
A326I,0.1422,LBen
A326K,0.248,LBen
A326L,0.11,LBen
A326M,0.148,LBen
A326N,0.1544,LBen
A326P,0.2967,LBen
A326Q,0.2273,LBen
A326R,0.2259,LBen
A326S,0.081,LBen
A326T,0.0714,LBen
A326V,0.085,LBen
A326W,0.4965,Amb
A326Y,0.2767,LBen
A327C,0.596,LPath
A327D,0.805,LPath
A327E,0.6809,LPath
A327F,0.6195,LPath
A327G,0.2354,LBen
A327H,0.8375,LPath
A327I,0.3911,Amb
A327K,0.8721,LPath
A327L,0.352,Amb
A327M,0.3616,Amb
A327N,0.6888,LPath
A327P,0.9131,LPath
A327Q,0.7206,LPath
A327R,0.7992,LPath
A327S,0.142,LBen
A327T,0.1393,LBen
A327V,0.1688,LBen
A327W,0.9065,LPath
A327Y,0.7947,LPath
E328A,0.1911,LBen
E328C,0.9236,LPath
E328D,0.2798,LBen
E328F,0.8664,LPath
E328G,0.2016,LBen
E328H,0.5863,LPath
E328I,0.4908,Amb
E328K,0.1521,LBen
E328L,0.544,Amb
E328M,0.5774,LPath
E328N,0.4131,Amb
E328P,0.9468,LPath
E328Q,0.1634,LBen
E328R,0.2903,LBen
E328S,0.2825,LBen
E328T,0.297,LBen
E328V,0.2818,LBen
E328W,0.9371,LPath
E328Y,0.7766,LPath
G329A,0.1009,LBen
G329C,0.1711,LBen
G329D,0.1132,LBen
G329E,0.0885,LBen
G329F,0.3696,Amb
G329H,0.2163,LBen
G329I,0.1665,LBen
G329K,0.189,LBen
G329L,0.2533,LBen
G329M,0.2799,LBen
G329N,0.1587,LBen
G329P,0.9008,LPath
G329Q,0.1535,LBen
G329R,0.1591,LBen
G329S,0.0904,LBen
G329T,0.1056,LBen
G329V,0.1087,LBen
G329W,0.2359,LBen
G329Y,0.2293,LBen
K330A,0.1941,LBen
K330C,0.4618,Amb
K330D,0.2486,LBen
K330E,0.0925,LBen
K330F,0.4969,Amb
K330G,0.243,LBen
K330H,0.1505,LBen
K330I,0.1837,LBen
K330L,0.1768,LBen
K330M,0.119,LBen
K330N,0.1215,LBen
K330P,0.7427,LPath
K330Q,0.0844,LBen
K330R,0.0786,LBen
K330S,0.1566,LBen
K330T,0.0893,LBen
K330V,0.1774,LBen
K330W,0.5623,Amb
K330Y,0.3196,LBen
L331A,0.5793,LPath
L331C,0.6236,LPath
L331D,0.9624,LPath
L331E,0.7862,LPath
L331F,0.2687,LBen
L331G,0.8205,LPath
L331H,0.503,Amb
L331I,0.1315,LBen
L331K,0.7017,LPath
L331M,0.1761,LBen
L331N,0.8018,LPath
L331P,0.9657,LPath
L331Q,0.4227,Amb
L331R,0.4769,Amb
L331S,0.7083,LPath
L331T,0.5909,LPath
L331V,0.1373,LBen
L331W,0.3778,Amb
L331Y,0.4565,Amb
H332A,0.2552,LBen
H332C,0.1577,LBen
H332D,0.1988,LBen
H332E,0.2272,LBen
H332F,0.3641,Amb
H332G,0.2085,LBen
H332I,0.3329,LBen
H332K,0.1917,LBen
H332L,0.1328,LBen
H332M,0.4701,Amb
H332N,0.1008,LBen
H332P,0.3894,Amb
H332Q,0.1194,LBen
H332R,0.0756,LBen
H332S,0.2035,LBen
H332T,0.2438,LBen
H332V,0.2739,LBen
H332W,0.3466,Amb
H332Y,0.1081,LBen
N333A,0.0985,LBen
N333C,0.1291,LBen
N333D,0.0768,LBen
N333E,0.177,LBen
N333F,0.2626,LBen
N333G,0.1163,LBen
N333H,0.0636,LBen
N333I,0.1233,LBen
N333K,0.1387,LBen
N333L,0.1355,LBen
N333M,0.194,LBen
N333P,0.6482,LPath
N333Q,0.1529,LBen
N333R,0.1318,LBen
N333S,0.0569,LBen
N333T,0.0723,LBen
N333V,0.1249,LBen
N333W,0.4462,Amb
N333Y,0.0962,LBen
M334A,0.4691,Amb
M334C,0.7515,LPath
M334D,0.9099,LPath
M334E,0.6995,LPath
M334F,0.5126,Amb
M334G,0.7463,LPath
M334H,0.6335,LPath
M334I,0.5373,Amb
M334K,0.326,LBen
M334L,0.1215,LBen
M334N,0.6916,LPath
M334P,0.9845,LPath
M334Q,0.4005,Amb
M334R,0.3405,Amb
M334S,0.5596,Amb
M334T,0.2975,LBen
M334V,0.1455,LBen
M334W,0.7321,LPath
M334Y,0.685,LPath
I335A,0.2456,LBen
I335C,0.7514,LPath
I335D,0.7148,LPath
I335E,0.5499,Amb
I335F,0.1915,LBen
I335G,0.6121,LPath
I335H,0.5193,Amb
I335K,0.4377,Amb
I335L,0.1095,LBen
I335M,0.0868,LBen
I335N,0.2968,LBen
I335P,0.9174,LPath
I335Q,0.462,Amb
I335R,0.3168,LBen
I335S,0.2802,LBen
I335T,0.1322,LBen
I335V,0.0999,LBen
I335W,0.7418,LPath
I335Y,0.5637,Amb
V336A,0.1427,LBen
V336C,0.6589,LPath
V336D,0.3197,LBen
V336E,0.2793,LBen
V336F,0.1631,LBen
V336G,0.1599,LBen
V336H,0.4953,Amb
V336I,0.0822,LBen
V336K,0.3405,Amb
V336L,0.1963,LBen
V336M,0.124,LBen
V336N,0.244,LBen
V336P,0.8601,LPath
V336Q,0.3116,LBen
V336R,0.2674,LBen
V336S,0.1699,LBen
V336T,0.1322,LBen
V336W,0.7174,LPath
V336Y,0.5427,Amb
D337A,0.2825,LBen
D337C,0.7798,LPath
D337E,0.3289,LBen
D337F,0.7473,LPath
D337G,0.3144,LBen
D337H,0.4191,Amb
D337I,0.6229,LPath
D337K,0.6497,LPath
D337L,0.5934,LPath
D337M,0.809,LPath
D337N,0.1641,LBen
D337P,0.9593,LPath
D337Q,0.5582,Amb
D337R,0.6351,LPath
D337S,0.2119,LBen
D337T,0.4135,Amb
D337V,0.3942,Amb
D337W,0.9433,LPath
D337Y,0.33,LBen
L338A,0.7366,LPath
L338C,0.8283,LPath
L338D,0.9895,LPath
L338E,0.9377,LPath
L338F,0.4724,Amb
L338G,0.9373,LPath
L338H,0.8132,LPath
L338I,0.1335,LBen
L338K,0.9102,LPath
L338M,0.1805,LBen
L338N,0.9338,LPath
L338P,0.9867,LPath
L338Q,0.7931,LPath
L338R,0.8089,LPath
L338S,0.8703,LPath
L338T,0.6385,LPath
L338V,0.1574,LBen
L338W,0.7478,LPath
L338Y,0.8706,LPath
D339A,0.5166,Amb
D339C,0.9227,LPath
D339E,0.4641,Amb
D339F,0.9099,LPath
D339G,0.3146,LBen
D339H,0.62,LPath
D339I,0.8225,LPath
D339K,0.7953,LPath
D339L,0.7732,LPath
D339M,0.9197,LPath
D339N,0.2187,LBen
D339P,0.9776,LPath
D339Q,0.6879,LPath
D339R,0.7692,LPath
D339S,0.323,LBen
D339T,0.595,LPath
D339V,0.6007,LPath
D339W,0.972,LPath
D339Y,0.5821,LPath
N340A,0.1215,LBen
N340C,0.185,LBen
N340D,0.0799,LBen
N340E,0.2109,LBen
N340F,0.3201,LBen
N340G,0.1524,LBen
N340H,0.0835,LBen
N340I,0.1224,LBen
N340K,0.1756,LBen
N340L,0.1514,LBen
N340M,0.2002,LBen
N340P,0.8309,LPath
N340Q,0.2327,LBen
N340R,0.2023,LBen
N340S,0.0668,LBen
N340T,0.0799,LBen
N340V,0.1241,LBen
N340W,0.6197,LPath
N340Y,0.1213,LBen
V341A,0.1021,LBen
V341C,0.707,LPath
V341D,0.3322,LBen
V341E,0.2035,LBen
V341F,0.2399,LBen
V341G,0.19,LBen
V341H,0.5475,Amb
V341I,0.0916,LBen
V341K,0.3476,Amb
V341L,0.2809,LBen
V341M,0.1029,LBen
V341N,0.2727,LBen
V341P,0.9297,LPath
V341Q,0.2876,LBen
V341R,0.3431,Amb
V341S,0.1695,LBen
V341T,0.1263,LBen
V341W,0.8342,LPath
V341Y,0.634,LPath
V342A,0.2673,LBen
V342C,0.8354,LPath
V342D,0.5102,Amb
V342E,0.2837,LBen
V342F,0.2564,LBen
V342G,0.2445,LBen
V342H,0.7239,LPath
V342I,0.0956,LBen
V342K,0.5279,Amb
V342L,0.3339,LBen
V342M,0.2029,LBen
V342N,0.4101,Amb
V342P,0.942,LPath
V342Q,0.3785,Amb
V342R,0.4992,Amb
V342S,0.3058,LBen
V342T,0.2849,LBen
V342W,0.8878,LPath
V342Y,0.7206,LPath
K343A,0.1762,LBen
K343C,0.4878,Amb
K343D,0.3816,Amb
K343E,0.0974,LBen
K343F,0.6325,LPath
K343G,0.1854,LBen
K343H,0.1995,LBen
K343I,0.2816,LBen
K343L,0.178,LBen
K343M,0.155,LBen
K343N,0.2101,LBen
K343P,0.6196,LPath
K343Q,0.0667,LBen
K343R,0.089,LBen
K343S,0.1959,LBen
K343T,0.0942,LBen
K343V,0.2254,LBen
K343W,0.5669,LPath
K343Y,0.4675,Amb
K344A,0.2614,LBen
K344C,0.7085,LPath
K344D,0.4351,Amb
K344E,0.1208,LBen
K344F,0.767,LPath
K344G,0.4084,Amb
K344H,0.2888,LBen
K344I,0.2671,LBen
K344L,0.2565,LBen
K344M,0.1303,LBen
K344N,0.2737,LBen
K344P,0.9124,LPath
K344Q,0.1035,LBen
K344R,0.0996,LBen
K344S,0.3397,LBen
K344T,0.1184,LBen
K344V,0.2417,LBen
K344W,0.7719,LPath
K344Y,0.5953,LPath
V345A,0.6361,LPath
V345C,0.9317,LPath
V345D,0.8674,LPath
V345E,0.7324,LPath
V345F,0.4719,Amb
V345G,0.4208,Amb
V345H,0.9234,LPath
V345I,0.1775,LBen
V345K,0.8561,LPath
V345L,0.618,LPath
V345M,0.4237,Amb
V345N,0.7231,LPath
V345P,0.9909,LPath
V345Q,0.7693,LPath
V345R,0.8308,LPath
V345S,0.6582,LPath
V345T,0.6063,LPath
V345W,0.958,LPath
V345Y,0.8277,LPath
Q346A,0.1712,LBen
Q346C,0.6217,LPath
Q346D,0.3347,LBen
Q346E,0.0632,LBen
Q346F,0.6442,LPath
Q346G,0.219,LBen
Q346H,0.1961,LBen
Q346I,0.3242,LBen
Q346K,0.089,LBen
Q346L,0.1174,LBen
Q346M,0.3043,LBen
Q346N,0.2717,LBen
Q346P,0.6131,LPath
Q346R,0.1058,LBen
Q346S,0.2514,LBen
Q346T,0.1671,LBen
Q346V,0.206,LBen
Q346W,0.5133,Amb
Q346Y,0.4366,Amb
A347C,0.5775,LPath
A347D,0.1875,LBen
A347E,0.1761,LBen
A347F,0.3365,LBen
A347G,0.1384,LBen
A347H,0.4409,Amb
A347I,0.2564,LBen
A347K,0.4078,Amb
A347L,0.1907,LBen
A347M,0.2009,LBen
A347N,0.2229,LBen
A347P,0.9101,LPath
A347Q,0.3001,LBen
A347R,0.3891,Amb
A347S,0.1033,LBen
A347T,0.0858,LBen
A347V,0.1154,LBen
A347W,0.7445,LPath
A347Y,0.4615,Amb
A348C,0.6827,LPath
A348D,0.7901,LPath
A348E,0.5916,LPath
A348F,0.6699,LPath
A348G,0.3423,Amb
A348H,0.7989,LPath
A348I,0.5452,Amb
A348K,0.862,LPath
A348L,0.4401,Amb
A348M,0.4381,Amb
A348N,0.6546,LPath
A348P,0.991,LPath
A348Q,0.62,LPath
A348R,0.7766,LPath
A348S,0.1233,LBen
A348T,0.1654,LBen
A348V,0.2382,LBen
A348W,0.9402,LPath
A348Y,0.8281,LPath
Q349A,0.4002,Amb
Q349C,0.8825,LPath
Q349D,0.7784,LPath
Q349E,0.0941,LBen
Q349F,0.9121,LPath
Q349G,0.5091,Amb
Q349H,0.5622,Amb
Q349I,0.5896,LPath
Q349K,0.202,LBen
Q349L,0.2735,LBen
Q349M,0.5556,Amb
Q349N,0.5925,LPath
Q349P,0.9263,LPath
Q349R,0.2078,LBen
Q349S,0.518,Amb
Q349T,0.3687,Amb
Q349V,0.394,Amb
Q349W,0.8686,LPath
Q349Y,0.8028,LPath
S350A,0.0819,LBen
S350C,0.1707,LBen
S350D,0.509,Amb
S350E,0.5615,Amb
S350F,0.2383,LBen
S350G,0.1241,LBen
S350H,0.4718,Amb
S350I,0.29,LBen
S350K,0.7875,LPath
S350L,0.141,LBen
S350M,0.1971,LBen
S350N,0.2125,LBen
S350P,0.9539,LPath
S350Q,0.6039,LPath
S350R,0.7384,LPath
S350T,0.0724,LBen
S350V,0.2381,LBen
S350W,0.3927,Amb
S350Y,0.2093,LBen
E351A,0.4057,Amb
E351C,0.9842,LPath
E351D,0.318,LBen
E351F,0.9685,LPath
E351G,0.4801,Amb
E351H,0.8138,LPath
E351I,0.857,LPath
E351K,0.3386,LBen
E351L,0.8467,LPath
E351M,0.8513,LPath
E351N,0.6288,LPath
E351P,0.9918,LPath
E351Q,0.3005,LBen
E351R,0.5581,Amb
E351S,0.5132,Amb
E351T,0.6146,LPath
E351V,0.6407,LPath
E351W,0.9906,LPath
E351Y,0.9408,LPath
A352C,0.8605,LPath
A352D,0.7656,LPath
A352E,0.7693,LPath
A352F,0.8149,LPath
A352G,0.2697,LBen
A352H,0.8915,LPath
A352I,0.8428,LPath
A352K,0.9575,LPath
A352L,0.6613,LPath
A352M,0.6664,LPath
A352N,0.6823,LPath
A352P,0.9931,LPath
A352Q,0.8069,LPath
A352R,0.9155,LPath
A352S,0.1579,LBen
A352T,0.3544,Amb
A352V,0.5364,Amb
A352W,0.9624,LPath
A352Y,0.8673,LPath
K353A,0.4239,Amb
K353C,0.8692,LPath
K353D,0.7841,LPath
K353E,0.2738,LBen
K353F,0.9057,LPath
K353G,0.6231,LPath
K353H,0.4676,Amb
K353I,0.5511,Amb
K353L,0.4906,Amb
K353M,0.3236,LBen
K353N,0.6425,LPath
K353P,0.978,LPath
K353Q,0.2077,LBen
K353R,0.0929,LBen
K353S,0.5982,LPath
K353T,0.2608,LBen
K353V,0.4186,Amb
K353W,0.8916,LPath
K353Y,0.8281,LPath
V354A,0.4856,Amb
V354C,0.9331,LPath
V354D,0.8656,LPath
V354E,0.8055,LPath
V354F,0.3592,Amb
V354G,0.5842,LPath
V354H,0.922,LPath
V354I,0.0794,LBen
V354K,0.8869,LPath
V354L,0.3523,Amb
V354M,0.2539,LBen
V354N,0.7921,LPath
V354P,0.9619,LPath
V354Q,0.838,LPath
V354R,0.8414,LPath
V354S,0.6805,LPath
V354T,0.4914,Amb
V354W,0.9049,LPath
V354Y,0.8194,LPath
V355A,0.5339,Amb
V355C,0.9228,LPath
V355D,0.9101,LPath
V355E,0.8192,LPath
V355F,0.2861,LBen
V355G,0.6727,LPath
V355H,0.9209,LPath
V355I,0.1046,LBen
V355K,0.9102,LPath
V355L,0.405,Amb
V355M,0.2253,LBen
V355N,0.8265,LPath
V355P,0.9841,LPath
V355Q,0.8071,LPath
V355R,0.861,LPath
V355S,0.66,LPath
V355T,0.5957,LPath
V355W,0.9383,LPath
V355Y,0.819,LPath
S356A,0.0696,LBen
S356C,0.1743,LBen
S356D,0.6582,LPath
S356E,0.6745,LPath
S356F,0.303,LBen
S356G,0.1514,LBen
S356H,0.5821,LPath
S356I,0.3393,LBen
S356K,0.876,LPath
S356L,0.123,LBen
S356M,0.2498,LBen
S356N,0.2974,LBen
S356P,0.9182,LPath
S356Q,0.6762,LPath
S356R,0.8243,LPath
S356T,0.0843,LBen
S356V,0.2575,LBen
S356W,0.508,Amb
S356Y,0.2918,LBen
Q357A,0.4128,Amb
Q357C,0.8889,LPath
Q357D,0.5437,Amb
Q357E,0.0945,LBen
Q357F,0.935,LPath
Q357G,0.5084,Amb
Q357H,0.4042,Amb
Q357I,0.7427,LPath
Q357K,0.1847,LBen
Q357L,0.3203,LBen
Q357M,0.6257,LPath
Q357N,0.4959,Amb
Q357P,0.9316,LPath
Q357R,0.1745,LBen
Q357S,0.4858,Amb
Q357T,0.4203,Amb
Q357V,0.5785,LPath
Q357W,0.8677,LPath
Q357Y,0.8002,LPath
Y358A,0.9821,LPath
Y358C,0.871,LPath
Y358D,0.98,LPath
Y358E,0.9948,LPath
Y358F,0.3014,LBen
Y358G,0.9613,LPath
Y358H,0.9418,LPath
Y358I,0.9565,LPath
Y358K,0.9937,LPath
Y358L,0.899,LPath
Y358M,0.9575,LPath
Y358N,0.9325,LPath
Y358P,0.9988,LPath
Y358Q,0.9907,LPath
Y358R,0.9854,LPath
Y358S,0.9525,LPath
Y358T,0.9796,LPath
Y358V,0.9188,LPath
Y358W,0.874,LPath
H359A,0.5657,LPath
H359C,0.4378,Amb
H359D,0.5841,LPath
H359E,0.5898,LPath
H359F,0.7146,LPath
H359G,0.4817,Amb
H359I,0.7651,LPath
H359K,0.4441,Amb
H359L,0.3688,Amb
H359M,0.7928,LPath
H359N,0.2077,LBen
H359P,0.8707,LPath
H359Q,0.2727,LBen
H359R,0.1587,LBen
H359S,0.3364,LBen
H359T,0.4744,Amb
H359V,0.6589,LPath
H359W,0.6636,LPath
H359Y,0.2012,LBen
E360A,0.2805,LBen
E360C,0.9417,LPath
E360D,0.1346,LBen
E360F,0.8969,LPath
E360G,0.288,LBen
E360H,0.572,LPath
E360I,0.6719,LPath
E360K,0.2775,LBen
E360L,0.6153,LPath
E360M,0.6706,LPath
E360N,0.3539,Amb
E360P,0.986,LPath
E360Q,0.1951,LBen
E360R,0.4579,Amb
E360S,0.3276,LBen
E360T,0.415,Amb
E360V,0.4442,Amb
E360W,0.9684,LPath
E360Y,0.7987,LPath
L361A,0.6057,LPath
L361C,0.8953,LPath
L361D,0.9315,LPath
L361E,0.7388,LPath
L361F,0.4621,Amb
L361G,0.896,LPath
L361H,0.6139,LPath
L361I,0.2476,LBen
L361K,0.5852,LPath
L361M,0.1704,LBen
L361N,0.8315,LPath
L361P,0.9859,LPath
L361Q,0.472,Amb
L361R,0.4283,Amb
L361S,0.8263,LPath
L361T,0.6945,LPath
L361V,0.2596,LBen
L361W,0.5775,LPath
L361Y,0.7112,LPath
V362A,0.5948,LPath
V362C,0.9733,LPath
V362D,0.9807,LPath
V362E,0.945,LPath
V362F,0.7759,LPath
V362G,0.833,LPath
V362H,0.9784,LPath
V362I,0.185,LBen
V362K,0.9593,LPath
V362L,0.6955,LPath
V362M,0.6835,LPath
V362N,0.9615,LPath
V362P,0.9889,LPath
V362Q,0.9309,LPath
V362R,0.9117,LPath
V362S,0.8335,LPath
V362T,0.7086,LPath
V362W,0.9896,LPath
V362Y,0.9693,LPath
V363A,0.0919,LBen
V363C,0.5719,LPath
V363D,0.2059,LBen
V363E,0.1674,LBen
V363F,0.1363,LBen
V363G,0.104,LBen
V363H,0.3558,Amb
V363I,0.0808,LBen
V363K,0.2051,LBen
V363L,0.1264,LBen
V363M,0.0914,LBen
V363N,0.1272,LBen
V363P,0.8863,LPath
V363Q,0.1688,LBen
V363R,0.1921,LBen
V363S,0.0981,LBen
V363T,0.0927,LBen
V363W,0.6553,LPath
V363Y,0.423,Amb
Q364A,0.1739,LBen
Q364C,0.5467,Amb
Q364D,0.41,Amb
Q364E,0.0864,LBen
Q364F,0.6801,LPath
Q364G,0.245,LBen
Q364H,0.1921,LBen
Q364I,0.318,LBen
Q364K,0.0665,LBen
Q364L,0.1256,LBen
Q364M,0.2909,LBen
Q364N,0.3127,LBen
Q364P,0.6913,LPath
Q364R,0.0768,LBen
Q364S,0.2765,LBen
Q364T,0.1565,LBen
Q364V,0.2138,LBen
Q364W,0.5189,Amb
Q364Y,0.4965,Amb
A365C,0.9066,LPath
A365D,0.9592,LPath
A365E,0.937,LPath
A365F,0.8775,LPath
A365G,0.3284,LBen
A365H,0.9368,LPath
A365I,0.9468,LPath
A365K,0.9721,LPath
A365L,0.7984,LPath
A365M,0.8235,LPath
A365N,0.9209,LPath
A365P,0.9937,LPath
A365Q,0.8764,LPath
A365R,0.9327,LPath
A365S,0.2678,LBen
A365T,0.6362,LPath
A365V,0.7646,LPath
A365W,0.9773,LPath
A365Y,0.9286,LPath
R366A,0.8039,LPath
R366C,0.4634,Amb
R366D,0.9644,LPath
R366E,0.6934,LPath
R366F,0.951,LPath
R366G,0.5767,LPath
R366H,0.2598,LBen
R366I,0.7718,LPath
R366K,0.1359,LBen
R366L,0.737,LPath
R366M,0.7154,LPath
R366N,0.917,LPath
R366P,0.982,LPath
R366Q,0.1601,LBen
R366S,0.8506,LPath
R366T,0.6273,LPath
R366V,0.7843,LPath
R366W,0.4804,Amb
R366Y,0.8542,LPath
D367A,0.1143,LBen
D367C,0.4809,Amb
D367E,0.0899,LBen
D367F,0.5013,Amb
D367G,0.1071,LBen
D367H,0.197,LBen
D367I,0.2613,LBen
D367K,0.215,LBen
D367L,0.2979,LBen
D367M,0.4393,Amb
D367N,0.0792,LBen
D367P,0.9376,LPath
D367Q,0.2005,LBen
D367R,0.2508,LBen
D367S,0.0998,LBen
D367T,0.1559,LBen
D367V,0.1457,LBen
D367W,0.7747,LPath
D367Y,0.1966,LBen
D368A,0.1455,LBen
D368C,0.6082,LPath
D368E,0.1475,LBen
D368F,0.5795,LPath
D368G,0.1894,LBen
D368H,0.2411,LBen
D368I,0.3058,LBen
D368K,0.3816,Amb
D368L,0.3955,Amb
D368M,0.5715,LPath
D368N,0.0891,LBen
D368P,0.9715,LPath
D368Q,0.2968,LBen
D368R,0.3794,Amb
D368S,0.1169,LBen
D368T,0.1914,LBen
D368V,0.1757,LBen
D368W,0.8867,LPath
D368Y,0.2058,LBen
F369A,0.9809,LPath
F369C,0.9651,LPath
F369D,0.9967,LPath
F369E,0.9961,LPath
F369G,0.9921,LPath
F369H,0.9843,LPath
F369I,0.8071,LPath
F369K,0.9949,LPath
F369L,0.9596,LPath
F369M,0.904,LPath
F369N,0.992,LPath
F369P,0.9998,LPath
F369Q,0.9911,LPath
F369R,0.9825,LPath
F369S,0.9876,LPath
F369T,0.9808,LPath
F369V,0.8218,LPath
F369W,0.9164,LPath
F369Y,0.6749,LPath
K370A,0.4101,Amb
K370C,0.5823,LPath
K370D,0.8368,LPath
K370E,0.1932,LBen
K370F,0.801,LPath
K370G,0.4578,Amb
K370H,0.2682,LBen
K370I,0.3831,Amb
K370L,0.3322,LBen
K370M,0.239,LBen
K370N,0.5746,LPath
K370P,0.9533,LPath
K370Q,0.0755,LBen
K370R,0.0669,LBen
K370S,0.446,Amb
K370T,0.2166,LBen
K370V,0.3627,Amb
K370W,0.6655,LPath
K370Y,0.659,LPath
R371A,0.2827,LBen
R371C,0.2504,LBen
R371D,0.5902,LPath
R371E,0.2429,LBen
R371F,0.6079,LPath
R371G,0.1743,LBen
R371H,0.1202,LBen
R371I,0.2636,LBen
R371K,0.0661,LBen
R371L,0.2243,LBen
R371M,0.1791,LBen
R371N,0.44,Amb
R371P,0.9235,LPath
R371Q,0.0885,LBen
R371S,0.3813,Amb
R371T,0.1728,LBen
R371V,0.3246,LBen
R371W,0.206,LBen
R371Y,0.4556,Amb
E372A,0.8737,LPath
E372C,0.9922,LPath
E372D,0.8977,LPath
E372F,0.9929,LPath
E372G,0.8925,LPath
E372H,0.9619,LPath
E372I,0.9715,LPath
E372K,0.9083,LPath
E372L,0.9752,LPath
E372M,0.9709,LPath
E372N,0.9589,LPath
E372P,0.9972,LPath
E372Q,0.6606,LPath
E372R,0.9283,LPath
E372S,0.907,LPath
E372T,0.9381,LPath
E372V,0.9191,LPath
E372W,0.9971,LPath
E372Y,0.9824,LPath
L373A,0.8567,LPath
L373C,0.9063,LPath
L373D,0.9968,LPath
L373E,0.9762,LPath
L373F,0.7396,LPath
L373G,0.9776,LPath
L373H,0.9566,LPath
L373I,0.1497,LBen
L373K,0.9429,LPath
L373M,0.2279,LBen
L373N,0.9811,LPath
L373P,0.9899,LPath
L373Q,0.916,LPath
L373R,0.8856,LPath
L373S,0.972,LPath
L373T,0.8541,LPath
L373V,0.1844,LBen
L373W,0.8142,LPath
L373Y,0.9426,LPath
D374A,0.1515,LBen
D374C,0.6272,LPath
D374E,0.172,LBen
D374F,0.6275,LPath
D374G,0.1654,LBen
D374H,0.2655,LBen
D374I,0.4281,Amb
D374K,0.4448,Amb
D374L,0.3938,Amb
D374M,0.653,LPath
D374N,0.1022,LBen
D374P,0.9509,LPath
D374Q,0.3038,LBen
D374R,0.4217,Amb
D374S,0.1305,LBen
D374T,0.2675,LBen
D374V,0.2434,LBen
D374W,0.8886,LPath
D374Y,0.2375,LBen
S375A,0.1371,LBen
S375C,0.2469,LBen
S375D,0.7169,LPath
S375E,0.8512,LPath
S375F,0.6226,LPath
S375G,0.1682,LBen
S375H,0.68,LPath
S375I,0.4801,Amb
S375K,0.9392,LPath
S375L,0.2878,LBen
S375M,0.4388,Amb
S375N,0.2906,LBen
S375P,0.9796,LPath
S375Q,0.8275,LPath
S375R,0.8782,LPath
S375T,0.1737,LBen
S375V,0.4803,Amb
S375W,0.7753,LPath
S375Y,0.5562,Amb
I376A,0.8903,LPath
I376C,0.9459,LPath
I376D,0.9921,LPath
I376E,0.9833,LPath
I376F,0.5442,Amb
I376G,0.9821,LPath
I376H,0.9655,LPath
I376K,0.9633,LPath
I376L,0.2082,LBen
I376M,0.2948,LBen
I376N,0.9392,LPath
I376P,0.9842,LPath
I376Q,0.9688,LPath
I376R,0.9395,LPath
I376S,0.9274,LPath
I376T,0.8992,LPath
I376V,0.1108,LBen
I376W,0.968,LPath
I376Y,0.926,LPath
T377A,0.2306,LBen
T377C,0.751,LPath
T377D,0.8793,LPath
T377E,0.8435,LPath
T377F,0.5672,LPath
T377G,0.7198,LPath
T377H,0.5493,Amb
T377I,0.426,Amb
T377K,0.593,LPath
T377L,0.1923,LBen
T377M,0.1414,LBen
T377N,0.4365,Amb
T377P,0.5827,LPath
T377Q,0.5993,LPath
T377R,0.5248,Amb
T377S,0.2845,LBen
T377V,0.365,Amb
T377W,0.8762,LPath
T377Y,0.7093,LPath
P378A,0.2591,LBen
P378C,0.892,LPath
P378D,0.804,LPath
P378E,0.6408,LPath
P378F,0.9284,LPath
P378G,0.6206,LPath
P378H,0.5323,Amb
P378I,0.8386,LPath
P378K,0.5864,LPath
P378L,0.4452,Amb
P378M,0.7936,LPath
P378N,0.7771,LPath
P378Q,0.4697,Amb
P378R,0.4046,Amb
P378S,0.4015,Amb
P378T,0.368,Amb
P378V,0.6661,LPath
P378W,0.9286,LPath
P378Y,0.8863,LPath
E379A,0.137,LBen
E379C,0.811,LPath
E379D,0.0704,LBen
E379F,0.7389,LPath
E379G,0.1355,LBen
E379H,0.3498,Amb
E379I,0.4583,Amb
E379K,0.1541,LBen
E379L,0.4153,Amb
E379M,0.5014,Amb
E379N,0.1595,LBen
E379P,0.604,LPath
E379Q,0.1432,LBen
E379R,0.274,LBen
E379S,0.1587,LBen
E379T,0.2223,LBen
E379V,0.2565,LBen
E379W,0.8778,LPath
E379Y,0.5711,LPath
V380A,0.3083,LBen
V380C,0.7515,LPath
V380D,0.5264,Amb
V380E,0.537,Amb
V380F,0.1475,LBen
V380G,0.2929,LBen
V380H,0.6623,LPath
V380I,0.0735,LBen
V380K,0.5902,LPath
V380L,0.1486,LBen
V380M,0.1506,LBen
V380N,0.4129,Amb
V380P,0.6754,LPath
V380Q,0.5446,Amb
V380R,0.5474,Amb
V380S,0.3862,Amb
V380T,0.384,Amb
V380W,0.7387,LPath
V380Y,0.5082,Amb
L381A,0.0865,LBen
L381C,0.2519,LBen
L381D,0.2692,LBen
L381E,0.1425,LBen
L381F,0.0792,LBen
L381G,0.198,LBen
L381H,0.0844,LBen
L381I,0.0705,LBen
L381K,0.0994,LBen
L381M,0.0696,LBen
L381N,0.1461,LBen
L381P,0.1267,LBen
L381Q,0.0698,LBen
L381R,0.0837,LBen
L381S,0.083,LBen
L381T,0.0741,LBen
L381V,0.0631,LBen
L381W,0.1268,LBen
L381Y,0.1606,LBen
P382A,0.0796,LBen
P382C,0.3821,Amb
P382D,0.3384,LBen
P382E,0.2336,LBen
P382F,0.3727,Amb
P382G,0.1997,LBen
P382H,0.1337,LBen
P382I,0.2896,LBen
P382K,0.212,LBen
P382L,0.1186,LBen
P382M,0.2887,LBen
P382N,0.2489,LBen
P382Q,0.1362,LBen
P382R,0.147,LBen
P382S,0.0972,LBen
P382T,0.0867,LBen
P382V,0.1989,LBen
P382W,0.4487,Amb
P382Y,0.3461,Amb
G383A,0.174,LBen
G383C,0.3107,LBen
G383D,0.295,LBen
G383E,0.3112,LBen
G383F,0.6752,LPath
G383H,0.4319,Amb
G383I,0.4231,Amb
G383K,0.5155,Amb
G383L,0.5464,Amb
G383M,0.6213,LPath
G383N,0.3123,LBen
G383P,0.7941,LPath
G383Q,0.3854,Amb
G383R,0.35,Amb
G383S,0.1179,LBen
G383T,0.2253,LBen
G383V,0.2793,LBen
G383W,0.5361,Amb
G383Y,0.5139,Amb
W384A,0.7375,LPath
W384C,0.8739,LPath
W384D,0.9221,LPath
W384E,0.8895,LPath
W384F,0.3894,Amb
W384G,0.4959,Amb
W384H,0.8696,LPath
W384I,0.7005,LPath
W384K,0.8768,LPath
W384L,0.5312,Amb
W384M,0.6947,LPath
W384N,0.907,LPath
W384P,0.9401,LPath
W384Q,0.8474,LPath
W384R,0.836,LPath
W384S,0.6363,LPath
W384T,0.7383,LPath
W384V,0.6758,LPath
W384Y,0.6453,LPath
K385A,0.4884,Amb
K385C,0.857,LPath
K385D,0.589,LPath
K385E,0.1847,LBen
K385F,0.907,LPath
K385G,0.5127,Amb
K385H,0.3782,Amb
K385I,0.6233,LPath
K385L,0.6076,LPath
K385M,0.4238,Amb
K385N,0.4404,Amb
K385P,0.7128,LPath
K385Q,0.1559,LBen
K385R,0.1057,LBen
K385S,0.4687,Amb
K385T,0.284,LBen
K385V,0.5974,LPath
K385W,0.8626,LPath
K385Y,0.7706,LPath
G386A,0.1873,LBen
G386C,0.349,Amb
G386D,0.1881,LBen
G386E,0.2351,LBen
G386F,0.6392,LPath
G386H,0.4453,Amb
G386I,0.4216,Amb
G386K,0.5094,Amb
G386L,0.5703,LPath
G386M,0.5833,LPath
G386N,0.2446,LBen
G386P,0.7944,LPath
G386Q,0.4117,Amb
G386R,0.4112,Amb
G386S,0.1249,LBen
G386T,0.2148,LBen
G386V,0.2606,LBen
G386W,0.4904,Amb
G386Y,0.4365,Amb
M387A,0.267,LBen
M387C,0.5738,LPath
M387D,0.6566,LPath
M387E,0.3444,Amb
M387F,0.2531,LBen
M387G,0.3776,Amb
M387H,0.268,LBen
M387I,0.2434,LBen
M387K,0.077,LBen
M387L,0.0787,LBen
M387N,0.4016,Amb
M387P,0.5867,LPath
M387Q,0.1315,LBen
M387R,0.0774,LBen
M387S,0.3232,LBen
M387T,0.2087,LBen
M387V,0.0964,LBen
M387W,0.3684,Amb
M387Y,0.3678,Amb
S388A,0.0761,LBen
S388C,0.1324,LBen
S388D,0.2476,LBen
S388E,0.3655,Amb
S388F,0.2617,LBen
S388G,0.0751,LBen
S388H,0.2164,LBen
S388I,0.2095,LBen
S388K,0.2577,LBen
S388L,0.13,LBen
S388M,0.186,LBen
S388N,0.0994,LBen
S388P,0.1202,LBen
S388Q,0.2966,LBen
S388R,0.2623,LBen
S388T,0.0622,LBen
S388V,0.1873,LBen
S388W,0.3466,Amb
S388Y,0.1971,LBen
V389A,0.2045,LBen
V389C,0.6166,LPath
V389D,0.4464,Amb
V389E,0.4614,Amb
V389F,0.1086,LBen
V389G,0.2496,LBen
V389H,0.482,Amb
V389I,0.0596,LBen
V389K,0.3437,Amb
V389L,0.1154,LBen
V389M,0.1197,LBen
V389N,0.2919,LBen
V389P,0.2991,LBen
V389Q,0.4051,Amb
V389R,0.3071,LBen
V389S,0.2402,LBen
V389T,0.2451,LBen
V389W,0.629,LPath
V389Y,0.3986,Amb
S390A,0.069,LBen
S390C,0.1309,LBen
S390D,0.3019,LBen
S390E,0.3865,Amb
S390F,0.1886,LBen
S390G,0.0857,LBen
S390H,0.261,LBen
S390I,0.2079,LBen
S390K,0.4255,Amb
S390L,0.1198,LBen
S390M,0.228,LBen
S390N,0.15,LBen
S390P,0.1422,LBen
S390Q,0.3724,Amb
S390R,0.3726,Amb
S390T,0.0699,LBen
S390V,0.1847,LBen
S390W,0.2602,LBen
S390Y,0.1497,LBen
D391A,0.1375,LBen
D391C,0.5623,Amb
D391E,0.1468,LBen
D391F,0.5306,Amb
D391G,0.1251,LBen
D391H,0.2024,LBen
D391I,0.3467,Amb
D391K,0.3198,LBen
D391L,0.3969,Amb
D391M,0.5882,LPath
D391N,0.1024,LBen
D391P,0.5573,Amb
D391Q,0.2606,LBen
D391R,0.3294,LBen
D391S,0.1033,LBen
D391T,0.2037,LBen
D391V,0.1971,LBen
D391W,0.8324,LPath
D391Y,0.2098,LBen
L392A,0.2249,LBen
L392C,0.6021,LPath
L392D,0.6838,LPath
L392E,0.4765,Amb
L392F,0.1559,LBen
L392G,0.5385,Amb
L392H,0.313,LBen
L392I,0.0825,LBen
L392K,0.3561,Amb
L392M,0.1203,LBen
L392N,0.5271,Amb
L392P,0.2888,LBen
L392Q,0.2774,LBen
L392R,0.2573,LBen
L392S,0.3775,Amb
L392T,0.2323,LBen
L392V,0.0802,LBen
L392W,0.3423,Amb
L392Y,0.4393,Amb
A393C,0.5492,Amb
A393D,0.4115,Amb
A393E,0.3993,Amb
A393F,0.5424,Amb
A393G,0.1298,LBen
A393H,0.5086,Amb
A393I,0.4563,Amb
A393K,0.4989,Amb
A393L,0.303,LBen
A393M,0.3889,Amb
A393N,0.4125,Amb
A393P,0.2946,LBen
A393Q,0.4159,Amb
A393R,0.4259,Amb
A393S,0.0995,LBen
A393T,0.1057,LBen
A393V,0.1868,LBen
A393W,0.7629,LPath
A393Y,0.6067,LPath
D394A,0.1086,LBen
D394C,0.3741,Amb
D394E,0.106,LBen
D394F,0.454,Amb
D394G,0.0607,LBen
D394H,0.1705,LBen
D394I,0.3124,LBen
D394K,0.2165,LBen
D394L,0.2976,LBen
D394M,0.4965,Amb
D394N,0.0842,LBen
D394P,0.443,Amb
D394Q,0.187,LBen
D394R,0.2298,LBen
D394S,0.0774,LBen
D394T,0.157,LBen
D394V,0.1702,LBen
D394W,0.6897,LPath
D394Y,0.181,LBen
K395A,0.2525,LBen
K395C,0.5739,LPath
K395D,0.3907,Amb
K395E,0.1397,LBen
K395F,0.6978,LPath
K395G,0.2575,LBen
K395H,0.1987,LBen
K395I,0.3197,LBen
K395L,0.3266,LBen
K395M,0.2267,LBen
K395N,0.2656,LBen
K395P,0.6156,LPath
K395Q,0.0976,LBen
K395R,0.0782,LBen
K395S,0.2493,LBen
K395T,0.1244,LBen
K395V,0.2854,LBen
K395W,0.6562,LPath
K395Y,0.5038,Amb
L396A,0.8864,LPath
L396C,0.9355,LPath
L396D,0.9869,LPath
L396E,0.9533,LPath
L396F,0.4473,Amb
L396G,0.9568,LPath
L396H,0.8953,LPath
L396I,0.2688,LBen
L396K,0.9109,LPath
L396M,0.2875,LBen
L396N,0.9618,LPath
L396P,0.8844,LPath
L396Q,0.8653,LPath
L396R,0.8495,LPath
L396S,0.9631,LPath
L396T,0.9165,LPath
L396V,0.3586,Amb
L396W,0.7259,LPath
L396Y,0.8209,LPath
S397A,0.1921,LBen
S397C,0.2708,LBen
S397D,0.5356,Amb
S397E,0.7861,LPath
S397F,0.7066,LPath
S397G,0.1209,LBen
S397H,0.6245,LPath
S397I,0.7424,LPath
S397K,0.843,LPath
S397L,0.2946,LBen
S397M,0.5256,Amb
S397N,0.2376,LBen
S397P,0.4414,Amb
S397Q,0.745,LPath
S397R,0.7963,LPath
S397T,0.0824,LBen
S397V,0.6324,LPath
S397W,0.7389,LPath
S397Y,0.5554,Amb
T398A,0.0565,LBen
T398C,0.3957,Amb
T398D,0.2581,LBen
T398E,0.1961,LBen
T398F,0.2746,LBen
T398G,0.1749,LBen
T398H,0.2114,LBen
T398I,0.1267,LBen
T398K,0.1425,LBen
T398L,0.1018,LBen
T398M,0.0959,LBen
T398N,0.1196,LBen
T398P,0.063,LBen
T398Q,0.1662,LBen
T398R,0.1308,LBen
T398S,0.1012,LBen
T398V,0.0932,LBen
T398W,0.5476,Amb
T398Y,0.3179,LBen
D399A,0.2195,LBen
D399C,0.7846,LPath
D399E,0.1712,LBen
D399F,0.7839,LPath
D399G,0.2084,LBen
D399H,0.448,Amb
D399I,0.5913,LPath
D399K,0.5307,Amb
D399L,0.6314,LPath
D399M,0.7863,LPath
D399N,0.1399,LBen
D399P,0.8547,LPath
D399Q,0.4649,Amb
D399R,0.5613,Amb
D399S,0.1524,LBen
D399T,0.3101,LBen
D399V,0.3336,LBen
D399W,0.9428,LPath
D399Y,0.3944,Amb
D400A,0.7282,LPath
D400C,0.973,LPath
D400E,0.5566,Amb
D400F,0.9702,LPath
D400G,0.8024,LPath
D400H,0.8316,LPath
D400I,0.9188,LPath
D400K,0.9328,LPath
D400L,0.937,LPath
D400M,0.9753,LPath
D400N,0.4902,Amb
D400P,0.9934,LPath
D400Q,0.8545,LPath
D400R,0.939,LPath
D400S,0.5801,LPath
D400T,0.8524,LPath
D400V,0.7916,LPath
D400W,0.9958,LPath
D400Y,0.8031,LPath
L401A,0.8838,LPath
L401C,0.9063,LPath
L401D,0.9924,LPath
L401E,0.9566,LPath
L401F,0.5954,LPath
L401G,0.9724,LPath
L401H,0.9107,LPath
L401I,0.2274,LBen
L401K,0.8598,LPath
L401M,0.304,LBen
L401N,0.9666,LPath
L401P,0.9892,LPath
L401Q,0.8079,LPath
L401R,0.7427,LPath
L401S,0.9588,LPath
L401T,0.8585,LPath
L401V,0.2627,LBen
L401W,0.7684,LPath
L401Y,0.8851,LPath
N402A,0.7838,LPath
N402C,0.81,LPath
N402D,0.5199,Amb
N402E,0.912,LPath
N402F,0.9442,LPath
N402G,0.7574,LPath
N402H,0.4069,Amb
N402I,0.7766,LPath
N402K,0.8839,LPath
N402L,0.7061,LPath
N402M,0.8465,LPath
N402P,0.9549,LPath
N402Q,0.8142,LPath
N402R,0.8603,LPath
N402S,0.2201,LBen
N402T,0.4968,Amb
N402V,0.7689,LPath
N402W,0.9765,LPath
N402Y,0.6233,LPath
S403A,0.0611,LBen
S403C,0.206,LBen
S403D,0.8897,LPath
S403E,0.911,LPath
S403F,0.4446,Amb
S403G,0.2372,LBen
S403H,0.7634,LPath
S403I,0.5309,Amb
S403K,0.9739,LPath
S403L,0.1653,LBen
S403M,0.3553,Amb
S403N,0.5946,LPath
S403P,0.948,LPath
S403Q,0.848,LPath
S403R,0.9552,LPath
S403T,0.1857,LBen
S403V,0.3759,Amb
S403W,0.7117,LPath
S403Y,0.4039,Amb
L404A,0.9571,LPath
L404C,0.9724,LPath
L404D,0.9991,LPath
L404E,0.9945,LPath
L404F,0.6444,LPath
L404G,0.9963,LPath
L404H,0.9779,LPath
L404I,0.3039,LBen
L404K,0.984,LPath
L404M,0.4632,Amb
L404N,0.9963,LPath
L404P,0.9955,LPath
L404Q,0.9743,LPath
L404R,0.9582,LPath
L404S,0.9923,LPath
L404T,0.9709,LPath
L404V,0.3593,Amb
L404W,0.9368,LPath
L404Y,0.9643,LPath
I405A,0.8619,LPath
I405C,0.9749,LPath
I405D,0.9976,LPath
I405E,0.9915,LPath
I405F,0.6473,LPath
I405G,0.988,LPath
I405H,0.988,LPath
I405K,0.9794,LPath
I405L,0.1604,LBen
I405M,0.274,LBen
I405N,0.9806,LPath
I405P,0.9897,LPath
I405Q,0.9791,LPath
I405R,0.9637,LPath
I405S,0.9534,LPath
I405T,0.7728,LPath
I405V,0.12,LBen
I405W,0.9751,LPath
I405Y,0.958,LPath
A406C,0.7417,LPath
A406D,0.9786,LPath
A406E,0.9531,LPath
A406F,0.5876,LPath
A406G,0.4163,Amb
A406H,0.9338,LPath
A406I,0.4514,Amb
A406K,0.9786,LPath
A406L,0.3511,Amb
A406M,0.4999,Amb
A406N,0.9179,LPath
A406P,0.9817,LPath
A406Q,0.9081,LPath
A406R,0.928,LPath
A406S,0.2549,LBen
A406T,0.2859,LBen
A406V,0.2097,LBen
A406W,0.9368,LPath
A406Y,0.8255,LPath
H407A,0.9715,LPath
H407C,0.7984,LPath
H407D,0.9836,LPath
H407E,0.9871,LPath
H407F,0.7091,LPath
H407G,0.9864,LPath
H407I,0.9587,LPath
H407K,0.9747,LPath
H407L,0.714,LPath
H407M,0.959,LPath
H407N,0.9038,LPath
H407P,0.973,LPath
H407Q,0.9626,LPath
H407R,0.8808,LPath
H407S,0.9599,LPath
H407T,0.9725,LPath
H407V,0.9117,LPath
H407W,0.7949,LPath
H407Y,0.4398,Amb
A408C,0.8603,LPath
A408D,0.9954,LPath
A408E,0.9899,LPath
A408F,0.9365,LPath
A408G,0.5383,Amb
A408H,0.9821,LPath
A408I,0.9236,LPath
A408K,0.9951,LPath
A408L,0.7791,LPath
A408M,0.8362,LPath
A408N,0.9804,LPath
A408P,0.9985,LPath
A408Q,0.9637,LPath
A408R,0.9771,LPath
A408S,0.3353,LBen
A408T,0.4915,Amb
A408V,0.7348,LPath
A408W,0.9907,LPath
A408Y,0.9707,LPath
H409A,0.9778,LPath
H409C,0.7855,LPath
H409D,0.9883,LPath
H409E,0.9871,LPath
H409F,0.8008,LPath
H409G,0.9777,LPath
H409I,0.9685,LPath
H409K,0.9618,LPath
H409L,0.7368,LPath
H409M,0.9637,LPath
H409N,0.8507,LPath
H409P,0.98,LPath
H409Q,0.9161,LPath
H409R,0.8017,LPath
H409S,0.9445,LPath
H409T,0.9765,LPath
H409V,0.9393,LPath
H409W,0.7684,LPath
H409Y,0.4758,Amb
R410A,0.8464,LPath
R410C,0.3375,LBen
R410D,0.9702,LPath
R410E,0.8276,LPath
R410F,0.8234,LPath
R410G,0.651,LPath
R410H,0.1976,LBen
R410I,0.6503,LPath
R410K,0.2827,LBen
R410L,0.4754,Amb
R410M,0.6638,LPath
R410N,0.9178,LPath
R410P,0.9958,LPath
R410Q,0.1898,LBen
R410S,0.8642,LPath
R410T,0.7757,LPath
R410V,0.7482,LPath
R410W,0.3037,LBen
R410Y,0.6799,LPath
R411A,0.9774,LPath
R411C,0.6353,LPath
R411D,0.9858,LPath
R411E,0.9179,LPath
R411F,0.9723,LPath
R411G,0.9444,LPath
R411H,0.3284,LBen
R411I,0.9381,LPath
R411K,0.3898,Amb
R411L,0.8595,LPath
R411M,0.9347,LPath
R411N,0.973,LPath
R411P,0.9975,LPath
R411Q,0.3726,Amb
R411S,0.9794,LPath
R411T,0.952,LPath
R411V,0.9495,LPath
R411W,0.6921,LPath
R411Y,0.8808,LPath
I412A,0.7375,LPath
I412C,0.9394,LPath
I412D,0.9888,LPath
I412E,0.9667,LPath
I412F,0.7734,LPath
I412G,0.9587,LPath
I412H,0.9636,LPath
I412K,0.9439,LPath
I412L,0.3631,Amb
I412M,0.2729,LBen
I412N,0.7643,LPath
I412P,0.9932,LPath
I412Q,0.9445,LPath
I412R,0.8912,LPath
I412S,0.7797,LPath
I412T,0.4689,Amb
I412V,0.1408,LBen
I412W,0.9658,LPath
I412Y,0.9509,LPath
D413A,0.4725,Amb
D413C,0.8461,LPath
D413E,0.3809,Amb
D413F,0.7954,LPath
D413G,0.4265,Amb
D413H,0.5995,LPath
D413I,0.7415,LPath
D413K,0.8453,LPath
D413L,0.6617,LPath
D413M,0.8805,LPath
D413N,0.2631,LBen
D413P,0.9913,LPath
D413Q,0.6864,LPath
D413R,0.7991,LPath
D413S,0.2892,LBen
D413T,0.6038,LPath
D413V,0.5117,Amb
D413W,0.9618,LPath
D413Y,0.4354,Amb
Q414A,0.4313,Amb
Q414C,0.8964,LPath
Q414D,0.7705,LPath
Q414E,0.1669,LBen
Q414F,0.8234,LPath
Q414G,0.598,LPath
Q414H,0.4511,Amb
Q414I,0.5667,LPath
Q414K,0.2264,LBen
Q414L,0.2802,LBen
Q414M,0.495,Amb
Q414N,0.6108,LPath
Q414P,0.9844,LPath
Q414R,0.219,LBen
Q414S,0.5531,Amb
Q414T,0.4546,Amb
Q414V,0.44,Amb
Q414W,0.8493,LPath
Q414Y,0.7334,LPath
L415A,0.9192,LPath
L415C,0.9198,LPath
L415D,0.9955,LPath
L415E,0.9668,LPath
L415F,0.7341,LPath
L415G,0.9749,LPath
L415H,0.9058,LPath
L415I,0.5578,Amb
L415K,0.8738,LPath
L415M,0.4704,Amb
L415N,0.9747,LPath
L415P,0.9971,LPath
L415Q,0.8511,LPath
L415R,0.8001,LPath
L415S,0.9853,LPath
L415T,0.9627,LPath
L415V,0.6109,LPath
L415W,0.8146,LPath
L415Y,0.8226,LPath
N416A,0.4747,Amb
N416C,0.4089,Amb
N416D,0.4145,Amb
N416E,0.5968,LPath
N416F,0.6915,LPath
N416G,0.4199,Amb
N416H,0.09,LBen
N416I,0.4019,Amb
N416K,0.3938,Amb
N416L,0.3604,Amb
N416M,0.465,Amb
N416P,0.9658,LPath
N416Q,0.3446,Amb
N416R,0.4008,Amb
N416S,0.1175,LBen
N416T,0.1844,LBen
N416V,0.3939,Amb
N416W,0.7977,LPath
N416Y,0.2146,LBen
R417A,0.3377,LBen
R417C,0.2045,LBen
R417D,0.6971,LPath
R417E,0.307,LBen
R417F,0.5564,Amb
R417G,0.2062,LBen
R417H,0.0993,LBen
R417I,0.2767,LBen
R417K,0.0764,LBen
R417L,0.2445,LBen
R417M,0.2323,LBen
R417N,0.5518,Amb
R417P,0.9564,LPath
R417Q,0.0883,LBen
R417S,0.4335,Amb
R417T,0.2204,LBen
R417V,0.3465,Amb
R417W,0.1945,LBen
R417Y,0.4284,Amb
E418A,0.1482,LBen
E418C,0.9093,LPath
E418D,0.358,Amb
E418F,0.8778,LPath
E418G,0.3826,Amb
E418H,0.6242,LPath
E418I,0.5411,Amb
E418K,0.3168,LBen
E418L,0.4941,Amb
E418M,0.5279,Amb
E418N,0.5421,Amb
E418P,0.9915,LPath
E418Q,0.1257,LBen
E418R,0.4499,Amb
E418S,0.3185,LBen
E418T,0.3578,Amb
E418V,0.3363,LBen
E418W,0.9585,LPath
E418Y,0.8016,LPath
L419A,0.7742,LPath
L419C,0.9137,LPath
L419D,0.979,LPath
L419E,0.8899,LPath
L419F,0.6918,LPath
L419G,0.9483,LPath
L419H,0.7949,LPath
L419I,0.1752,LBen
L419K,0.7515,LPath
L419M,0.3134,LBen
L419N,0.888,LPath
L419P,0.9905,LPath
L419Q,0.7439,LPath
L419R,0.6334,LPath
L419S,0.9316,LPath
L419T,0.8329,LPath
L419V,0.2299,LBen
L419W,0.7387,LPath
L419Y,0.7905,LPath
A420C,0.7074,LPath
A420D,0.6247,LPath
A420E,0.4453,Amb
A420F,0.5656,LPath
A420G,0.3178,LBen
A420H,0.657,LPath
A420I,0.423,Amb
A420K,0.7494,LPath
A420L,0.3112,LBen
A420M,0.3659,Amb
A420N,0.5446,Amb
A420P,0.9801,LPath
A420Q,0.4738,Amb
A420R,0.5946,LPath
A420S,0.1482,LBen
A420T,0.1606,LBen
A420V,0.1791,LBen
A420W,0.8598,LPath
A420Y,0.7164,LPath
E421A,0.1018,LBen
E421C,0.7887,LPath
E421D,0.1778,LBen
E421F,0.66,LPath
E421G,0.1219,LBen
E421H,0.3025,LBen
E421I,0.2533,LBen
E421K,0.0904,LBen
E421L,0.2164,LBen
E421M,0.3134,LBen
E421N,0.2372,LBen
E421P,0.9253,LPath
E421Q,0.0737,LBen
E421R,0.1394,LBen
E421S,0.1746,LBen
E421T,0.1673,LBen
E421V,0.1478,LBen
E421W,0.8132,LPath
E421Y,0.5465,Amb
Q422A,0.3586,Amb
Q422C,0.7979,LPath
Q422D,0.8224,LPath
Q422E,0.1573,LBen
Q422F,0.804,LPath
Q422G,0.5156,Amb
Q422H,0.4047,Amb
Q422I,0.5108,Amb
Q422K,0.1833,LBen
Q422L,0.1892,LBen
Q422M,0.3804,Amb
Q422N,0.5742,LPath
Q422P,0.9609,LPath
Q422R,0.1823,LBen
Q422S,0.5624,Amb
Q422T,0.4347,Amb
Q422V,0.3625,Amb
Q422W,0.6606,LPath
Q422Y,0.5811,LPath
K423A,0.5157,Amb
K423C,0.8447,LPath
K423D,0.8541,LPath
K423E,0.2639,LBen
K423F,0.8813,LPath
K423G,0.7112,LPath
K423H,0.4076,Amb
K423I,0.4339,Amb
K423L,0.4368,Amb
K423M,0.2706,LBen
K423N,0.6439,LPath
K423P,0.9772,LPath
K423Q,0.1463,LBen
K423R,0.096,LBen
K423S,0.6847,LPath
K423T,0.2836,LBen
K423V,0.4239,Amb
K423W,0.8555,LPath
K423Y,0.7629,LPath
A424C,0.703,LPath
A424D,0.4027,Amb
A424E,0.2598,LBen
A424F,0.4023,Amb
A424G,0.2554,LBen
A424H,0.5636,Amb
A424I,0.2565,LBen
A424K,0.5391,Amb
A424L,0.2421,LBen
A424M,0.259,LBen
A424N,0.3559,Amb
A424P,0.9482,LPath
A424Q,0.374,Amb
A424R,0.482,Amb
A424S,0.1473,LBen
A424T,0.1086,LBen
A424V,0.1105,LBen
A424W,0.83,LPath
A424Y,0.5547,Amb
T425A,0.061,LBen
T425C,0.3528,Amb
T425D,0.3032,LBen
T425E,0.1776,LBen
T425F,0.1765,LBen
T425G,0.1855,LBen
T425H,0.1716,LBen
T425I,0.086,LBen
T425K,0.1056,LBen
T425L,0.0747,LBen
T425M,0.0772,LBen
T425N,0.1169,LBen
T425P,0.6067,LPath
T425Q,0.1356,LBen
T425R,0.083,LBen
T425S,0.1051,LBen
T425V,0.0819,LBen
T425W,0.4023,Amb
T425Y,0.2422,LBen
E426A,0.3773,Amb
E426C,0.9793,LPath
E426D,0.7689,LPath
E426F,0.9803,LPath
E426G,0.3819,Amb
E426H,0.8971,LPath
E426I,0.8491,LPath
E426K,0.5129,Amb
E426L,0.8504,LPath
E426M,0.8379,LPath
E426N,0.8177,LPath
E426P,0.9926,LPath
E426Q,0.2787,LBen
E426R,0.6135,LPath
E426S,0.6015,LPath
E426T,0.6635,LPath
E426V,0.6378,LPath
E426W,0.9895,LPath
E426Y,0.9507,LPath
K427A,0.3054,LBen
K427C,0.694,LPath
K427D,0.5727,LPath
K427E,0.1224,LBen
K427F,0.7264,LPath
K427G,0.3966,Amb
K427H,0.2652,LBen
K427I,0.2974,LBen
K427L,0.2627,LBen
K427M,0.1523,LBen
K427N,0.3222,LBen
K427P,0.9471,LPath
K427Q,0.0805,LBen
K427R,0.0889,LBen
K427S,0.3573,Amb
K427T,0.1534,LBen
K427V,0.3045,LBen
K427W,0.7061,LPath
K427Y,0.5423,Amb
Q428A,0.2183,LBen
Q428C,0.5788,LPath
Q428D,0.4051,Amb
Q428E,0.0905,LBen
Q428F,0.6184,LPath
Q428G,0.2613,LBen
Q428H,0.1885,LBen
Q428I,0.3273,LBen
Q428K,0.0958,LBen
Q428L,0.1199,LBen
Q428M,0.3218,LBen
Q428N,0.311,LBen
Q428P,0.7567,LPath
Q428R,0.0904,LBen
Q428S,0.3252,LBen
Q428T,0.2345,LBen
Q428V,0.2517,LBen
Q428W,0.4284,Amb
Q428Y,0.3652,Amb
H429A,0.5528,Amb
H429C,0.3138,LBen
H429D,0.5306,Amb
H429E,0.5499,Amb
H429F,0.5289,Amb
H429G,0.5934,LPath
H429I,0.5446,Amb
H429K,0.3509,Amb
H429L,0.2255,LBen
H429M,0.675,LPath
H429N,0.1704,LBen
H429P,0.8487,LPath
H429Q,0.2788,LBen
H429R,0.1109,LBen
H429S,0.5252,Amb
H429T,0.5315,Amb
H429V,0.4617,Amb
H429W,0.5353,Amb
H429Y,0.163,LBen
I430A,0.7672,LPath
I430C,0.8777,LPath
I430D,0.9593,LPath
I430E,0.9039,LPath
I430F,0.2394,LBen
I430G,0.9304,LPath
I430H,0.8299,LPath
I430K,0.803,LPath
I430L,0.1372,LBen
I430M,0.122,LBen
I430N,0.7307,LPath
I430P,0.9791,LPath
I430Q,0.7957,LPath
I430R,0.6641,LPath
I430S,0.7932,LPath
I430T,0.7642,LPath
I430V,0.1192,LBen
I430W,0.8334,LPath
I430Y,0.6767,LPath
T431A,0.0574,LBen
T431C,0.3182,LBen
T431D,0.1504,LBen
T431E,0.1087,LBen
T431F,0.1684,LBen
T431G,0.1453,LBen
T431H,0.1451,LBen
T431I,0.1006,LBen
T431K,0.1157,LBen
T431L,0.0855,LBen
T431M,0.0848,LBen
T431N,0.0888,LBen
T431P,0.4821,Amb
T431Q,0.1116,LBen
T431R,0.112,LBen
T431S,0.0809,LBen
T431V,0.0868,LBen
T431W,0.4139,Amb
T431Y,0.1841,LBen
L432A,0.0677,LBen
L432C,0.2845,LBen
L432D,0.2071,LBen
L432E,0.1069,LBen
L432F,0.083,LBen
L432G,0.2013,LBen
L432H,0.0924,LBen
L432I,0.0716,LBen
L432K,0.1032,LBen
L432M,0.0706,LBen
L432N,0.1418,LBen
L432P,0.7025,LPath
L432Q,0.0664,LBen
L432R,0.0747,LBen
L432S,0.0872,LBen
L432T,0.0835,LBen
L432V,0.0594,LBen
L432W,0.1222,LBen
L432Y,0.1658,LBen
A433C,0.7776,LPath
A433D,0.9181,LPath
A433E,0.8025,LPath
A433F,0.6782,LPath
A433G,0.5646,LPath
A433H,0.8505,LPath
A433I,0.6127,LPath
A433K,0.9547,LPath
A433L,0.4225,Amb
A433M,0.5405,Amb
A433N,0.8459,LPath
A433P,0.9781,LPath
A433Q,0.7766,LPath
A433R,0.8867,LPath
A433S,0.2244,LBen
A433T,0.3749,Amb
A433V,0.3132,LBen
A433W,0.9403,LPath
A433Y,0.8174,LPath
L434A,0.3274,LBen
L434C,0.6604,LPath
L434D,0.9037,LPath
L434E,0.5028,Amb
L434F,0.2528,LBen
L434G,0.6915,LPath
L434H,0.3866,Amb
L434I,0.0992,LBen
L434K,0.3675,Amb
L434M,0.1122,LBen
L434N,0.684,LPath
L434P,0.9291,LPath
L434Q,0.215,LBen
L434R,0.2324,LBen
L434S,0.4912,Amb
L434T,0.3301,LBen
L434V,0.0919,LBen
L434W,0.3046,LBen
L434Y,0.5773,LPath
E435A,0.1693,LBen
E435C,0.8601,LPath
E435D,0.1768,LBen
E435F,0.8304,LPath
E435G,0.1481,LBen
E435H,0.4026,Amb
E435I,0.5197,Amb
E435K,0.1659,LBen
E435L,0.4271,Amb
E435M,0.5437,Amb
E435N,0.2943,LBen
E435P,0.9348,LPath
E435Q,0.098,LBen
E435R,0.228,LBen
E435S,0.2546,LBen
E435T,0.307,LBen
E435V,0.3026,LBen
E435W,0.8789,LPath
E435Y,0.6778,LPath
K436A,0.2348,LBen
K436C,0.5961,LPath
K436D,0.416,Amb
K436E,0.1109,LBen
K436F,0.6549,LPath
K436G,0.3011,LBen
K436H,0.2034,LBen
K436I,0.2632,LBen
K436L,0.2367,LBen
K436M,0.1419,LBen
K436N,0.2054,LBen
K436P,0.9304,LPath
K436Q,0.0769,LBen
K436R,0.0809,LBen
K436S,0.262,LBen
K436T,0.1199,LBen
K436V,0.2572,LBen
K436W,0.63,LPath
K436Y,0.454,Amb
Q437A,0.3393,LBen
Q437C,0.833,LPath
Q437D,0.7047,LPath
Q437E,0.1305,LBen
Q437F,0.8697,LPath
Q437G,0.4161,Amb
Q437H,0.3863,Amb
Q437I,0.6301,LPath
Q437K,0.1942,LBen
Q437L,0.2731,LBen
Q437M,0.5083,Amb
Q437N,0.5038,Amb
Q437P,0.8272,LPath
Q437R,0.1867,LBen
Q437S,0.4942,Amb
Q437T,0.4211,Amb
Q437V,0.4242,Amb
Q437W,0.7277,LPath
Q437Y,0.6581,LPath
K438A,0.279,LBen
K438C,0.6576,LPath
K438D,0.5904,LPath
K438E,0.1786,LBen
K438F,0.7232,LPath
K438G,0.4102,Amb
K438H,0.2335,LBen
K438I,0.2931,LBen
K438L,0.2763,LBen
K438M,0.1724,LBen
K438N,0.3422,Amb
K438P,0.8962,LPath
K438Q,0.0949,LBen
K438R,0.0822,LBen
K438S,0.3742,Amb
K438T,0.1481,LBen
K438V,0.2712,LBen
K438W,0.7292,LPath
K438Y,0.552,Amb
L439A,0.0789,LBen
L439C,0.2622,LBen
L439D,0.2215,LBen
L439E,0.0869,LBen
L439F,0.1072,LBen
L439G,0.175,LBen
L439H,0.0936,LBen
L439I,0.0768,LBen
L439K,0.0872,LBen
L439M,0.0764,LBen
L439N,0.149,LBen
L439P,0.6052,LPath
L439Q,0.0513,LBen
L439R,0.0607,LBen
L439S,0.1029,LBen
L439T,0.0853,LBen
L439V,0.0688,LBen
L439W,0.1139,LBen
L439Y,0.1925,LBen
E440A,0.1515,LBen
E440C,0.899,LPath
E440D,0.2262,LBen
E440F,0.8487,LPath
E440G,0.2076,LBen
E440H,0.5365,Amb
E440I,0.4917,Amb
E440K,0.2262,LBen
E440L,0.4053,Amb
E440M,0.568,LPath
E440N,0.4524,Amb
E440P,0.9329,LPath
E440Q,0.1436,LBen
E440R,0.3045,LBen
E440S,0.3153,LBen
E440T,0.3285,LBen
E440V,0.2544,LBen
E440W,0.9178,LPath
E440Y,0.7635,LPath
E441A,0.1834,LBen
E441C,0.9019,LPath
E441D,0.1178,LBen
E441F,0.8489,LPath
E441G,0.1252,LBen
E441H,0.5184,Amb
E441I,0.5625,Amb
E441K,0.2223,LBen
E441L,0.5215,Amb
E441M,0.601,LPath
E441N,0.2453,LBen
E441P,0.941,LPath
E441Q,0.1693,LBen
E441R,0.339,LBen
E441S,0.2574,LBen
E441T,0.305,LBen
E441V,0.3004,LBen
E441W,0.9225,LPath
E441Y,0.6742,LPath
K442A,0.2569,LBen
K442C,0.6948,LPath
K442D,0.4192,Amb
K442E,0.1197,LBen
K442F,0.752,LPath
K442G,0.3037,LBen
K442H,0.2857,LBen
K442I,0.2908,LBen
K442L,0.3098,LBen
K442M,0.1779,LBen
K442N,0.2593,LBen
K442P,0.9038,LPath
K442Q,0.0877,LBen
K442R,0.0979,LBen
K442S,0.276,LBen
K442T,0.1285,LBen
K442V,0.2718,LBen
K442W,0.7557,LPath
K442Y,0.5768,LPath
R443A,0.1253,LBen
R443C,0.1127,LBen
R443D,0.2861,LBen
R443E,0.1256,LBen
R443F,0.2613,LBen
R443G,0.0977,LBen
R443H,0.0715,LBen
R443I,0.1158,LBen
R443K,0.0692,LBen
R443L,0.0931,LBen
R443M,0.1167,LBen
R443N,0.2272,LBen
R443P,0.5976,LPath
R443Q,0.06,LBen
R443S,0.1872,LBen
R443T,0.0971,LBen
R443V,0.1341,LBen
R443W,0.1007,LBen
R443Y,0.1836,LBen
A444C,0.4939,Amb
A444D,0.2199,LBen
A444E,0.2176,LBen
A444F,0.3206,LBen
A444G,0.1576,LBen
A444H,0.3985,Amb
A444I,0.2076,LBen
A444K,0.4528,Amb
A444L,0.1616,LBen
A444M,0.2254,LBen
A444N,0.2004,LBen
A444P,0.7813,LPath
A444Q,0.3109,LBen
A444R,0.3676,Amb
A444S,0.0919,LBen
A444T,0.0847,LBen
A444V,0.1077,LBen
A444W,0.7049,LPath
A444Y,0.4185,Amb
F445A,0.2637,LBen
F445C,0.2262,LBen
F445D,0.7078,LPath
F445E,0.7179,LPath
F445G,0.5718,LPath
F445H,0.5032,Amb
F445I,0.136,LBen
F445K,0.7191,LPath
F445L,0.5274,Amb
F445M,0.323,LBen
F445N,0.5125,Amb
F445P,0.9821,LPath
F445Q,0.5944,LPath
F445R,0.5316,Amb
F445S,0.2423,LBen
F445T,0.2823,LBen
F445V,0.1173,LBen
F445W,0.3761,Amb
F445Y,0.1618,LBen
D446A,0.1666,LBen
D446C,0.5734,LPath
D446E,0.1202,LBen
D446F,0.5812,LPath
D446G,0.189,LBen
D446H,0.2067,LBen
D446I,0.3406,Amb
D446K,0.3599,Amb
D446L,0.3658,Amb
D446M,0.6414,LPath
D446N,0.1013,LBen
D446P,0.8879,LPath
D446Q,0.2565,LBen
D446R,0.3158,LBen
D446S,0.1286,LBen
D446T,0.2311,LBen
D446V,0.1932,LBen
D446W,0.8566,LPath
D446Y,0.214,LBen
S447A,0.0564,LBen
S447C,0.1023,LBen
S447D,0.1698,LBen
S447E,0.2531,LBen
S447F,0.1194,LBen
S447G,0.0801,LBen
S447H,0.2043,LBen
S447I,0.1074,LBen
S447K,0.3701,Amb
S447L,0.0693,LBen
S447M,0.1322,LBen
S447N,0.1013,LBen
S447P,0.8041,LPath
S447Q,0.3076,LBen
S447R,0.3035,LBen
S447T,0.0605,LBen
S447V,0.1085,LBen
S447W,0.2351,LBen
S447Y,0.1223,LBen
A448C,0.6312,LPath
A448D,0.4735,Amb
A448E,0.3116,LBen
A448F,0.5056,Amb
A448G,0.3113,LBen
A448H,0.5776,LPath
A448I,0.3529,Amb
A448K,0.5705,LPath
A448L,0.2653,LBen
A448M,0.283,LBen
A448N,0.4206,Amb
A448P,0.9649,LPath
A448Q,0.4236,Amb
A448R,0.4871,Amb
A448S,0.1269,LBen
A448T,0.1059,LBen
A448V,0.1394,LBen
A448W,0.8734,LPath
A448Y,0.6701,LPath
V449A,0.3727,Amb
V449C,0.9303,LPath
V449D,0.9438,LPath
V449E,0.7957,LPath
V449F,0.4402,Amb
V449G,0.6805,LPath
V449H,0.9301,LPath
V449I,0.1044,LBen
V449K,0.8102,LPath
V449L,0.3998,Amb
V449M,0.2491,LBen
V449N,0.8546,LPath
V449P,0.9855,LPath
V449Q,0.7889,LPath
V449R,0.7736,LPath
V449S,0.6623,LPath
V449T,0.4566,Amb
V449W,0.9625,LPath
V449Y,0.893,LPath
A450C,0.4689,Amb
A450D,0.1905,LBen
A450E,0.1525,LBen
A450F,0.2727,LBen
A450G,0.1255,LBen
A450H,0.3771,Amb
A450I,0.193,LBen
A450K,0.3092,LBen
A450L,0.1498,LBen
A450M,0.181,LBen
A450N,0.192,LBen
A450P,0.8758,LPath
A450Q,0.2233,LBen
A450R,0.2699,LBen
A450S,0.0914,LBen
A450T,0.0738,LBen
A450V,0.103,LBen
A450W,0.6348,LPath
A450Y,0.382,Amb
K451A,0.2018,LBen
K451C,0.7168,LPath
K451D,0.485,Amb
K451E,0.1191,LBen
K451F,0.7298,LPath
K451G,0.3503,Amb
K451H,0.3176,LBen
K451I,0.2875,LBen
K451L,0.2472,LBen
K451M,0.1672,LBen
K451N,0.3374,LBen
K451P,0.9279,LPath
K451Q,0.1187,LBen
K451R,0.0964,LBen
K451S,0.3094,LBen
K451T,0.1143,LBen
K451V,0.2195,LBen
K451W,0.7803,LPath
K451Y,0.6262,LPath
A452C,0.7297,LPath
A452D,0.5231,Amb
A452E,0.3073,LBen
A452F,0.5624,Amb
A452G,0.2849,LBen
A452H,0.6287,LPath
A452I,0.4927,Amb
A452K,0.6857,LPath
A452L,0.379,Amb
A452M,0.356,Amb
A452N,0.4474,Amb
A452P,0.9806,LPath
A452Q,0.456,Amb
A452R,0.6159,LPath
A452S,0.1365,LBen
A452T,0.1362,LBen
A452V,0.1999,LBen
A452W,0.9128,LPath
A452Y,0.6752,LPath
L453A,0.3613,Amb
L453C,0.7129,LPath
L453D,0.9248,LPath
L453E,0.5834,LPath
L453F,0.2748,LBen
L453G,0.7489,LPath
L453H,0.4542,Amb
L453I,0.1348,LBen
L453K,0.4321,Amb
L453M,0.1364,LBen
L453N,0.7208,LPath
L453P,0.9658,LPath
L453Q,0.2797,LBen
L453R,0.2928,LBen
L453S,0.5003,Amb
L453T,0.3527,Amb
L453V,0.1015,LBen
L453W,0.3814,Amb
L453Y,0.6056,LPath
E454A,0.1025,LBen
E454C,0.7626,LPath
E454D,0.1232,LBen
E454F,0.6066,LPath
E454G,0.1175,LBen
E454H,0.2976,LBen
E454I,0.2886,LBen
E454K,0.1554,LBen
E454L,0.2628,LBen
E454M,0.381,Amb
E454N,0.235,LBen
E454P,0.9442,LPath
E454Q,0.094,LBen
E454R,0.2175,LBen
E454S,0.1652,LBen
E454T,0.1935,LBen
E454V,0.1662,LBen
E454W,0.7955,LPath
E454Y,0.464,Amb
H455A,0.2083,LBen
H455C,0.1414,LBen
H455D,0.1898,LBen
H455E,0.231,LBen
H455F,0.2556,LBen
H455G,0.2051,LBen
H455I,0.1964,LBen
H455K,0.1576,LBen
H455L,0.0986,LBen
H455M,0.346,Amb
H455N,0.1063,LBen
H455P,0.6531,LPath
H455Q,0.1153,LBen
H455R,0.0697,LBen
H455S,0.2054,LBen
H455T,0.1714,LBen
H455V,0.1714,LBen
H455W,0.304,LBen
H455Y,0.0956,LBen
H456A,0.3714,Amb
H456C,0.1907,LBen
H456D,0.3404,Amb
H456E,0.3201,LBen
H456F,0.3836,Amb
H456G,0.3821,Amb
H456I,0.3831,Amb
H456K,0.2879,LBen
H456L,0.193,LBen
H456M,0.5862,LPath
H456N,0.1536,LBen
H456P,0.7296,LPath
H456Q,0.1666,LBen
H456R,0.1023,LBen
H456S,0.2634,LBen
H456T,0.3073,LBen
H456V,0.3165,LBen
H456W,0.4262,Amb
H456Y,0.1054,LBen
R457A,0.2414,LBen
R457C,0.137,LBen
R457D,0.4856,Amb
R457E,0.2199,LBen
R457F,0.3905,Amb
R457G,0.1326,LBen
R457H,0.0775,LBen
R457I,0.1787,LBen
R457K,0.0889,LBen
R457L,0.1715,LBen
R457M,0.2152,LBen
R457N,0.3758,Amb
R457P,0.8862,LPath
R457Q,0.0743,LBen
R457S,0.2817,LBen
R457T,0.1576,LBen
R457V,0.2351,LBen
R457W,0.1454,LBen
R457Y,0.2539,LBen
S458A,0.0732,LBen
S458C,0.1027,LBen
S458D,0.1487,LBen
S458E,0.212,LBen
S458F,0.1812,LBen
S458G,0.0631,LBen
S458H,0.1633,LBen
S458I,0.1116,LBen
S458K,0.2668,LBen
S458L,0.1032,LBen
S458M,0.1483,LBen
S458N,0.0841,LBen
S458P,0.7963,LPath
S458Q,0.2284,LBen
S458R,0.204,LBen
S458T,0.0661,LBen
S458V,0.1302,LBen
S458W,0.2116,LBen
S458Y,0.1545,LBen
E459A,0.14,LBen
E459C,0.8282,LPath
E459D,0.1548,LBen
E459F,0.7233,LPath
E459G,0.1434,LBen
E459H,0.3705,Amb
E459I,0.3115,LBen
E459K,0.1049,LBen
E459L,0.3508,Amb
E459M,0.3671,Amb
E459N,0.2383,LBen
E459P,0.9449,LPath
E459Q,0.1084,LBen
E459R,0.1931,LBen
E459S,0.2027,LBen
E459T,0.182,LBen
E459V,0.176,LBen
E459W,0.8754,LPath
E459Y,0.6032,LPath
I460A,0.4011,Amb
I460C,0.6475,LPath
I460D,0.7162,LPath
I460E,0.574,LPath
I460F,0.1546,LBen
I460G,0.5807,LPath
I460H,0.4792,Amb
I460K,0.3956,Amb
I460L,0.1008,LBen
I460M,0.083,LBen
I460N,0.2599,LBen
I460P,0.9311,LPath
I460Q,0.4104,Amb
I460R,0.3137,LBen
I460S,0.3331,LBen
I460T,0.3151,LBen
I460V,0.0817,LBen
I460W,0.6132,LPath
I460Y,0.4189,Amb
Q461A,0.1219,LBen
Q461C,0.4628,Amb
Q461D,0.2799,LBen
Q461E,0.069,LBen
Q461F,0.5241,Amb
Q461G,0.1736,LBen
Q461H,0.1537,LBen
Q461I,0.2163,LBen
Q461K,0.0737,LBen
Q461L,0.0998,LBen
Q461M,0.2484,LBen
Q461N,0.2613,LBen
Q461P,0.3803,Amb
Q461R,0.0741,LBen
Q461S,0.1916,LBen
Q461T,0.1286,LBen
Q461V,0.1323,LBen
Q461W,0.3802,Amb
Q461Y,0.3591,Amb
A462C,0.3706,Amb
A462D,0.1324,LBen
A462E,0.1143,LBen
A462F,0.1999,LBen
A462G,0.0987,LBen
A462H,0.2643,LBen
A462I,0.1394,LBen
A462K,0.204,LBen
A462L,0.0994,LBen
A462M,0.1292,LBen
A462N,0.1496,LBen
A462P,0.6711,LPath
A462Q,0.181,LBen
A462R,0.1825,LBen
A462S,0.086,LBen
A462T,0.069,LBen
A462V,0.0799,LBen
A462W,0.4268,Amb
A462Y,0.2697,LBen
E463A,0.1314,LBen
E463C,0.8528,LPath
E463D,0.1472,LBen
E463F,0.7018,LPath
E463G,0.1348,LBen
E463H,0.4266,Amb
E463I,0.333,LBen
E463K,0.1322,LBen
E463L,0.3153,LBen
E463M,0.4067,Amb
E463N,0.2744,LBen
E463P,0.9447,LPath
E463Q,0.119,LBen
E463R,0.2298,LBen
E463S,0.2049,LBen
E463T,0.2165,LBen
E463V,0.1889,LBen
E463W,0.8714,LPath
E463Y,0.6122,LPath
Q464A,0.3318,LBen
Q464C,0.8266,LPath
Q464D,0.6523,LPath
Q464E,0.1016,LBen
Q464F,0.8712,LPath
Q464G,0.3289,LBen
Q464H,0.3023,LBen
Q464I,0.6158,LPath
Q464K,0.1263,LBen
Q464L,0.2814,LBen
Q464M,0.5139,Amb
Q464N,0.3829,Amb
Q464P,0.881,LPath
Q464R,0.1326,LBen
Q464S,0.449,Amb
Q464T,0.3056,LBen
Q464V,0.4414,Amb
Q464W,0.6909,LPath
Q464Y,0.6094,LPath
D465A,0.1326,LBen
D465C,0.4783,Amb
D465E,0.0984,LBen
D465F,0.4047,Amb
D465G,0.1056,LBen
D465H,0.185,LBen
D465I,0.2222,LBen
D465K,0.2358,LBen
D465L,0.2506,LBen
D465M,0.4069,Amb
D465N,0.081,LBen
D465P,0.9394,LPath
D465Q,0.1863,LBen
D465R,0.2629,LBen
D465S,0.1158,LBen
D465T,0.1663,LBen
D465V,0.1269,LBen
D465W,0.7189,LPath
D465Y,0.1415,LBen
R466A,0.1982,LBen
R466C,0.1568,LBen
R466D,0.4499,Amb
R466E,0.1813,LBen
R466F,0.3706,Amb
R466G,0.1161,LBen
R466H,0.0867,LBen
R466I,0.1428,LBen
R466K,0.0724,LBen
R466L,0.1542,LBen
R466M,0.1365,LBen
R466N,0.3494,Amb
R466P,0.8783,LPath
R466Q,0.067,LBen
R466S,0.2673,LBen
R466T,0.1309,LBen
R466V,0.1959,LBen
R466W,0.1364,LBen
R466Y,0.3005,LBen
K467A,0.6987,LPath
K467C,0.8652,LPath
K467D,0.9034,LPath
K467E,0.3789,Amb
K467F,0.9122,LPath
K467G,0.8024,LPath
K467H,0.4986,Amb
K467I,0.5802,LPath
K467L,0.5165,Amb
K467M,0.3105,LBen
K467N,0.7682,LPath
K467P,0.9917,LPath
K467Q,0.1962,LBen
K467R,0.1079,LBen
K467S,0.8056,LPath
K467T,0.4613,Amb
K467V,0.547,Amb
K467W,0.8691,LPath
K467Y,0.8055,LPath
I468A,0.1279,LBen
I468C,0.6435,LPath
I468D,0.5544,Amb
I468E,0.3527,Amb
I468F,0.1774,LBen
I468G,0.3332,LBen
I468H,0.5101,Amb
I468K,0.3227,LBen
I468L,0.1041,LBen
I468M,0.0601,LBen
I468N,0.2341,LBen
I468P,0.8805,LPath
I468Q,0.3198,LBen
I468R,0.2258,LBen
I468S,0.1767,LBen
I468T,0.074,LBen
I468V,0.0554,LBen
I468W,0.6304,LPath
I468Y,0.4967,Amb
E469A,0.1269,LBen
E469C,0.7875,LPath
E469D,0.1567,LBen
E469F,0.6995,LPath
E469G,0.1144,LBen
E469H,0.3864,Amb
E469I,0.355,Amb
E469K,0.1432,LBen
E469L,0.3236,LBen
E469M,0.411,Amb
E469N,0.2859,LBen
E469P,0.9093,LPath
E469Q,0.1131,LBen
E469R,0.2011,LBen
E469S,0.1838,LBen
E469T,0.1996,LBen
E469V,0.1919,LBen
E469W,0.8244,LPath
E469Y,0.591,LPath
E470A,0.115,LBen
E470C,0.8795,LPath
E470D,0.1383,LBen
E470F,0.7422,LPath
E470G,0.1482,LBen
E470H,0.5078,Amb
E470I,0.328,LBen
E470K,0.1962,LBen
E470L,0.3661,Amb
E470M,0.3856,Amb
E470N,0.3004,LBen
E470P,0.9713,LPath
E470Q,0.1691,LBen
E470R,0.3489,Amb
E470S,0.2576,LBen
E470T,0.213,LBen
E470V,0.1654,LBen
E470W,0.9085,LPath
E470Y,0.6246,LPath
V471A,0.2362,LBen
V471C,0.776,LPath
V471D,0.5934,LPath
V471E,0.4623,Amb
V471F,0.2466,LBen
V471G,0.2745,LBen
V471H,0.7488,LPath
V471I,0.1059,LBen
V471K,0.6491,LPath
V471L,0.2864,LBen
V471M,0.173,LBen
V471N,0.4597,Amb
V471P,0.9856,LPath
V471Q,0.4857,Amb
V471R,0.6299,LPath
V471S,0.3627,Amb
V471T,0.3114,LBen
V471W,0.852,LPath
V471Y,0.6239,LPath
R472A,0.5576,Amb
R472C,0.2846,LBen
R472D,0.865,LPath
R472E,0.4425,Amb
R472F,0.8016,LPath
R472G,0.3535,Amb
R472H,0.1393,LBen
R472I,0.5332,Amb
R472K,0.1108,LBen
R472L,0.4375,Amb
R472M,0.4481,Amb
R472N,0.7539,LPath
R472P,0.9699,LPath
R472Q,0.0988,LBen
R472S,0.6414,LPath
R472T,0.3553,Amb
R472V,0.5852,LPath
R472W,0.2626,LBen
R472Y,0.6293,LPath
D473A,0.135,LBen
D473C,0.4934,Amb
D473E,0.1085,LBen
D473F,0.376,Amb
D473G,0.1256,LBen
D473H,0.2254,LBen
D473I,0.2159,LBen
D473K,0.3393,LBen
D473L,0.2415,LBen
D473M,0.4372,Amb
D473N,0.0997,LBen
D473P,0.9509,LPath
D473Q,0.2824,LBen
D473R,0.3749,Amb
D473S,0.1317,LBen
D473T,0.1735,LBen
D473V,0.1165,LBen
D473W,0.7589,LPath
D473Y,0.145,LBen
A474C,0.56,Amb
A474D,0.2998,LBen
A474E,0.2929,LBen
A474F,0.3689,Amb
A474G,0.2041,LBen
A474H,0.4773,Amb
A474I,0.2299,LBen
A474K,0.5445,Amb
A474L,0.2065,LBen
A474M,0.2183,LBen
A474N,0.2649,LBen
A474P,0.9615,LPath
A474Q,0.3719,Amb
A474R,0.4662,Amb
A474S,0.1111,LBen
A474T,0.0835,LBen
A474V,0.1084,LBen
A474W,0.8092,LPath
A474Y,0.5274,Amb
M475A,0.5881,LPath
M475C,0.883,LPath
M475D,0.989,LPath
M475E,0.8997,LPath
M475F,0.4832,Amb
M475G,0.8429,LPath
M475H,0.8432,LPath
M475I,0.7864,LPath
M475K,0.6447,LPath
M475L,0.2562,LBen
M475N,0.9248,LPath
M475P,0.9973,LPath
M475Q,0.5791,LPath
M475R,0.5842,LPath
M475S,0.7418,LPath
M475T,0.4693,Amb
M475V,0.1463,LBen
M475W,0.8036,LPath
M475Y,0.8024,LPath
E476A,0.8237,LPath
E476C,0.9958,LPath
E476D,0.7363,LPath
E476F,0.9967,LPath
E476G,0.6805,LPath
E476H,0.9789,LPath
E476I,0.9862,LPath
E476K,0.9069,LPath
E476L,0.9798,LPath
E476M,0.982,LPath
E476N,0.9211,LPath
E476P,0.9989,LPath
E476Q,0.7295,LPath
E476R,0.9349,LPath
E476S,0.8824,LPath
E476T,0.9332,LPath
E476V,0.932,LPath
E476W,0.9979,LPath
E476Y,0.989,LPath
N477A,0.1379,LBen
N477C,0.2441,LBen
N477D,0.1556,LBen
N477E,0.2985,LBen
N477F,0.3097,LBen
N477G,0.1892,LBen
N477H,0.1085,LBen
N477I,0.0834,LBen
N477K,0.2324,LBen
N477L,0.1416,LBen
N477M,0.1365,LBen
N477P,0.9492,LPath
N477Q,0.2532,LBen
N477R,0.2712,LBen
N477S,0.0798,LBen
N477T,0.0762,LBen
N477V,0.0948,LBen
N477W,0.593,LPath
N477Y,0.1228,LBen
E478A,0.8322,LPath
E478C,0.9958,LPath
E478D,0.5907,LPath
E478F,0.9958,LPath
E478G,0.8374,LPath
E478H,0.9649,LPath
E478I,0.974,LPath
E478K,0.8287,LPath
E478L,0.9742,LPath
E478M,0.9759,LPath
E478N,0.9239,LPath
E478P,0.9993,LPath
E478Q,0.7004,LPath
E478R,0.8951,LPath
E478S,0.8942,LPath
E478T,0.91,LPath
E478V,0.9061,LPath
E478W,0.9986,LPath
E478Y,0.9866,LPath
M479A,0.9691,LPath
M479C,0.9827,LPath
M479D,0.9984,LPath
M479E,0.9879,LPath
M479F,0.8451,LPath
M479G,0.9838,LPath
M479H,0.9846,LPath
M479I,0.8875,LPath
M479K,0.9448,LPath
M479L,0.358,Amb
M479N,0.9769,LPath
M479P,0.9996,LPath
M479Q,0.931,LPath
M479R,0.956,LPath
M479S,0.9806,LPath
M479T,0.9313,LPath
M479V,0.4153,Amb
M479W,0.9742,LPath
M479Y,0.9617,LPath
R480A,0.9396,LPath
R480C,0.5305,Amb
R480D,0.9854,LPath
R480E,0.8671,LPath
R480F,0.9479,LPath
R480G,0.8677,LPath
R480H,0.345,Amb
R480I,0.806,LPath
R480K,0.382,Amb
R480L,0.7242,LPath
R480M,0.8172,LPath
R480N,0.9606,LPath
R480P,0.9959,LPath
R480Q,0.3084,LBen
R480S,0.9649,LPath
R480T,0.9061,LPath
R480V,0.8497,LPath
R480W,0.5672,LPath
R480Y,0.8545,LPath
T481A,0.3185,LBen
T481C,0.8509,LPath
T481D,0.8979,LPath
T481E,0.7893,LPath
T481F,0.6929,LPath
T481G,0.6075,LPath
T481H,0.583,LPath
T481I,0.5181,Amb
T481K,0.6065,LPath
T481L,0.2609,LBen
T481M,0.202,LBen
T481N,0.431,Amb
T481P,0.9173,LPath
T481Q,0.4777,Amb
T481R,0.5582,Amb
T481S,0.3831,Amb
T481V,0.4075,Amb
T481W,0.9147,LPath
T481Y,0.7611,LPath
Q482A,0.6289,LPath
Q482C,0.9831,LPath
Q482D,0.9898,LPath
Q482E,0.4716,Amb
Q482F,0.9844,LPath
Q482G,0.9036,LPath
Q482H,0.8933,LPath
Q482I,0.9462,LPath
Q482K,0.8896,LPath
Q482L,0.753,LPath
Q482M,0.8098,LPath
Q482N,0.8583,LPath
Q482P,0.9913,LPath
Q482R,0.8463,LPath
Q482S,0.696,LPath
Q482T,0.8353,LPath
Q482V,0.8467,LPath
Q482W,0.9919,LPath
Q482Y,0.9774,LPath
L483A,0.9834,LPath
L483C,0.9926,LPath
L483D,0.9991,LPath
L483E,0.9914,LPath
L483F,0.9338,LPath
L483G,0.9916,LPath
L483H,0.9875,LPath
L483I,0.7273,LPath
L483K,0.9809,LPath
L483M,0.5822,LPath
L483N,0.9941,LPath
L483P,0.9989,LPath
L483Q,0.9729,LPath
L483R,0.9702,LPath
L483S,0.9958,LPath
L483T,0.9891,LPath
L483V,0.8052,LPath
L483W,0.9692,LPath
L483Y,0.9758,LPath
R484A,0.9242,LPath
R484C,0.5159,Amb
R484D,0.994,LPath
R484E,0.9288,LPath
R484F,0.9524,LPath
R484G,0.8516,LPath
R484H,0.3381,LBen
R484I,0.9159,LPath
R484K,0.3384,LBen
R484L,0.7266,LPath
R484M,0.8804,LPath
R484N,0.9788,LPath
R484P,0.9958,LPath
R484Q,0.2829,LBen
R484S,0.9527,LPath
R484T,0.9407,LPath
R484V,0.9296,LPath
R484W,0.5557,Amb
R484Y,0.8529,LPath
R485A,0.9912,LPath
R485C,0.8381,LPath
R485D,0.9968,LPath
R485E,0.965,LPath
R485F,0.9759,LPath
R485G,0.9775,LPath
R485H,0.7474,LPath
R485I,0.9066,LPath
R485K,0.7927,LPath
R485L,0.7717,LPath
R485M,0.9539,LPath
R485N,0.9902,LPath
R485P,0.9985,LPath
R485Q,0.7008,LPath
R485S,0.9933,LPath
R485T,0.9897,LPath
R485V,0.9539,LPath
R485W,0.6698,LPath
R485Y,0.928,LPath
Q486A,0.622,LPath
Q486C,0.9934,LPath
Q486D,0.9939,LPath
Q486E,0.5331,Amb
Q486F,0.9936,LPath
Q486G,0.8839,LPath
Q486H,0.9739,LPath
Q486I,0.9514,LPath
Q486K,0.9177,LPath
Q486L,0.8099,LPath
Q486M,0.7884,LPath
Q486N,0.9446,LPath
Q486P,0.9952,LPath
Q486R,0.9317,LPath
Q486S,0.7793,LPath
Q486T,0.6991,LPath
Q486V,0.8547,LPath
Q486W,0.9967,LPath
Q486Y,0.9943,LPath
A487C,0.9019,LPath
A487D,0.9776,LPath
A487E,0.9202,LPath
A487F,0.9061,LPath
A487G,0.6339,LPath
A487H,0.9504,LPath
A487I,0.7895,LPath
A487K,0.9794,LPath
A487L,0.6111,LPath
A487M,0.5468,Amb
A487N,0.8964,LPath
A487P,0.9987,LPath
A487Q,0.9009,LPath
A487R,0.9538,LPath
A487S,0.3166,LBen
A487T,0.2271,LBen
A487V,0.4223,Amb
A487W,0.9883,LPath
A487Y,0.9554,LPath
A488C,0.9559,LPath
A488D,0.9878,LPath
A488E,0.9639,LPath
A488F,0.9144,LPath
A488G,0.5891,LPath
A488H,0.9774,LPath
A488I,0.9367,LPath
A488K,0.9915,LPath
A488L,0.7852,LPath
A488M,0.8304,LPath
A488N,0.9662,LPath
A488P,0.9984,LPath
A488Q,0.9422,LPath
A488R,0.9699,LPath
A488S,0.3973,Amb
A488T,0.7027,LPath
A488V,0.773,LPath
A488W,0.9927,LPath
A488Y,0.9717,LPath
A489C,0.9563,LPath
A489D,0.9957,LPath
A489E,0.9894,LPath
A489F,0.9546,LPath
A489G,0.8745,LPath
A489H,0.99,LPath
A489I,0.9122,LPath
A489K,0.9969,LPath
A489L,0.7974,LPath
A489M,0.9143,LPath
A489N,0.9879,LPath
A489P,0.9963,LPath
A489Q,0.9808,LPath
A489R,0.9756,LPath
A489S,0.5557,Amb
A489T,0.8024,LPath
A489V,0.7332,LPath
A489W,0.994,LPath
A489Y,0.985,LPath
H490A,0.9859,LPath
H490C,0.9133,LPath
H490D,0.9883,LPath
H490E,0.9893,LPath
H490F,0.8571,LPath
H490G,0.9902,LPath
H490I,0.9899,LPath
H490K,0.9896,LPath
H490L,0.8873,LPath
H490M,0.9796,LPath
H490N,0.8574,LPath
H490P,0.9931,LPath
H490Q,0.9557,LPath
H490R,0.9417,LPath
H490S,0.9635,LPath
H490T,0.9862,LPath
H490V,0.9756,LPath
H490W,0.9161,LPath
H490Y,0.5754,LPath
T491A,0.1472,LBen
T491C,0.7653,LPath
T491D,0.8819,LPath
T491E,0.7938,LPath
T491F,0.8334,LPath
T491G,0.4331,Amb
T491H,0.6302,LPath
T491I,0.7418,LPath
T491K,0.7296,LPath
T491L,0.4597,Amb
T491M,0.2564,LBen
T491N,0.3938,Amb
T491P,0.9508,LPath
T491Q,0.6022,LPath
T491R,0.6118,LPath
T491S,0.1656,LBen
T491V,0.5206,Amb
T491W,0.9512,LPath
T491Y,0.8196,LPath
D492A,0.9151,LPath
D492C,0.9871,LPath
D492E,0.8085,LPath
D492F,0.9789,LPath
D492G,0.9216,LPath
D492H,0.9499,LPath
D492I,0.9785,LPath
D492K,0.9863,LPath
D492L,0.9651,LPath
D492M,0.9913,LPath
D492N,0.7495,LPath
D492P,0.9988,LPath
D492Q,0.9699,LPath
D492R,0.9762,LPath
D492S,0.8172,LPath
D492T,0.9557,LPath
D492V,0.925,LPath
D492W,0.9958,LPath
D492Y,0.8946,LPath
H493A,0.9892,LPath
H493C,0.9508,LPath
H493D,0.9858,LPath
H493E,0.9916,LPath
H493F,0.9388,LPath
H493G,0.9921,LPath
H493I,0.9769,LPath
H493K,0.9893,LPath
H493L,0.8719,LPath
H493M,0.9823,LPath
H493N,0.8588,LPath
H493P,0.9911,LPath
H493Q,0.9788,LPath
H493R,0.9573,LPath
H493S,0.9721,LPath
H493T,0.9848,LPath
H493V,0.9726,LPath
H493W,0.9762,LPath
H493Y,0.8361,LPath
L494A,0.9082,LPath
L494C,0.925,LPath
L494D,0.9967,LPath
L494E,0.9433,LPath
L494F,0.7874,LPath
L494G,0.9838,LPath
L494H,0.9319,LPath
L494I,0.1327,LBen
L494K,0.9375,LPath
L494M,0.281,LBen
L494N,0.9739,LPath
L494P,0.9974,LPath
L494Q,0.7944,LPath
L494R,0.8751,LPath
L494S,0.9586,LPath
L494T,0.8474,LPath
L494V,0.1724,LBen
L494W,0.9118,LPath
L494Y,0.9534,LPath
R495A,0.4288,Amb
R495C,0.226,LBen
R495D,0.7713,LPath
R495E,0.3899,Amb
R495F,0.7482,LPath
R495G,0.2243,LBen
R495H,0.1184,LBen
R495I,0.4964,Amb
R495K,0.1385,LBen
R495L,0.3125,LBen
R495M,0.3905,Amb
R495N,0.5885,LPath
R495P,0.9736,LPath
R495Q,0.0851,LBen
R495S,0.4917,Amb
R495T,0.309,LBen
R495V,0.5127,Amb
R495W,0.2316,LBen
R495Y,0.5314,Amb
D496A,0.8632,LPath
D496C,0.9806,LPath
D496E,0.6343,LPath
D496F,0.967,LPath
D496G,0.857,LPath
D496H,0.915,LPath
D496I,0.9639,LPath
D496K,0.9719,LPath
D496L,0.9365,LPath
D496M,0.9768,LPath
D496N,0.7124,LPath
D496P,0.9989,LPath
D496Q,0.9417,LPath
D496R,0.9678,LPath
D496S,0.8179,LPath
D496T,0.9205,LPath
D496V,0.8536,LPath
D496W,0.9927,LPath
D496Y,0.8091,LPath
V497A,0.5732,LPath
V497C,0.9315,LPath
V497D,0.9133,LPath
V497E,0.7204,LPath
V497F,0.5724,LPath
V497G,0.7515,LPath
V497H,0.9168,LPath
V497I,0.1513,LBen
V497K,0.84,LPath
V497L,0.6207,LPath
V497M,0.2731,LBen
V497N,0.7847,LPath
V497P,0.9988,LPath
V497Q,0.6964,LPath
V497R,0.779,LPath
V497S,0.6472,LPath
V497T,0.5712,LPath
V497W,0.9832,LPath
V497Y,0.9011,LPath
L498A,0.8751,LPath
L498C,0.9212,LPath
L498D,0.9956,LPath
L498E,0.9507,LPath
L498F,0.7215,LPath
L498G,0.9672,LPath
L498H,0.9108,LPath
L498I,0.1526,LBen
L498K,0.9143,LPath
L498M,0.3288,LBen
L498N,0.9599,LPath
L498P,0.9945,LPath
L498Q,0.7996,LPath
L498R,0.8296,LPath
L498S,0.9405,LPath
L498T,0.8465,LPath
L498V,0.2205,LBen
L498W,0.8812,LPath
L498Y,0.9385,LPath
R499A,0.2151,LBen
R499C,0.1948,LBen
R499D,0.5009,Amb
R499E,0.2534,LBen
R499F,0.4692,Amb
R499G,0.1479,LBen
R499H,0.0927,LBen
R499I,0.2355,LBen
R499K,0.0777,LBen
R499L,0.1572,LBen
R499M,0.1762,LBen
R499N,0.3919,Amb
R499P,0.9141,LPath
R499Q,0.0905,LBen
R499S,0.2898,LBen
R499T,0.1454,LBen
R499V,0.2674,LBen
R499W,0.1706,LBen
R499Y,0.3731,Amb
V500A,0.6391,LPath
V500C,0.893,LPath
V500D,0.7978,LPath
V500E,0.6549,LPath
V500F,0.3491,Amb
V500G,0.5247,Amb
V500H,0.8506,LPath
V500I,0.0962,LBen
V500K,0.803,LPath
V500L,0.3986,Amb
V500M,0.3202,LBen
V500N,0.654,LPath
V500P,0.9915,LPath
V500Q,0.6571,LPath
V500R,0.7462,LPath
V500S,0.6581,LPath
V500T,0.6155,LPath
V500W,0.9091,LPath
V500Y,0.7722,LPath
Q501A,0.7033,LPath
Q501C,0.9808,LPath
Q501D,0.947,LPath
Q501E,0.2209,LBen
Q501F,0.9898,LPath
Q501G,0.7525,LPath
Q501H,0.7918,LPath
Q501I,0.9588,LPath
Q501K,0.2961,LBen
Q501L,0.7479,LPath
Q501M,0.8704,LPath
Q501N,0.8335,LPath
Q501P,0.9864,LPath
Q501R,0.3243,LBen
Q501S,0.72,LPath
Q501T,0.7024,LPath
Q501V,0.8824,LPath
Q501W,0.9719,LPath
Q501Y,0.9633,LPath
E502A,0.2878,LBen
E502C,0.9674,LPath
E502D,0.5053,Amb
E502F,0.9624,LPath
E502G,0.232,LBen
E502H,0.7561,LPath
E502I,0.8529,LPath
E502K,0.3444,Amb
E502L,0.819,LPath
E502M,0.8162,LPath
E502N,0.6446,LPath
E502P,0.9976,LPath
E502Q,0.1877,LBen
E502R,0.4923,Amb
E502S,0.4102,Amb
E502T,0.5963,LPath
E502V,0.6258,LPath
E502W,0.9863,LPath
E502Y,0.8825,LPath
Q503A,0.2333,LBen
Q503C,0.7109,LPath
Q503D,0.389,Amb
Q503E,0.0858,LBen
Q503F,0.696,LPath
Q503G,0.2589,LBen
Q503H,0.2338,LBen
Q503I,0.3894,Amb
Q503K,0.1038,LBen
Q503L,0.1425,LBen
Q503M,0.3114,LBen
Q503N,0.3056,LBen
Q503P,0.9059,LPath
Q503R,0.1212,LBen
Q503S,0.3416,Amb
Q503T,0.24,LBen
Q503V,0.2719,LBen
Q503W,0.5409,Amb
Q503Y,0.4859,Amb
E504A,0.2799,LBen
E504C,0.9282,LPath
E504D,0.1421,LBen
E504F,0.873,LPath
E504G,0.2888,LBen
E504H,0.6081,LPath
E504I,0.5564,Amb
E504K,0.3936,Amb
E504L,0.6005,LPath
E504M,0.6277,LPath
E504N,0.3485,Amb
E504P,0.9911,LPath
E504Q,0.2195,LBen
E504R,0.5407,Amb
E504S,0.3597,Amb
E504T,0.3908,Amb
E504V,0.3451,Amb
E504W,0.9512,LPath
E504Y,0.7468,LPath
L505A,0.6461,LPath
L505C,0.6813,LPath
L505D,0.9645,LPath
L505E,0.7594,LPath
L505F,0.2676,LBen
L505G,0.8401,LPath
L505H,0.4979,Amb
L505I,0.2193,LBen
L505K,0.6501,LPath
L505M,0.1287,LBen
L505N,0.7811,LPath
L505P,0.9944,LPath
L505Q,0.4037,Amb
L505R,0.4728,Amb
L505S,0.8047,LPath
L505T,0.677,LPath
L505V,0.1899,LBen
L505W,0.3573,Amb
L505Y,0.4435,Amb
K506A,0.4069,Amb
K506C,0.6872,LPath
K506D,0.7669,LPath
K506E,0.231,LBen
K506F,0.8023,LPath
K506G,0.5368,Amb
K506H,0.2799,LBen
K506I,0.409,Amb
K506L,0.3607,Amb
K506M,0.2615,LBen
K506N,0.5113,Amb
K506P,0.9702,LPath
K506Q,0.1152,LBen
K506R,0.0848,LBen
K506S,0.4974,Amb
K506T,0.1918,LBen
K506V,0.3795,Amb
K506W,0.7725,LPath
K506Y,0.6686,LPath
S507A,0.0737,LBen
S507C,0.0631,LBen
S507D,0.1568,LBen
S507E,0.2176,LBen
S507F,0.0925,LBen
S507G,0.0769,LBen
S507H,0.1038,LBen
S507I,0.1242,LBen
S507K,0.3091,LBen
S507L,0.097,LBen
S507M,0.1489,LBen
S507N,0.0785,LBen
S507P,0.8393,LPath
S507Q,0.1808,LBen
S507R,0.223,LBen
S507T,0.073,LBen
S507V,0.116,LBen
S507W,0.1482,LBen
S507Y,0.051,LBen
E508A,0.1224,LBen
E508C,0.7884,LPath
E508D,0.1352,LBen
E508F,0.7107,LPath
E508G,0.1727,LBen
E508H,0.3353,LBen
E508I,0.2962,LBen
E508K,0.1242,LBen
E508L,0.3173,LBen
E508M,0.3856,Amb
E508N,0.2242,LBen
E508P,0.9474,LPath
E508Q,0.1069,LBen
E508R,0.2033,LBen
E508S,0.1721,LBen
E508T,0.1538,LBen
E508V,0.1721,LBen
E508W,0.8714,LPath
E508Y,0.5561,Amb
F509A,0.4976,Amb
F509C,0.4291,Amb
F509D,0.8581,LPath
F509E,0.8626,LPath
F509G,0.7868,LPath
F509H,0.4157,Amb
F509I,0.5037,Amb
F509K,0.897,LPath
F509L,0.921,LPath
F509M,0.6282,LPath
F509N,0.5899,LPath
F509P,0.9988,LPath
F509Q,0.764,LPath
F509R,0.7701,LPath
F509S,0.4486,Amb
F509T,0.6154,LPath
F509V,0.3988,Amb
F509W,0.3763,Amb
F509Y,0.0758,LBen
E510A,0.1604,LBen
E510C,0.773,LPath
E510D,0.1255,LBen
E510F,0.7069,LPath
E510G,0.1444,LBen
E510H,0.2852,LBen
E510I,0.378,Amb
E510K,0.1297,LBen
E510L,0.3156,LBen
E510M,0.438,Amb
E510N,0.2132,LBen
E510P,0.9445,LPath
E510Q,0.0879,LBen
E510R,0.178,LBen
E510S,0.1563,LBen
E510T,0.2032,LBen
E510V,0.2312,LBen
E510W,0.8297,LPath
E510Y,0.5348,Amb
Q511A,0.1782,LBen
Q511C,0.4963,Amb
Q511D,0.2547,LBen
Q511E,0.0774,LBen
Q511F,0.5972,LPath
Q511G,0.1747,LBen
Q511H,0.1622,LBen
Q511I,0.3093,LBen
Q511K,0.0732,LBen
Q511L,0.1219,LBen
Q511M,0.2563,LBen
Q511N,0.2026,LBen
Q511P,0.7914,LPath
Q511R,0.0899,LBen
Q511S,0.2197,LBen
Q511T,0.1522,LBen
Q511V,0.2055,LBen
Q511W,0.4107,Amb
Q511Y,0.3686,Amb
N512A,0.115,LBen
N512C,0.1699,LBen
N512D,0.0756,LBen
N512E,0.1512,LBen
N512F,0.2986,LBen
N512G,0.1241,LBen
N512H,0.074,LBen
N512I,0.1143,LBen
N512K,0.1483,LBen
N512L,0.1516,LBen
N512M,0.1986,LBen
N512P,0.8585,LPath
N512Q,0.1483,LBen
N512R,0.1846,LBen
N512S,0.071,LBen
N512T,0.0732,LBen
N512V,0.112,LBen
N512W,0.5388,Amb
N512Y,0.1074,LBen
L513A,0.4141,Amb
L513C,0.5104,Amb
L513D,0.8943,LPath
L513E,0.5587,Amb
L513F,0.1757,LBen
L513G,0.7167,LPath
L513H,0.2819,LBen
L513I,0.1116,LBen
L513K,0.4463,Amb
L513M,0.0927,LBen
L513N,0.5864,LPath
L513P,0.971,LPath
L513Q,0.2178,LBen
L513R,0.2844,LBen
L513S,0.4761,Amb
L513T,0.3043,LBen
L513V,0.0988,LBen
L513W,0.3358,LBen
L513Y,0.3848,Amb
S514A,0.0763,LBen
S514C,0.1197,LBen
S514D,0.2766,LBen
S514E,0.3369,LBen
S514F,0.1893,LBen
S514G,0.0823,LBen
S514H,0.2358,LBen
S514I,0.1842,LBen
S514K,0.4523,Amb
S514L,0.0982,LBen
S514M,0.1774,LBen
S514N,0.1215,LBen
S514P,0.8018,LPath
S514Q,0.3344,LBen
S514R,0.3718,Amb
S514T,0.071,LBen
S514V,0.177,LBen
S514W,0.2656,LBen
S514Y,0.1613,LBen
E515A,0.1537,LBen
E515C,0.7929,LPath
E515D,0.1372,LBen
E515F,0.6905,LPath
E515G,0.1177,LBen
E515H,0.3364,LBen
E515I,0.3742,Amb
E515K,0.114,LBen
E515L,0.3155,LBen
E515M,0.4109,Amb
E515N,0.2366,LBen
E515P,0.9471,LPath
E515Q,0.108,LBen
E515R,0.1825,LBen
E515S,0.1883,LBen
E515T,0.2064,LBen
E515V,0.2144,LBen
E515W,0.8202,LPath
E515Y,0.5607,Amb
K516A,0.458,Amb
K516C,0.7409,LPath
K516D,0.7307,LPath
K516E,0.2654,LBen
K516F,0.8699,LPath
K516G,0.6153,LPath
K516H,0.3225,LBen
K516I,0.4759,Amb
K516L,0.3975,Amb
K516M,0.2454,LBen
K516N,0.5095,Amb
K516P,0.9841,LPath
K516Q,0.1341,LBen
K516R,0.1089,LBen
K516S,0.5266,Amb
K516T,0.2467,LBen
K516V,0.437,Amb
K516W,0.8501,LPath
K516Y,0.686,LPath
L517A,0.3949,Amb
L517C,0.5532,Amb
L517D,0.8473,LPath
L517E,0.441,Amb
L517F,0.1996,LBen
L517G,0.6685,LPath
L517H,0.2861,LBen
L517I,0.1003,LBen
L517K,0.3395,LBen
L517M,0.1066,LBen
L517N,0.5226,Amb
L517P,0.968,LPath
L517Q,0.1659,LBen
L517R,0.1975,LBen
L517S,0.4852,Amb
L517T,0.3522,Amb
L517V,0.1013,LBen
L517W,0.283,LBen
L517Y,0.3682,Amb
S518A,0.0601,LBen
S518C,0.1188,LBen
S518D,0.2504,LBen
S518E,0.2871,LBen
S518F,0.1667,LBen
S518G,0.0925,LBen
S518H,0.249,LBen
S518I,0.1723,LBen
S518K,0.4552,Amb
S518L,0.0898,LBen
S518M,0.1585,LBen
S518N,0.1449,LBen
S518P,0.7453,LPath
S518Q,0.3186,LBen
S518R,0.3959,Amb
S518T,0.074,LBen
S518V,0.1408,LBen
S518W,0.2245,LBen
S518Y,0.1431,LBen
E519A,0.1418,LBen
E519C,0.7678,LPath
E519D,0.0996,LBen
E519F,0.6049,LPath
E519G,0.1456,LBen
E519H,0.314,LBen
E519I,0.2988,LBen
E519K,0.1304,LBen
E519L,0.2694,LBen
E519M,0.372,Amb
E519N,0.195,LBen
E519P,0.944,LPath
E519Q,0.1122,LBen
E519R,0.2094,LBen
E519S,0.1668,LBen
E519T,0.1937,LBen
E519V,0.1864,LBen
E519W,0.8162,LPath
E519Y,0.4874,Amb
Q520A,0.3469,Amb
Q520C,0.8127,LPath
Q520D,0.6015,LPath
Q520E,0.0922,LBen
Q520F,0.8721,LPath
Q520G,0.4107,Amb
Q520H,0.3655,Amb
Q520I,0.6286,LPath
Q520K,0.1506,LBen
Q520L,0.2784,LBen
Q520M,0.4708,Amb
Q520N,0.4105,Amb
Q520P,0.9279,LPath
Q520R,0.171,LBen
Q520S,0.4323,Amb
Q520T,0.327,LBen
Q520V,0.4139,Amb
Q520W,0.7518,LPath
Q520Y,0.588,LPath
E521A,0.2739,LBen
E521C,0.9393,LPath
E521D,0.1538,LBen
E521F,0.9054,LPath
E521G,0.2692,LBen
E521H,0.5868,LPath
E521I,0.653,LPath
E521K,0.3209,LBen
E521L,0.6385,LPath
E521M,0.675,LPath
E521N,0.332,LBen
E521P,0.9848,LPath
E521Q,0.1959,LBen
E521R,0.4724,Amb
E521S,0.3278,LBen
E521T,0.3873,Amb
E521V,0.3953,Amb
E521W,0.966,LPath
E521Y,0.7606,LPath
L522A,0.2322,LBen
L522C,0.4656,Amb
L522D,0.5235,Amb
L522E,0.2356,LBen
L522F,0.1391,LBen
L522G,0.3721,Amb
L522H,0.1702,LBen
L522I,0.0921,LBen
L522K,0.2146,LBen
L522M,0.0732,LBen
L522N,0.2705,LBen
L522P,0.8667,LPath
L522Q,0.102,LBen
L522R,0.1508,LBen
L522S,0.2425,LBen
L522T,0.1701,LBen
L522V,0.0878,LBen
L522W,0.1676,LBen
L522Y,0.2592,LBen
Q523A,0.133,LBen
Q523C,0.3987,Amb
Q523D,0.1875,LBen
Q523E,0.0635,LBen
Q523F,0.457,Amb
Q523G,0.1863,LBen
Q523H,0.1069,LBen
Q523I,0.2528,LBen
Q523K,0.1078,LBen
Q523L,0.0881,LBen
Q523M,0.2564,LBen
Q523N,0.1623,LBen
Q523P,0.4787,Amb
Q523R,0.0966,LBen
Q523S,0.1596,LBen
Q523T,0.1391,LBen
Q523V,0.1621,LBen
Q523W,0.385,Amb
Q523Y,0.2567,LBen
F524A,0.7279,LPath
F524C,0.4371,Amb
F524D,0.8115,LPath
F524E,0.8082,LPath
F524G,0.823,LPath
F524H,0.4101,Amb
F524I,0.392,Amb
F524K,0.8635,LPath
F524L,0.8863,LPath
F524M,0.6243,LPath
F524N,0.6029,LPath
F524P,0.9972,LPath
F524Q,0.6972,LPath
F524R,0.7441,LPath
F524S,0.5711,LPath
F524T,0.7447,LPath
F524V,0.3827,Amb
F524W,0.3883,Amb
F524Y,0.0739,LBen
R525A,0.4092,Amb
R525C,0.1053,LBen
R525D,0.6641,LPath
R525E,0.3458,Amb
R525F,0.4734,Amb
R525G,0.2541,LBen
R525H,0.074,LBen
R525I,0.3159,LBen
R525K,0.1163,LBen
R525L,0.189,LBen
R525M,0.3256,LBen
R525N,0.5172,Amb
R525P,0.8795,LPath
R525Q,0.078,LBen
R525S,0.4084,Amb
R525T,0.2945,LBen
R525V,0.3564,Amb
R525W,0.1587,LBen
R525Y,0.2912,LBen
R526A,0.3585,Amb
R526C,0.1182,LBen
R526D,0.5017,Amb
R526E,0.2876,LBen
R526F,0.4046,Amb
R526G,0.2414,LBen
R526H,0.0691,LBen
R526I,0.2543,LBen
R526K,0.1568,LBen
R526L,0.1696,LBen
R526M,0.2853,LBen
R526N,0.4109,Amb
R526P,0.9192,LPath
R526Q,0.0772,LBen
R526S,0.3656,Amb
R526T,0.2521,LBen
R526V,0.2988,LBen
R526W,0.1555,LBen
R526Y,0.2283,LBen
L527A,0.1822,LBen
L527C,0.3089,LBen
L527D,0.3889,Amb
L527E,0.1615,LBen
L527F,0.1146,LBen
L527G,0.3347,LBen
L527H,0.1036,LBen
L527I,0.1038,LBen
L527K,0.1299,LBen
L527M,0.092,LBen
L527N,0.2285,LBen
L527P,0.8766,LPath
L527Q,0.0681,LBen
L527R,0.081,LBen
L527S,0.1885,LBen
L527T,0.1775,LBen
L527V,0.0919,LBen
L527W,0.1499,LBen
L527Y,0.1924,LBen
S528A,0.104,LBen
S528C,0.1109,LBen
S528D,0.4201,Amb
S528E,0.5299,Amb
S528F,0.3149,LBen
S528G,0.0801,LBen
S528H,0.2597,LBen
S528I,0.2552,LBen
S528K,0.6602,LPath
S528L,0.1702,LBen
S528M,0.2336,LBen
S528N,0.106,LBen
S528P,0.8374,LPath
S528Q,0.4189,Amb
S528R,0.5828,LPath
S528T,0.0753,LBen
S528V,0.2547,LBen
S528W,0.3776,Amb
S528Y,0.2226,LBen
Q529A,0.4256,Amb
Q529C,0.8965,LPath
Q529D,0.7615,LPath
Q529E,0.1312,LBen
Q529F,0.9394,LPath
Q529G,0.4946,Amb
Q529H,0.5662,LPath
Q529I,0.7118,LPath
Q529K,0.2156,LBen
Q529L,0.3194,LBen
Q529M,0.5816,LPath
Q529N,0.6432,LPath
Q529P,0.8895,LPath
Q529R,0.1991,LBen
Q529S,0.5364,Amb
Q529T,0.4535,Amb
Q529V,0.5102,Amb
Q529W,0.8679,LPath
Q529Y,0.8723,LPath
E530A,0.2168,LBen
E530C,0.9073,LPath
E530D,0.141,LBen
E530F,0.8494,LPath
E530G,0.2121,LBen
E530H,0.5681,LPath
E530I,0.504,Amb
E530K,0.2458,LBen
E530L,0.4746,Amb
E530M,0.5406,Amb
E530N,0.3042,LBen
E530P,0.9751,LPath
E530Q,0.1643,LBen
E530R,0.4007,Amb
E530S,0.2872,LBen
E530T,0.3234,LBen
E530V,0.2922,LBen
E530W,0.9409,LPath
E530Y,0.7219,LPath
Q531A,0.4511,Amb
Q531C,0.9482,LPath
Q531D,0.5863,LPath
Q531E,0.1005,LBen
Q531F,0.9553,LPath
Q531G,0.5945,LPath
Q531H,0.5281,Amb
Q531I,0.7772,LPath
Q531K,0.2181,LBen
Q531L,0.4121,Amb
Q531M,0.598,LPath
Q531N,0.4927,Amb
Q531P,0.9085,LPath
Q531R,0.2781,LBen
Q531S,0.5649,LPath
Q531T,0.4262,Amb
Q531V,0.6019,LPath
Q531W,0.9283,LPath
Q531Y,0.8564,LPath
V532A,0.2385,LBen
V532C,0.8143,LPath
V532D,0.6158,LPath
V532E,0.3864,Amb
V532F,0.279,LBen
V532G,0.3475,Amb
V532H,0.6883,LPath
V532I,0.0895,LBen
V532K,0.4672,Amb
V532L,0.1712,LBen
V532M,0.121,LBen
V532N,0.4404,Amb
V532P,0.9547,LPath
V532Q,0.4037,Amb
V532R,0.4238,Amb
V532S,0.3827,Amb
V532T,0.2369,LBen
V532W,0.8092,LPath
V532Y,0.6671,LPath
D533A,0.6841,LPath
D533C,0.9441,LPath
D533E,0.6258,LPath
D533F,0.9314,LPath
D533G,0.5414,Amb
D533H,0.7162,LPath
D533I,0.9116,LPath
D533K,0.9072,LPath
D533L,0.8748,LPath
D533M,0.9525,LPath
D533N,0.2498,LBen
D533P,0.9884,LPath
D533Q,0.8231,LPath
D533R,0.8771,LPath
D533S,0.4359,Amb
D533T,0.7697,LPath
D533V,0.7813,LPath
D533W,0.983,LPath
D533Y,0.6789,LPath
N534A,0.1305,LBen
N534C,0.1951,LBen
N534D,0.0967,LBen
N534E,0.2807,LBen
N534F,0.4478,Amb
N534G,0.1467,LBen
N534H,0.0967,LBen
N534I,0.1881,LBen
N534K,0.2513,LBen
N534L,0.193,LBen
N534M,0.2591,LBen
N534P,0.8886,LPath
N534Q,0.2426,LBen
N534R,0.2585,LBen
N534S,0.0589,LBen
N534T,0.0823,LBen
N534V,0.1783,LBen
N534W,0.6876,LPath
N534Y,0.1662,LBen
F535A,0.9793,LPath
F535C,0.9375,LPath
F535D,0.9932,LPath
F535E,0.9942,LPath
F535G,0.9935,LPath
F535H,0.9355,LPath
F535I,0.8071,LPath
F535K,0.9946,LPath
F535L,0.977,LPath
F535M,0.9145,LPath
F535N,0.9847,LPath
F535P,0.9999,LPath
F535Q,0.9864,LPath
F535R,0.9818,LPath
F535S,0.9778,LPath
F535T,0.9796,LPath
F535V,0.7914,LPath
F535W,0.8952,LPath
F535Y,0.4033,Amb
T536A,0.3662,Amb
T536C,0.8183,LPath
T536D,0.9459,LPath
T536E,0.8803,LPath
T536F,0.8613,LPath
T536G,0.7638,LPath
T536H,0.6826,LPath
T536I,0.7739,LPath
T536K,0.7836,LPath
T536L,0.4387,Amb
T536M,0.2765,LBen
T536N,0.604,LPath
T536P,0.8307,LPath
T536Q,0.618,LPath
T536R,0.6942,LPath
T536S,0.3721,Amb
T536V,0.6003,LPath
T536W,0.9537,LPath
T536Y,0.8575,LPath
L537A,0.2426,LBen
L537C,0.5802,LPath
L537D,0.7692,LPath
L537E,0.3384,LBen
L537F,0.2288,LBen
L537G,0.5096,Amb
L537H,0.2648,LBen
L537I,0.1319,LBen
L537K,0.2656,LBen
L537M,0.0856,LBen
L537N,0.4679,Amb
L537P,0.9394,LPath
L537Q,0.135,LBen
L537R,0.1777,LBen
L537S,0.3011,LBen
L537T,0.218,LBen
L537V,0.1009,LBen
L537W,0.3103,LBen
L537Y,0.4475,Amb
D538A,0.7071,LPath
D538C,0.9765,LPath
D538E,0.5939,LPath
D538F,0.974,LPath
D538G,0.6624,LPath
D538H,0.8305,LPath
D538I,0.969,LPath
D538K,0.9336,LPath
D538L,0.9252,LPath
D538M,0.9752,LPath
D538N,0.4287,Amb
D538P,0.9936,LPath
D538Q,0.8601,LPath
D538R,0.9271,LPath
D538S,0.566,LPath
D538T,0.8712,LPath
D538V,0.8747,LPath
D538W,0.9947,LPath
D538Y,0.8259,LPath
I539A,0.886,LPath
I539C,0.9341,LPath
I539D,0.9878,LPath
I539E,0.9682,LPath
I539F,0.5213,Amb
I539G,0.9768,LPath
I539H,0.9542,LPath
I539K,0.9256,LPath
I539L,0.261,LBen
I539M,0.1105,LBen
I539N,0.8642,LPath
I539P,0.9931,LPath
I539Q,0.917,LPath
I539R,0.8865,LPath
I539S,0.8675,LPath
I539T,0.8342,LPath
I539V,0.1645,LBen
I539W,0.9451,LPath
I539Y,0.8931,LPath
N540A,0.8524,LPath
N540C,0.83,LPath
N540D,0.7253,LPath
N540E,0.9197,LPath
N540F,0.9764,LPath
N540G,0.7736,LPath
N540H,0.4758,Amb
N540I,0.9266,LPath
N540K,0.9193,LPath
N540L,0.8363,LPath
N540M,0.8984,LPath
N540P,0.9765,LPath
N540Q,0.8695,LPath
N540R,0.8939,LPath
N540S,0.2288,LBen
N540T,0.6321,LPath
N540V,0.8898,LPath
N540W,0.989,LPath
N540Y,0.7855,LPath
T541A,0.0775,LBen
T541C,0.5098,Amb
T541D,0.4114,Amb
T541E,0.3052,LBen
T541F,0.4158,Amb
T541G,0.2408,LBen
T541H,0.2731,LBen
T541I,0.3118,LBen
T541K,0.2315,LBen
T541L,0.1495,LBen
T541M,0.1078,LBen
T541N,0.1462,LBen
T541P,0.8762,LPath
T541Q,0.2462,LBen
T541R,0.2068,LBen
T541S,0.1119,LBen
T541V,0.2043,LBen
T541W,0.7851,LPath
T541Y,0.444,Amb
A542C,0.8858,LPath
A542D,0.9855,LPath
A542E,0.9741,LPath
A542F,0.9162,LPath
A542G,0.6624,LPath
A542H,0.9601,LPath
A542I,0.9138,LPath
A542K,0.9938,LPath
A542L,0.7902,LPath
A542M,0.8064,LPath
A542N,0.9307,LPath
A542P,0.9948,LPath
A542Q,0.9445,LPath
A542R,0.9774,LPath
A542S,0.2542,LBen
A542T,0.5383,Amb
A542V,0.6736,LPath
A542W,0.9828,LPath
A542Y,0.9466,LPath
Y543A,0.8669,LPath
Y543C,0.375,Amb
Y543D,0.9056,LPath
Y543E,0.9669,LPath
Y543F,0.1176,LBen
Y543G,0.8972,LPath
Y543H,0.5144,Amb
Y543I,0.8485,LPath
Y543K,0.9593,LPath
Y543L,0.7222,LPath
Y543M,0.7863,LPath
Y543N,0.6688,LPath
Y543P,0.9969,LPath
Y543Q,0.9145,LPath
Y543R,0.8946,LPath
Y543S,0.6746,LPath
Y543T,0.8629,LPath
Y543V,0.708,LPath
Y543W,0.4605,Amb
A544C,0.8139,LPath
A544D,0.9008,LPath
A544E,0.8434,LPath
A544F,0.8528,LPath
A544G,0.2677,LBen
A544H,0.8612,LPath
A544I,0.9008,LPath
A544K,0.9549,LPath
A544L,0.6941,LPath
A544M,0.7281,LPath
A544N,0.7738,LPath
A544P,0.9911,LPath
A544Q,0.7627,LPath
A544R,0.8915,LPath
A544S,0.0953,LBen
A544T,0.3459,Amb
A544V,0.6231,LPath
A544W,0.9739,LPath
A544Y,0.9028,LPath
R545A,0.8347,LPath
R545C,0.3873,Amb
R545D,0.9408,LPath
R545E,0.6856,LPath
R545F,0.9077,LPath
R545G,0.7264,LPath
R545H,0.1777,LBen
R545I,0.7759,LPath
R545K,0.1856,LBen
R545L,0.6118,LPath
R545M,0.7065,LPath
R545N,0.8716,LPath
R545P,0.991,LPath
R545Q,0.1618,LBen
R545S,0.8315,LPath
R545T,0.6742,LPath
R545V,0.7763,LPath
R545W,0.5037,Amb
R545Y,0.7662,LPath
L546A,0.9593,LPath
L546C,0.974,LPath
L546D,0.9988,LPath
L546E,0.9878,LPath
L546F,0.8968,LPath
L546G,0.9862,LPath
L546H,0.9843,LPath
L546I,0.4159,Amb
L546K,0.9822,LPath
L546M,0.451,Amb
L546N,0.9901,LPath
L546P,0.9971,LPath
L546Q,0.9531,LPath
L546R,0.9685,LPath
L546S,0.986,LPath
L546T,0.9643,LPath
L546V,0.4425,Amb
L546W,0.9554,LPath
L546Y,0.977,LPath
R547A,0.4983,Amb
R547C,0.2228,LBen
R547D,0.802,LPath
R547E,0.4301,Amb
R547F,0.7533,LPath
R547G,0.3533,Amb
R547H,0.1041,LBen
R547I,0.4834,Amb
R547K,0.0925,LBen
R547L,0.2986,LBen
R547M,0.4002,Amb
R547N,0.6778,LPath
R547P,0.9646,LPath
R547Q,0.1029,LBen
R547S,0.584,LPath
R547T,0.3773,Amb
R547V,0.5171,Amb
R547W,0.2682,LBen
R547Y,0.534,Amb
G548A,0.7525,LPath
G548C,0.9422,LPath
G548D,0.9635,LPath
G548E,0.9682,LPath
G548F,0.9886,LPath
G548H,0.9879,LPath
G548I,0.9756,LPath
G548K,0.99,LPath
G548L,0.983,LPath
G548M,0.9824,LPath
G548N,0.9709,LPath
G548P,0.9996,LPath
G548Q,0.9813,LPath
G548R,0.983,LPath
G548S,0.8033,LPath
G548T,0.9433,LPath
G548V,0.9358,LPath
G548W,0.9838,LPath
G548Y,0.9837,LPath
I549A,0.9383,LPath
I549C,0.9903,LPath
I549D,0.9965,LPath
I549E,0.9871,LPath
I549F,0.5666,LPath
I549G,0.9931,LPath
I549H,0.9894,LPath
I549K,0.9795,LPath
I549L,0.3587,Amb
I549M,0.17,LBen
I549N,0.9724,LPath
I549P,0.9961,LPath
I549Q,0.9788,LPath
I549R,0.9673,LPath
I549S,0.9647,LPath
I549T,0.9093,LPath
I549V,0.2732,LBen
I549W,0.9578,LPath
I549Y,0.9497,LPath
E550A,0.7418,LPath
E550C,0.9896,LPath
E550D,0.8595,LPath
E550F,0.9942,LPath
E550G,0.7072,LPath
E550H,0.937,LPath
E550I,0.9641,LPath
E550K,0.6815,LPath
E550L,0.9506,LPath
E550M,0.9507,LPath
E550N,0.9288,LPath
E550P,0.9978,LPath
E550Q,0.3648,Amb
E550R,0.7511,LPath
E550S,0.7324,LPath
E550T,0.825,LPath
E550V,0.8879,LPath
E550W,0.9968,LPath
E550Y,0.9851,LPath
Q551A,0.209,LBen
Q551C,0.6983,LPath
Q551D,0.2439,LBen
Q551E,0.0748,LBen
Q551F,0.7186,LPath
Q551G,0.2575,LBen
Q551H,0.178,LBen
Q551I,0.4977,Amb
Q551K,0.1069,LBen
Q551L,0.1475,LBen
Q551M,0.3584,Amb
Q551N,0.2088,LBen
Q551P,0.9154,LPath
Q551R,0.1326,LBen
Q551S,0.2665,LBen
Q551T,0.2244,LBen
Q551V,0.3231,LBen
Q551W,0.6561,LPath
Q551Y,0.4651,Amb
A552C,0.9413,LPath
A552D,0.9608,LPath
A552E,0.9052,LPath
A552F,0.8907,LPath
A552G,0.6126,LPath
A552H,0.9458,LPath
A552I,0.8546,LPath
A552K,0.9696,LPath
A552L,0.6825,LPath
A552M,0.6573,LPath
A552N,0.9303,LPath
A552P,0.9974,LPath
A552Q,0.8873,LPath
A552R,0.9302,LPath
A552S,0.4012,Amb
A552T,0.5449,Amb
A552V,0.5012,Amb
A552W,0.9833,LPath
A552Y,0.9452,LPath
V553A,0.7809,LPath
V553C,0.9657,LPath
V553D,0.9894,LPath
V553E,0.9444,LPath
V553F,0.4614,Amb
V553G,0.8642,LPath
V553H,0.9814,LPath
V553I,0.116,LBen
V553K,0.9573,LPath
V553L,0.4447,Amb
V553M,0.1888,LBen
V553N,0.9698,LPath
V553P,0.9953,LPath
V553Q,0.9014,LPath
V553R,0.9351,LPath
V553S,0.9016,LPath
V553T,0.8271,LPath
V553W,0.9741,LPath
V553Y,0.95,LPath
Q554A,0.2161,LBen
Q554C,0.5807,LPath
Q554D,0.3046,LBen
Q554E,0.0737,LBen
Q554F,0.6528,LPath
Q554G,0.2485,LBen
Q554H,0.1604,LBen
Q554I,0.4404,Amb
Q554K,0.1011,LBen
Q554L,0.1447,LBen
Q554M,0.389,Amb
Q554N,0.2597,LBen
Q554P,0.78,LPath
Q554R,0.1031,LBen
Q554S,0.2653,LBen
Q554T,0.2255,LBen
Q554V,0.2969,LBen
Q554W,0.5223,Amb
Q554Y,0.4086,Amb
S555A,0.1702,LBen
S555C,0.1956,LBen
S555D,0.3886,Amb
S555E,0.5793,LPath
S555F,0.6343,LPath
S555G,0.0818,LBen
S555H,0.4426,Amb
S555I,0.4102,Amb
S555K,0.7627,LPath
S555L,0.3254,LBen
S555M,0.3949,Amb
S555N,0.182,LBen
S555P,0.9763,LPath
S555Q,0.5773,LPath
S555R,0.707,LPath
S555T,0.153,LBen
S555V,0.4418,Amb
S555W,0.6573,LPath
S555Y,0.4642,Amb
H556A,0.775,LPath
H556C,0.5456,Amb
H556D,0.8422,LPath
H556E,0.8239,LPath
H556F,0.6664,LPath
H556G,0.8265,LPath
H556I,0.7752,LPath
H556K,0.673,LPath
H556L,0.3286,LBen
H556M,0.8019,LPath
H556N,0.4438,Amb
H556P,0.8757,LPath
H556Q,0.5167,Amb
H556R,0.3116,LBen
H556S,0.7105,LPath
H556T,0.781,LPath
H556V,0.6776,LPath
H556W,0.7109,LPath
H556Y,0.3111,LBen
A557C,0.6043,LPath
A557D,0.6372,LPath
A557E,0.4788,Amb
A557F,0.5138,Amb
A557G,0.3014,LBen
A557H,0.6341,LPath
A557I,0.2973,LBen
A557K,0.6743,LPath
A557L,0.3014,LBen
A557M,0.2671,LBen
A557N,0.5034,Amb
A557P,0.9699,LPath
A557Q,0.5039,Amb
A557R,0.5469,Amb
A557S,0.1222,LBen
A557T,0.1032,LBen
A557V,0.1159,LBen
A557W,0.8747,LPath
A557Y,0.7009,LPath
V558A,0.0838,LBen
V558C,0.5866,LPath
V558D,0.1414,LBen
V558E,0.1159,LBen
V558F,0.1301,LBen
V558G,0.1462,LBen
V558H,0.2896,LBen
V558I,0.0702,LBen
V558K,0.1613,LBen
V558L,0.1117,LBen
V558M,0.0907,LBen
V558N,0.1378,LBen
V558P,0.6831,LPath
V558Q,0.1507,LBen
V558R,0.1511,LBen
V558S,0.1199,LBen
V558T,0.1004,LBen
V558W,0.593,LPath
V558Y,0.3795,Amb
A559C,0.7875,LPath
A559D,0.7794,LPath
A559E,0.5949,LPath
A559F,0.6815,LPath
A559G,0.4127,Amb
A559H,0.7811,LPath
A559I,0.5988,LPath
A559K,0.7759,LPath
A559L,0.3249,LBen
A559M,0.4117,Amb
A559N,0.6865,LPath
A559P,0.9705,LPath
A559Q,0.5499,Amb
A559R,0.6037,LPath
A559S,0.1894,LBen
A559T,0.221,LBen
A559V,0.2772,LBen
A559W,0.9168,LPath
A559Y,0.8267,LPath
E560A,0.3692,Amb
E560C,0.9828,LPath
E560D,0.7904,LPath
E560F,0.9848,LPath
E560G,0.4734,Amb
E560H,0.9282,LPath
E560I,0.9216,LPath
E560K,0.5754,LPath
E560L,0.8713,LPath
E560M,0.8583,LPath
E560N,0.8935,LPath
E560P,0.9937,LPath
E560Q,0.3906,Amb
E560R,0.6814,LPath
E560S,0.6541,LPath
E560T,0.7092,LPath
E560V,0.6917,LPath
E560W,0.9941,LPath
E560Y,0.9735,LPath
E561A,0.1339,LBen
E561C,0.8906,LPath
E561D,0.1656,LBen
E561F,0.8474,LPath
E561G,0.1475,LBen
E561H,0.5408,Amb
E561I,0.4442,Amb
E561K,0.1489,LBen
E561L,0.4307,Amb
E561M,0.4516,Amb
E561N,0.305,LBen
E561P,0.9732,LPath
E561Q,0.1435,LBen
E561R,0.2645,LBen
E561S,0.2438,LBen
E561T,0.2423,LBen
E561V,0.2326,LBen
E561W,0.9295,LPath
E561Y,0.718,LPath
E562A,0.125,LBen
E562C,0.9064,LPath
E562D,0.2709,LBen
E562F,0.8484,LPath
E562G,0.2515,LBen
E562H,0.5496,Amb
E562I,0.4341,Amb
E562K,0.1599,LBen
E562L,0.446,Amb
E562M,0.4608,Amb
E562N,0.3639,Amb
E562P,0.981,LPath
E562Q,0.1341,LBen
E562R,0.2985,LBen
E562S,0.2796,LBen
E562T,0.233,LBen
E562V,0.2328,LBen
E562W,0.9499,LPath
E562Y,0.7534,LPath
A563C,0.8655,LPath
A563D,0.8866,LPath
A563E,0.8012,LPath
A563F,0.832,LPath
A563G,0.3354,LBen
A563H,0.8927,LPath
A563I,0.8015,LPath
A563K,0.9438,LPath
A563L,0.6093,LPath
A563M,0.5985,LPath
A563N,0.615,LPath
A563P,0.9921,LPath
A563Q,0.7619,LPath
A563R,0.8725,LPath
A563S,0.1885,LBen
A563T,0.4007,Amb
A563V,0.5122,Amb
A563W,0.9677,LPath
A563Y,0.8828,LPath
R564A,0.5848,LPath
R564C,0.2027,LBen
R564D,0.8723,LPath
R564E,0.4876,Amb
R564F,0.745,LPath
R564G,0.3972,Amb
R564H,0.1506,LBen
R564I,0.5211,Amb
R564K,0.17,LBen
R564L,0.3651,Amb
R564M,0.4975,Amb
R564N,0.7781,LPath
R564P,0.9797,LPath
R564Q,0.1043,LBen
R564S,0.6829,LPath
R564T,0.5086,Amb
R564V,0.5422,Amb
R564W,0.2487,LBen
R564Y,0.5751,LPath
K565A,0.3798,Amb
K565C,0.6694,LPath
K565D,0.7173,LPath
K565E,0.2066,LBen
K565F,0.827,LPath
K565G,0.5299,Amb
K565H,0.3102,LBen
K565I,0.4099,Amb
K565L,0.3395,LBen
K565M,0.2484,LBen
K565N,0.4922,Amb
K565P,0.9694,LPath
K565Q,0.1258,LBen
K565R,0.0868,LBen
K565S,0.5094,Amb
K565T,0.2286,LBen
K565V,0.3872,Amb
K565W,0.7634,LPath
K565Y,0.6913,LPath
A566C,0.7698,LPath
A566D,0.9056,LPath
A566E,0.8361,LPath
A566F,0.7814,LPath
A566G,0.4212,Amb
A566H,0.8648,LPath
A566I,0.5978,LPath
A566K,0.9406,LPath
A566L,0.572,LPath
A566M,0.5062,Amb
A566N,0.7176,LPath
A566P,0.9869,LPath
A566Q,0.7448,LPath
A566R,0.8547,LPath
A566S,0.1499,LBen
A566T,0.241,LBen
A566V,0.26,LBen
A566W,0.9553,LPath
A566Y,0.8593,LPath
H567A,0.8947,LPath
H567C,0.6069,LPath
H567D,0.945,LPath
H567E,0.9217,LPath
H567F,0.6832,LPath
H567G,0.8985,LPath
H567I,0.9237,LPath
H567K,0.8379,LPath
H567L,0.5428,Amb
H567M,0.9187,LPath
H567N,0.6248,LPath
H567P,0.9383,LPath
H567Q,0.6471,LPath
H567R,0.4999,Amb
H567S,0.8086,LPath
H567T,0.9165,LPath
H567V,0.8713,LPath
H567W,0.6915,LPath
H567Y,0.2489,LBen
Q568A,0.2508,LBen
Q568C,0.5365,Amb
Q568D,0.5091,Amb
Q568E,0.1078,LBen
Q568F,0.6926,LPath
Q568G,0.283,LBen
Q568H,0.1848,LBen
Q568I,0.4947,Amb
Q568K,0.1042,LBen
Q568L,0.1548,LBen
Q568M,0.4133,Amb
Q568N,0.3714,Amb
Q568P,0.8696,LPath
Q568R,0.0919,LBen
Q568S,0.3146,LBen
Q568T,0.2745,LBen
Q568V,0.3414,Amb
Q568W,0.5487,Amb
Q568Y,0.451,Amb
L569A,0.8441,LPath
L569C,0.8492,LPath
L569D,0.9882,LPath
L569E,0.9443,LPath
L569F,0.3574,Amb
L569G,0.955,LPath
L569H,0.8057,LPath
L569I,0.2148,LBen
L569K,0.9037,LPath
L569M,0.2127,LBen
L569N,0.9341,LPath
L569P,0.9922,LPath
L569Q,0.7278,LPath
L569R,0.7909,LPath
L569S,0.9231,LPath
L569T,0.8057,LPath
L569V,0.2516,LBen
L569W,0.664,LPath
L569Y,0.7551,LPath
W570A,0.9355,LPath
W570C,0.9649,LPath
W570D,0.9967,LPath
W570E,0.9955,LPath
W570F,0.5341,Amb
W570G,0.8931,LPath
W570H,0.9581,LPath
W570I,0.9578,LPath
W570K,0.9971,LPath
W570L,0.821,LPath
W570M,0.9543,LPath
W570N,0.9913,LPath
W570P,0.9992,LPath
W570Q,0.9883,LPath
W570R,0.9868,LPath
W570S,0.8754,LPath
W570T,0.9665,LPath
W570V,0.9354,LPath
W570Y,0.79,LPath
L571A,0.8684,LPath
L571C,0.892,LPath
L571D,0.9921,LPath
L571E,0.9524,LPath
L571F,0.7453,LPath
L571G,0.958,LPath
L571H,0.9202,LPath
L571I,0.2059,LBen
L571K,0.9341,LPath
L571M,0.335,LBen
L571N,0.943,LPath
L571P,0.9918,LPath
L571Q,0.8427,LPath
L571R,0.8665,LPath
L571S,0.938,LPath
L571T,0.8926,LPath
L571V,0.2746,LBen
L571W,0.8907,LPath
L571Y,0.9318,LPath
S572A,0.0725,LBen
S572C,0.1425,LBen
S572D,0.8936,LPath
S572E,0.9174,LPath
S572F,0.5734,LPath
S572G,0.1915,LBen
S572H,0.7697,LPath
S572I,0.6584,LPath
S572K,0.9744,LPath
S572L,0.2117,LBen
S572M,0.4641,Amb
S572N,0.5883,LPath
S572P,0.9614,LPath
S572Q,0.8551,LPath
S572R,0.9403,LPath
S572T,0.1803,LBen
S572V,0.4935,Amb
S572W,0.7015,LPath
S572Y,0.5114,Amb
V573A,0.3776,Amb
V573C,0.8898,LPath
V573D,0.9859,LPath
V573E,0.9651,LPath
V573F,0.8466,LPath
V573G,0.7179,LPath
V573H,0.9912,LPath
V573I,0.098,LBen
V573K,0.9845,LPath
V573L,0.5974,LPath
V573M,0.3832,Amb
V573N,0.9387,LPath
V573P,0.9961,LPath
V573Q,0.9599,LPath
V573R,0.9744,LPath
V573S,0.6652,LPath
V573T,0.3544,Amb
V573W,0.9955,LPath
V573Y,0.9889,LPath
E574A,0.5359,Amb
E574C,0.9791,LPath
E574D,0.6678,LPath
E574F,0.9869,LPath
E574G,0.7443,LPath
E574H,0.9285,LPath
E574I,0.917,LPath
E574K,0.771,LPath
E574L,0.9036,LPath
E574M,0.8844,LPath
E574N,0.8345,LPath
E574P,0.998,LPath
E574Q,0.4295,Amb
E574R,0.8597,LPath
E574S,0.6662,LPath
E574T,0.7596,LPath
E574V,0.7421,LPath
E574W,0.9947,LPath
E574Y,0.973,LPath
A575C,0.8404,LPath
A575D,0.8472,LPath
A575E,0.8222,LPath
A575F,0.7816,LPath
A575G,0.2465,LBen
A575H,0.8909,LPath
A575I,0.8067,LPath
A575K,0.9547,LPath
A575L,0.639,LPath
A575M,0.5899,LPath
A575N,0.6609,LPath
A575P,0.9933,LPath
A575Q,0.8292,LPath
A575R,0.9171,LPath
A575S,0.1317,LBen
A575T,0.2903,LBen
A575V,0.4678,Amb
A575W,0.9702,LPath
A575Y,0.8482,LPath
L576A,0.9185,LPath
L576C,0.9295,LPath
L576D,0.9994,LPath
L576E,0.9942,LPath
L576F,0.5412,Amb
L576G,0.9879,LPath
L576H,0.9897,LPath
L576I,0.327,LBen
L576K,0.994,LPath
L576M,0.3065,LBen
L576N,0.9964,LPath
L576P,0.9957,LPath
L576Q,0.9737,LPath
L576R,0.9838,LPath
L576S,0.9852,LPath
L576T,0.9504,LPath
L576V,0.2853,LBen
L576W,0.9304,LPath
L576Y,0.9739,LPath
K577A,0.3522,Amb
K577C,0.5455,Amb
K577D,0.6597,LPath
K577E,0.2755,LBen
K577F,0.8047,LPath
K577G,0.3953,Amb
K577H,0.2295,LBen
K577I,0.4292,Amb
K577L,0.3583,Amb
K577M,0.2896,LBen
K577N,0.3777,Amb
K577P,0.9379,LPath
K577Q,0.1164,LBen
K577R,0.0776,LBen
K577S,0.3665,Amb
K577T,0.1865,LBen
K577V,0.4058,Amb
K577W,0.6753,LPath
K577Y,0.6023,LPath
Y578A,0.5275,Amb
Y578C,0.2171,LBen
Y578D,0.3744,Amb
Y578E,0.6621,LPath
Y578F,0.1193,LBen
Y578G,0.4587,Amb
Y578H,0.2495,LBen
Y578I,0.5792,LPath
Y578K,0.7498,LPath
Y578L,0.5289,Amb
Y578M,0.6484,LPath
Y578N,0.2308,LBen
Y578P,0.9824,LPath
Y578Q,0.522,Amb
Y578R,0.5946,LPath
Y578S,0.3143,LBen
Y578T,0.5333,Amb
Y578V,0.4627,Amb
Y578W,0.5062,Amb
S579A,0.0774,LBen
S579C,0.0702,LBen
S579D,0.394,Amb
S579E,0.4832,Amb
S579F,0.3,LBen
S579G,0.0758,LBen
S579H,0.2616,LBen
S579I,0.1567,LBen
S579K,0.5572,Amb
S579L,0.1488,LBen
S579M,0.2202,LBen
S579N,0.1378,LBen
S579P,0.8633,LPath
S579Q,0.3737,Amb
S579R,0.3806,Amb
S579T,0.0739,LBen
S579V,0.1688,LBen
S579W,0.3994,Amb
S579Y,0.2446,LBen
M580A,0.6605,LPath
M580C,0.8247,LPath
M580D,0.9849,LPath
M580E,0.8598,LPath
M580F,0.5793,LPath
M580G,0.8594,LPath
M580H,0.9107,LPath
M580I,0.4324,Amb
M580K,0.6644,LPath
M580L,0.0957,LBen
M580N,0.9255,LPath
M580P,0.973,LPath
M580Q,0.6335,LPath
M580R,0.6443,LPath
M580S,0.8067,LPath
M580T,0.5231,Amb
M580V,0.1133,LBen
M580W,0.8459,LPath
M580Y,0.882,LPath
K581A,0.298,LBen
K581C,0.654,LPath
K581D,0.5513,Amb
K581E,0.1762,LBen
K581F,0.7973,LPath
K581G,0.3687,Amb
K581H,0.2753,LBen
K581I,0.4253,Amb
K581L,0.3538,Amb
K581M,0.2269,LBen
K581N,0.3639,Amb
K581P,0.8707,LPath
K581Q,0.1089,LBen
K581R,0.0816,LBen
K581S,0.396,Amb
K581T,0.1847,LBen
K581V,0.372,Amb
K581W,0.7647,LPath
K581Y,0.633,LPath
T582A,0.0832,LBen
T582C,0.3516,Amb
T582D,0.3219,LBen
T582E,0.2762,LBen
T582F,0.2222,LBen
T582G,0.1953,LBen
T582H,0.2258,LBen
T582I,0.1752,LBen
T582K,0.2228,LBen
T582L,0.104,LBen
T582M,0.0782,LBen
T582N,0.1108,LBen
T582P,0.2577,LBen
T582Q,0.2182,LBen
T582R,0.1767,LBen
T582S,0.0991,LBen
T582V,0.1431,LBen
T582W,0.5532,Amb
T582Y,0.2555,LBen
S583A,0.0498,LBen
S583C,0.0912,LBen
S583D,0.3252,LBen
S583E,0.4418,Amb
S583F,0.2079,LBen
S583G,0.0692,LBen
S583H,0.3547,Amb
S583I,0.1772,LBen
S583K,0.6457,LPath
S583L,0.1121,LBen
S583M,0.2025,LBen
S583N,0.1694,LBen
S583P,0.1314,LBen
S583Q,0.4631,Amb
S583R,0.5395,Amb
S583T,0.0791,LBen
S583V,0.13,LBen
S583W,0.3269,LBen
S583Y,0.1921,LBen
S584A,0.0598,LBen
S584C,0.0896,LBen
S584D,0.1712,LBen
S584E,0.2606,LBen
S584F,0.124,LBen
S584G,0.0642,LBen
S584H,0.2049,LBen
S584I,0.1163,LBen
S584K,0.3549,Amb
S584L,0.0765,LBen
S584M,0.1549,LBen
S584N,0.1031,LBen
S584P,0.1116,LBen
S584Q,0.2918,LBen
S584R,0.2859,LBen
S584T,0.0694,LBen
S584V,0.1078,LBen
S584W,0.2144,LBen
S584Y,0.1376,LBen
A585C,0.2613,LBen
A585D,0.1302,LBen
A585E,0.1349,LBen
A585F,0.1777,LBen
A585G,0.0761,LBen
A585H,0.2551,LBen
A585I,0.1236,LBen
A585K,0.2105,LBen
A585L,0.1029,LBen
A585M,0.1264,LBen
A585N,0.1472,LBen
A585P,0.0947,LBen
A585Q,0.1888,LBen
A585R,0.1886,LBen
A585S,0.0782,LBen
A585T,0.0681,LBen
A585V,0.0788,LBen
A585W,0.3561,Amb
A585Y,0.2567,LBen
E586A,0.0978,LBen
E586C,0.5346,Amb
E586D,0.0532,LBen
E586F,0.4901,Amb
E586G,0.0781,LBen
E586H,0.2339,LBen
E586I,0.2507,LBen
E586K,0.1147,LBen
E586L,0.2542,LBen
E586M,0.3273,LBen
E586N,0.1007,LBen
E586P,0.3098,LBen
E586Q,0.1134,LBen
E586R,0.1765,LBen
E586S,0.1038,LBen
E586T,0.1338,LBen
E586V,0.1494,LBen
E586W,0.6886,LPath
E586Y,0.3371,LBen
T587A,0.0661,LBen
T587C,0.2337,LBen
T587D,0.1455,LBen
T587E,0.1098,LBen
T587F,0.1172,LBen
T587G,0.1131,LBen
T587H,0.1139,LBen
T587I,0.0804,LBen
T587K,0.0842,LBen
T587L,0.0588,LBen
T587M,0.0559,LBen
T587N,0.0785,LBen
T587P,0.1229,LBen
T587Q,0.0942,LBen
T587R,0.077,LBen
T587S,0.0792,LBen
T587V,0.0745,LBen
T587W,0.2399,LBen
T587Y,0.1377,LBen
P588A,0.0894,LBen
P588C,0.5131,Amb
P588D,0.6572,LPath
P588E,0.4042,Amb
P588F,0.6493,LPath
P588G,0.407,Amb
P588H,0.3478,Amb
P588I,0.3991,Amb
P588K,0.4184,Amb
P588L,0.1849,LBen
P588M,0.412,Amb
P588N,0.5406,Amb
P588Q,0.245,LBen
P588R,0.2454,LBen
P588S,0.2012,LBen
P588T,0.1703,LBen
P588V,0.2443,LBen
P588W,0.7427,LPath
P588Y,0.6119,LPath
T589A,0.0852,LBen
T589C,0.3684,Amb
T589D,0.685,LPath
T589E,0.6568,LPath
T589F,0.6419,LPath
T589G,0.2324,LBen
T589H,0.5744,LPath
T589I,0.4226,Amb
T589K,0.5751,LPath
T589L,0.2075,LBen
T589M,0.1537,LBen
T589N,0.2957,LBen
T589P,0.2948,LBen
T589Q,0.5115,Amb
T589R,0.4525,Amb
T589S,0.1282,LBen
T589V,0.2256,LBen
T589W,0.8693,LPath
T589Y,0.6892,LPath
I590A,0.1098,LBen
I590C,0.3885,Amb
I590D,0.2422,LBen
I590E,0.1655,LBen
I590F,0.0913,LBen
I590G,0.2229,LBen
I590H,0.2076,LBen
I590K,0.1389,LBen
I590L,0.0748,LBen
I590M,0.0662,LBen
I590N,0.1194,LBen
I590P,0.3764,Amb
I590Q,0.1544,LBen
I590R,0.1167,LBen
I590S,0.1166,LBen
I590T,0.0987,LBen
I590V,0.0543,LBen
I590W,0.487,Amb
I590Y,0.2598,LBen
P591A,0.1826,LBen
P591C,0.7015,LPath
P591D,0.8917,LPath
P591E,0.7695,LPath
P591F,0.8864,LPath
P591G,0.6518,LPath
P591H,0.5378,Amb
P591I,0.8147,LPath
P591K,0.7828,LPath
P591L,0.4394,Amb
P591M,0.7839,LPath
P591N,0.8032,LPath
P591Q,0.5285,Amb
P591R,0.4976,Amb
P591S,0.2722,LBen
P591T,0.3946,Amb
P591V,0.6343,LPath
P591W,0.9262,LPath
P591Y,0.8493,LPath
L592A,0.8035,LPath
L592C,0.9254,LPath
L592D,0.9964,LPath
L592E,0.9746,LPath
L592F,0.5152,Amb
L592G,0.974,LPath
L592H,0.9587,LPath
L592I,0.1771,LBen
L592K,0.9756,LPath
L592M,0.3087,LBen
L592N,0.9851,LPath
L592P,0.9329,LPath
L592Q,0.9231,LPath
L592R,0.9405,LPath
L592S,0.9482,LPath
L592T,0.8266,LPath
L592V,0.1966,LBen
L592W,0.8632,LPath
L592Y,0.9426,LPath
G593A,0.0722,LBen
G593C,0.1423,LBen
G593D,0.1459,LBen
G593E,0.0927,LBen
G593F,0.392,Amb
G593H,0.1835,LBen
G593I,0.1719,LBen
G593K,0.1489,LBen
G593L,0.2156,LBen
G593M,0.2957,LBen
G593N,0.2027,LBen
G593P,0.8091,LPath
G593Q,0.1256,LBen
G593R,0.1147,LBen
G593S,0.0906,LBen
G593T,0.1132,LBen
G593V,0.1182,LBen
G593W,0.2717,LBen
G593Y,0.2438,LBen
S594A,0.0761,LBen
S594C,0.0802,LBen
S594D,0.095,LBen
S594E,0.1567,LBen
S594F,0.1715,LBen
S594G,0.0587,LBen
S594H,0.1175,LBen
S594I,0.0902,LBen
S594K,0.1695,LBen
S594L,0.1031,LBen
S594M,0.1464,LBen
S594N,0.0654,LBen
S594P,0.1461,LBen
S594Q,0.1785,LBen
S594R,0.1511,LBen
S594T,0.0712,LBen
S594V,0.1031,LBen
S594W,0.2335,LBen
S594Y,0.1334,LBen
A595C,0.4632,Amb
A595D,0.4198,Amb
A595E,0.3769,Amb
A595F,0.3901,Amb
A595G,0.2151,LBen
A595H,0.499,Amb
A595I,0.3111,LBen
A595K,0.6495,LPath
A595L,0.2571,LBen
A595M,0.264,LBen
A595N,0.4012,Amb
A595P,0.4384,Amb
A595Q,0.4431,Amb
A595R,0.5668,LPath
A595S,0.1052,LBen
A595T,0.1043,LBen
A595V,0.1358,LBen
A595W,0.7694,LPath
A595Y,0.551,Amb
V596A,0.1676,LBen
V596C,0.8579,LPath
V596D,0.9194,LPath
V596E,0.7778,LPath
V596F,0.3539,Amb
V596G,0.4299,Amb
V596H,0.9186,LPath
V596I,0.0889,LBen
V596K,0.8176,LPath
V596L,0.3066,LBen
V596M,0.1834,LBen
V596N,0.8171,LPath
V596P,0.947,LPath
V596Q,0.7598,LPath
V596R,0.7646,LPath
V596S,0.445,Amb
V596T,0.2419,LBen
V596W,0.932,LPath
V596Y,0.863,LPath
E597A,0.0789,LBen
E597C,0.6106,LPath
E597D,0.1052,LBen
E597F,0.5725,LPath
E597G,0.0952,LBen
E597H,0.2293,LBen
E597I,0.2606,LBen
E597K,0.0796,LBen
E597L,0.2028,LBen
E597M,0.2627,LBen
E597N,0.1515,LBen
E597P,0.7436,LPath
E597Q,0.0826,LBen
E597R,0.1256,LBen
E597S,0.1208,LBen
E597T,0.1219,LBen
E597V,0.1484,LBen
E597W,0.6987,LPath
E597Y,0.4094,Amb
A598C,0.5009,Amb
A598D,0.2886,LBen
A598E,0.2851,LBen
A598F,0.3788,Amb
A598G,0.1373,LBen
A598H,0.5247,Amb
A598I,0.2338,LBen
A598K,0.4784,Amb
A598L,0.2166,LBen
A598M,0.2007,LBen
A598N,0.2301,LBen
A598P,0.7437,LPath
A598Q,0.3827,Amb
A598R,0.4521,Amb
A598S,0.0993,LBen
A598T,0.0837,LBen
A598V,0.1104,LBen
A598W,0.7752,LPath
A598Y,0.5057,Amb
I599A,0.8004,LPath
I599C,0.9148,LPath
I599D,0.9958,LPath
I599E,0.9855,LPath
I599F,0.6115,LPath
I599G,0.9691,LPath
I599H,0.9887,LPath
I599K,0.9822,LPath
I599L,0.1598,LBen
I599M,0.1717,LBen
I599N,0.9604,LPath
I599P,0.9867,LPath
I599Q,0.974,LPath
I599R,0.9733,LPath
I599S,0.9195,LPath
I599T,0.8571,LPath
I599V,0.0797,LBen
I599W,0.9797,LPath
I599Y,0.9612,LPath
K600A,0.183,LBen
K600C,0.3603,Amb
K600D,0.46,Amb
K600E,0.1048,LBen
K600F,0.5755,LPath
K600G,0.2033,LBen
K600H,0.1673,LBen
K600I,0.2403,LBen
K600L,0.2031,LBen
K600M,0.1581,LBen
K600N,0.2902,LBen
K600P,0.8244,LPath
K600Q,0.0752,LBen
K600R,0.0616,LBen
K600S,0.2304,LBen
K600T,0.1128,LBen
K600V,0.2285,LBen
K600W,0.4171,Amb
K600Y,0.4169,Amb
A601C,0.3009,LBen
A601D,0.1115,LBen
A601E,0.1009,LBen
A601F,0.1793,LBen
A601G,0.0868,LBen
A601H,0.2094,LBen
A601I,0.1112,LBen
A601K,0.1512,LBen
A601L,0.0918,LBen
A601M,0.1062,LBen
A601N,0.1041,LBen
A601P,0.4978,Amb
A601Q,0.1418,LBen
A601R,0.1434,LBen
A601S,0.0793,LBen
A601T,0.0653,LBen
A601V,0.0711,LBen
A601W,0.4252,Amb
A601Y,0.2377,LBen
N602A,0.0783,LBen
N602C,0.0818,LBen
N602D,0.0949,LBen
N602E,0.2549,LBen
N602F,0.2934,LBen
N602G,0.1,LBen
N602H,0.0643,LBen
N602I,0.1101,LBen
N602K,0.1967,LBen
N602L,0.141,LBen
N602M,0.217,LBen
N602P,0.4177,Amb
N602Q,0.1793,LBen
N602R,0.1738,LBen
N602S,0.0468,LBen
N602T,0.063,LBen
N602V,0.1083,LBen
N602W,0.4743,Amb
N602Y,0.099,LBen
C603A,0.3517,Amb
C603D,0.6471,LPath
C603E,0.8368,LPath
C603F,0.2553,LBen
C603G,0.1406,LBen
C603H,0.5056,Amb
C603I,0.5115,Amb
C603K,0.8695,LPath
C603L,0.5129,Amb
C603M,0.7387,LPath
C603N,0.5045,Amb
C603P,0.8831,LPath
C603Q,0.683,LPath
C603R,0.4784,Amb
C603S,0.2251,LBen
C603T,0.4127,Amb
C603V,0.44,Amb
C603W,0.5661,LPath
C603Y,0.3442,Amb
S604A,0.0544,LBen
S604C,0.0766,LBen
S604D,0.1524,LBen
S604E,0.1914,LBen
S604F,0.1182,LBen
S604G,0.0626,LBen
S604H,0.1374,LBen
S604I,0.1006,LBen
S604K,0.2034,LBen
S604L,0.0729,LBen
S604M,0.1386,LBen
S604N,0.0954,LBen
S604P,0.0657,LBen
S604Q,0.1842,LBen
S604R,0.1612,LBen
S604T,0.0662,LBen
S604V,0.0985,LBen
S604W,0.156,LBen
S604Y,0.1136,LBen
D605A,0.0928,LBen
D605C,0.2704,LBen
D605E,0.0953,LBen
D605F,0.3874,Amb
D605G,0.0687,LBen
D605H,0.1229,LBen
D605I,0.213,LBen
D605K,0.1634,LBen
D605L,0.2233,LBen
D605M,0.3897,Amb
D605N,0.0716,LBen
D605P,0.3711,Amb
D605Q,0.1486,LBen
D605R,0.1645,LBen
D605S,0.0741,LBen
D605T,0.1208,LBen
D605V,0.1334,LBen
D605W,0.6468,LPath
D605Y,0.1501,LBen
N606A,0.2039,LBen
N606C,0.1889,LBen
N606D,0.0689,LBen
N606E,0.3527,Amb
N606F,0.5885,LPath
N606G,0.1999,LBen
N606H,0.1066,LBen
N606I,0.3002,LBen
N606K,0.3922,Amb
N606L,0.2634,LBen
N606M,0.3376,LBen
N606P,0.5567,Amb
N606Q,0.3536,Amb
N606R,0.4026,Amb
N606S,0.0579,LBen
N606T,0.1121,LBen
N606V,0.269,LBen
N606W,0.7288,LPath
N606Y,0.2237,LBen
E607A,0.0815,LBen
E607C,0.6241,LPath
E607D,0.0946,LBen
E607F,0.5794,LPath
E607G,0.1079,LBen
E607H,0.2364,LBen
E607I,0.2044,LBen
E607K,0.0855,LBen
E607L,0.2351,LBen
E607M,0.2987,LBen
E607N,0.1709,LBen
E607P,0.2128,LBen
E607Q,0.0967,LBen
E607R,0.1405,LBen
E607S,0.1267,LBen
E607T,0.114,LBen
E607V,0.121,LBen
E607W,0.7625,LPath
E607Y,0.403,Amb
F608A,0.9358,LPath
F608C,0.9125,LPath
F608D,0.9817,LPath
F608E,0.9829,LPath
F608G,0.9758,LPath
F608H,0.9688,LPath
F608I,0.5851,LPath
F608K,0.9891,LPath
F608L,0.9652,LPath
F608M,0.8366,LPath
F608N,0.9627,LPath
F608P,0.9971,LPath
F608Q,0.9829,LPath
F608R,0.9804,LPath
F608S,0.9531,LPath
F608T,0.9358,LPath
F608V,0.5892,LPath
F608W,0.854,LPath
F608Y,0.4145,Amb
T609A,0.0632,LBen
T609C,0.3153,LBen
T609D,0.8099,LPath
T609E,0.7301,LPath
T609F,0.5172,Amb
T609G,0.3015,LBen
T609H,0.5567,Amb
T609I,0.2243,LBen
T609K,0.668,LPath
T609L,0.1805,LBen
T609M,0.1404,LBen
T609N,0.3894,Amb
T609P,0.236,LBen
T609Q,0.5559,Amb
T609R,0.5541,Amb
T609S,0.1449,LBen
T609V,0.1421,LBen
T609W,0.8447,LPath
T609Y,0.5834,LPath
Q610A,0.1211,LBen
Q610C,0.3617,Amb
Q610D,0.249,LBen
Q610E,0.0678,LBen
Q610F,0.5335,Amb
Q610G,0.142,LBen
Q610H,0.1391,LBen
Q610I,0.2595,LBen
Q610K,0.059,LBen
Q610L,0.09,LBen
Q610M,0.2232,LBen
Q610N,0.2048,LBen
Q610P,0.3859,Amb
Q610R,0.0684,LBen
Q610S,0.173,LBen
Q610T,0.129,LBen
Q610V,0.161,LBen
Q610W,0.331,LBen
Q610Y,0.3277,LBen
A611C,0.4795,Amb
A611D,0.5197,Amb
A611E,0.3777,Amb
A611F,0.4011,Amb
A611G,0.2379,LBen
A611H,0.553,Amb
A611I,0.2153,LBen
A611K,0.5378,Amb
A611L,0.2215,LBen
A611M,0.1897,LBen
A611N,0.3419,Amb
A611P,0.8684,LPath
A611Q,0.413,Amb
A611R,0.4951,Amb
A611S,0.112,LBen
A611T,0.0718,LBen
A611V,0.0989,LBen
A611W,0.8271,LPath
A611Y,0.5768,LPath
L612A,0.7392,LPath
L612C,0.8655,LPath
L612D,0.9984,LPath
L612E,0.9823,LPath
L612F,0.7004,LPath
L612G,0.9766,LPath
L612H,0.9761,LPath
L612I,0.1443,LBen
L612K,0.981,LPath
L612M,0.2516,LBen
L612N,0.9877,LPath
L612P,0.9817,LPath
L612Q,0.9222,LPath
L612R,0.9579,LPath
L612S,0.9422,LPath
L612T,0.8294,LPath
L612V,0.1285,LBen
L612W,0.9388,LPath
L612Y,0.9736,LPath
T613A,0.0673,LBen
T613C,0.3359,LBen
T613D,0.7005,LPath
T613E,0.5385,Amb
T613F,0.3931,Amb
T613G,0.2539,LBen
T613H,0.5197,Amb
T613I,0.1323,LBen
T613K,0.4689,Amb
T613L,0.0932,LBen
T613M,0.0892,LBen
T613N,0.2808,LBen
T613P,0.4849,Amb
T613Q,0.4324,Amb
T613R,0.3962,Amb
T613S,0.139,LBen
T613V,0.1029,LBen
T613W,0.7623,LPath
T613Y,0.519,Amb
A614C,0.3159,LBen
A614D,0.139,LBen
A614E,0.1323,LBen
A614F,0.2348,LBen
A614G,0.1008,LBen
A614H,0.2555,LBen
A614I,0.1688,LBen
A614K,0.1889,LBen
A614L,0.1141,LBen
A614M,0.1237,LBen
A614N,0.1385,LBen
A614P,0.6192,LPath
A614Q,0.1758,LBen
A614R,0.1754,LBen
A614S,0.0804,LBen
A614T,0.069,LBen
A614V,0.0943,LBen
A614W,0.5152,Amb
A614Y,0.3069,LBen
A615C,0.7144,LPath
A615D,0.8922,LPath
A615E,0.8462,LPath
A615F,0.8207,LPath
A615G,0.3285,LBen
A615H,0.9055,LPath
A615I,0.6068,LPath
A615K,0.9478,LPath
A615L,0.5737,LPath
A615M,0.5499,Amb
A615N,0.7488,LPath
A615P,0.9633,LPath
A615Q,0.8346,LPath
A615R,0.9004,LPath
A615S,0.1449,LBen
A615T,0.1823,LBen
A615V,0.2742,LBen
A615W,0.9797,LPath
A615Y,0.9251,LPath
I616A,0.89,LPath
I616C,0.9171,LPath
I616D,0.9974,LPath
I616E,0.9945,LPath
I616F,0.2143,LBen
I616G,0.9863,LPath
I616H,0.9799,LPath
I616K,0.9892,LPath
I616L,0.0875,LBen
I616M,0.1507,LBen
I616N,0.9684,LPath
I616P,0.9814,LPath
I616Q,0.9834,LPath
I616R,0.9815,LPath
I616S,0.9448,LPath
I616T,0.9181,LPath
I616V,0.1114,LBen
I616W,0.9391,LPath
I616Y,0.8812,LPath
P617A,0.2402,LBen
P617C,0.705,LPath
P617D,0.8461,LPath
P617E,0.7776,LPath
P617F,0.8666,LPath
P617G,0.6891,LPath
P617H,0.4103,Amb
P617I,0.7534,LPath
P617K,0.7876,LPath
P617L,0.3459,Amb
P617M,0.743,LPath
P617N,0.7142,LPath
P617Q,0.5213,Amb
P617R,0.5578,Amb
P617S,0.237,LBen
P617T,0.3145,LBen
P617V,0.6013,LPath
P617W,0.9041,LPath
P617Y,0.8489,LPath
P618A,0.0503,LBen
P618C,0.2317,LBen
P618D,0.1588,LBen
P618E,0.0968,LBen
P618F,0.2335,LBen
P618G,0.1432,LBen
P618H,0.088,LBen
P618I,0.145,LBen
P618K,0.1027,LBen
P618L,0.0749,LBen
P618M,0.1517,LBen
P618N,0.1429,LBen
P618Q,0.0687,LBen
P618R,0.0757,LBen
P618S,0.0699,LBen
P618T,0.0616,LBen
P618V,0.0986,LBen
P618W,0.2819,LBen
P618Y,0.2102,LBen
E619A,0.1002,LBen
E619C,0.7218,LPath
E619D,0.1553,LBen
E619F,0.6528,LPath
E619G,0.1599,LBen
E619H,0.3482,Amb
E619I,0.2514,LBen
E619K,0.1066,LBen
E619L,0.263,LBen
E619M,0.3446,Amb
E619N,0.264,LBen
E619P,0.4435,Amb
E619Q,0.0985,LBen
E619R,0.1874,LBen
E619S,0.1772,LBen
E619T,0.1741,LBen
E619V,0.1446,LBen
E619W,0.8266,LPath
E619Y,0.5295,Amb
S620A,0.0921,LBen
S620C,0.1011,LBen
S620D,0.9604,LPath
S620E,0.9667,LPath
S620F,0.7685,LPath
S620G,0.2131,LBen
S620H,0.9236,LPath
S620I,0.3447,Amb
S620K,0.9949,LPath
S620L,0.343,Amb
S620M,0.4908,Amb
S620N,0.6636,LPath
S620P,0.8201,LPath
S620Q,0.9607,LPath
S620R,0.9895,LPath
S620T,0.1622,LBen
S620V,0.2715,LBen
S620W,0.9043,LPath
S620Y,0.7588,LPath
L621A,0.3084,LBen
L621C,0.4989,Amb
L621D,0.8839,LPath
L621E,0.4445,Amb
L621F,0.2157,LBen
L621G,0.6596,LPath
L621H,0.3448,Amb
L621I,0.0992,LBen
L621K,0.2715,LBen
L621M,0.1242,LBen
L621N,0.6405,LPath
L621P,0.8796,LPath
L621Q,0.1584,LBen
L621R,0.1612,LBen
L621S,0.4022,Amb
L621T,0.2883,LBen
L621V,0.0854,LBen
L621W,0.3774,Amb
L621Y,0.5145,Amb
T622A,0.0719,LBen
T622C,0.246,LBen
T622D,0.1899,LBen
T622E,0.1352,LBen
T622F,0.1512,LBen
T622G,0.1519,LBen
T622H,0.1168,LBen
T622I,0.1123,LBen
T622K,0.1094,LBen
T622L,0.0768,LBen
T622M,0.0794,LBen
T622N,0.0886,LBen
T622P,0.2075,LBen
T622Q,0.1067,LBen
T622R,0.0932,LBen
T622S,0.0796,LBen
T622V,0.1055,LBen
T622W,0.3605,Amb
T622Y,0.1716,LBen
R623A,0.4395,Amb
R623C,0.1433,LBen
R623D,0.5516,Amb
R623E,0.374,Amb
R623F,0.5985,LPath
R623G,0.3053,LBen
R623H,0.0932,LBen
R623I,0.4762,Amb
R623K,0.2006,LBen
R623L,0.2949,LBen
R623M,0.5227,Amb
R623N,0.4922,Amb
R623P,0.9161,LPath
R623Q,0.1159,LBen
R623S,0.4535,Amb
R623T,0.3621,Amb
R623V,0.4689,Amb
R623W,0.2106,LBen
R623Y,0.3348,LBen
G624A,0.8764,LPath
G624C,0.9672,LPath
G624D,0.9911,LPath
G624E,0.9901,LPath
G624F,0.9962,LPath
G624H,0.9961,LPath
G624I,0.9921,LPath
G624K,0.9957,LPath
G624L,0.9933,LPath
G624M,0.9959,LPath
G624N,0.9935,LPath
G624P,0.9973,LPath
G624Q,0.993,LPath
G624R,0.9867,LPath
G624S,0.8878,LPath
G624T,0.9751,LPath
G624V,0.9793,LPath
G624W,0.9879,LPath
G624Y,0.9919,LPath
V625A,0.7115,LPath
V625C,0.9,LPath
V625D,0.9736,LPath
V625E,0.9463,LPath
V625F,0.6599,LPath
V625G,0.798,LPath
V625H,0.9798,LPath
V625I,0.0697,LBen
V625K,0.9744,LPath
V625L,0.5245,Amb
V625M,0.466,Amb
V625N,0.8953,LPath
V625P,0.9583,LPath
V625Q,0.9477,LPath
V625R,0.9545,LPath
V625S,0.8244,LPath
V625T,0.696,LPath
V625W,0.9874,LPath
V625Y,0.954,LPath
Y626A,0.7828,LPath
Y626C,0.2459,LBen
Y626D,0.74,LPath
Y626E,0.9377,LPath
Y626F,0.1187,LBen
Y626G,0.7664,LPath
Y626H,0.4433,Amb
Y626I,0.8143,LPath
Y626K,0.9498,LPath
Y626L,0.6401,LPath
Y626M,0.8448,LPath
Y626N,0.5491,Amb
Y626P,0.8772,LPath
Y626Q,0.8792,LPath
Y626R,0.8417,LPath
Y626S,0.5103,Amb
Y626T,0.8429,LPath
Y626V,0.7193,LPath
Y626W,0.4516,Amb
S627A,0.1454,LBen
S627C,0.1769,LBen
S627D,0.6875,LPath
S627E,0.8793,LPath
S627F,0.8155,LPath
S627G,0.1101,LBen
S627H,0.7238,LPath
S627I,0.69,LPath
S627K,0.9298,LPath
S627L,0.3261,LBen
S627M,0.5708,LPath
S627N,0.3115,LBen
S627P,0.3142,LBen
S627Q,0.8393,LPath
S627R,0.8535,LPath
S627T,0.0991,LBen
S627V,0.5758,LPath
S627W,0.7849,LPath
S627Y,0.6812,LPath
E628A,0.3691,Amb
E628C,0.9682,LPath
E628D,0.4807,Amb
E628F,0.9593,LPath
E628G,0.457,Amb
E628H,0.8471,LPath
E628I,0.7213,LPath
E628K,0.3213,LBen
E628L,0.7012,LPath
E628M,0.7592,LPath
E628N,0.7326,LPath
E628P,0.7498,LPath
E628Q,0.3102,LBen
E628R,0.5055,Amb
E628S,0.5749,LPath
E628T,0.5507,Amb
E628V,0.4673,Amb
E628W,0.9827,LPath
E628Y,0.9285,LPath
E629A,0.1245,LBen
E629C,0.9007,LPath
E629D,0.1187,LBen
E629F,0.8609,LPath
E629G,0.1473,LBen
E629H,0.5585,Amb
E629I,0.5558,Amb
E629K,0.1952,LBen
E629L,0.5657,LPath
E629M,0.5769,LPath
E629N,0.2704,LBen
E629P,0.5539,Amb
E629Q,0.1679,LBen
E629R,0.3482,Amb
E629S,0.2303,LBen
E629T,0.2633,LBen
E629V,0.2981,LBen
E629W,0.937,LPath
E629Y,0.6992,LPath
T630A,0.073,LBen
T630C,0.3986,Amb
T630D,0.3695,Amb
T630E,0.3673,Amb
T630F,0.304,LBen
T630G,0.2204,LBen
T630H,0.277,LBen
T630I,0.2082,LBen
T630K,0.3114,LBen
T630L,0.1368,LBen
T630M,0.0914,LBen
T630N,0.1172,LBen
T630P,0.4415,Amb
T630Q,0.278,LBen
T630R,0.2555,LBen
T630S,0.1032,LBen
T630V,0.1481,LBen
T630W,0.6561,LPath
T630Y,0.3291,LBen
L631A,0.9361,LPath
L631C,0.9699,LPath
L631D,0.9994,LPath
L631E,0.9913,LPath
L631F,0.9145,LPath
L631G,0.9911,LPath
L631H,0.9914,LPath
L631I,0.3038,LBen
L631K,0.9922,LPath
L631M,0.4857,Amb
L631N,0.9954,LPath
L631P,0.9938,LPath
L631Q,0.9664,LPath
L631R,0.9772,LPath
L631S,0.9875,LPath
L631T,0.9497,LPath
L631V,0.3094,LBen
L631W,0.982,LPath
L631Y,0.9902,LPath
R632A,0.8218,LPath
R632C,0.3352,LBen
R632D,0.981,LPath
R632E,0.7802,LPath
R632F,0.9208,LPath
R632G,0.7437,LPath
R632H,0.2569,LBen
R632I,0.7387,LPath
R632K,0.2324,LBen
R632L,0.6078,LPath
R632M,0.7626,LPath
R632N,0.9562,LPath
R632P,0.9813,LPath
R632Q,0.1852,LBen
R632S,0.9113,LPath
R632T,0.7933,LPath
R632V,0.7695,LPath
R632W,0.4976,Amb
R632Y,0.8078,LPath
A633C,0.3421,Amb
A633D,0.1859,LBen
A633E,0.1552,LBen
A633F,0.2076,LBen
A633G,0.1104,LBen
A633H,0.2634,LBen
A633I,0.1484,LBen
A633K,0.2735,LBen
A633L,0.121,LBen
A633M,0.1368,LBen
A633N,0.1419,LBen
A633P,0.7602,LPath
A633Q,0.1909,LBen
A633R,0.2474,LBen
A633S,0.0768,LBen
A633T,0.0704,LBen
A633V,0.0829,LBen
A633W,0.5386,Amb
A633Y,0.3072,LBen
R634A,0.9318,LPath
R634C,0.5725,LPath
R634D,0.9365,LPath
R634E,0.8386,LPath
R634F,0.9807,LPath
R634G,0.8398,LPath
R634H,0.3671,Amb
R634I,0.9491,LPath
R634K,0.5425,Amb
R634L,0.8853,LPath
R634M,0.9593,LPath
R634N,0.9172,LPath
R634P,0.9879,LPath
R634Q,0.3614,Amb
R634S,0.9012,LPath
R634T,0.9064,LPath
R634V,0.9463,LPath
R634W,0.7107,LPath
R634Y,0.9003,LPath
F635A,0.9916,LPath
F635C,0.9414,LPath
F635D,0.9988,LPath
F635E,0.9991,LPath
F635G,0.9927,LPath
F635H,0.9737,LPath
F635I,0.9472,LPath
F635K,0.9988,LPath
F635L,0.9926,LPath
F635M,0.9771,LPath
F635N,0.9946,LPath
F635P,0.9997,LPath
F635Q,0.9973,LPath
F635R,0.995,LPath
F635S,0.9879,LPath
F635T,0.9956,LPath
F635V,0.9442,LPath
F635W,0.7465,LPath
F635Y,0.4028,Amb
Y636A,0.168,LBen
Y636C,0.0758,LBen
Y636D,0.1316,LBen
Y636E,0.287,LBen
Y636F,0.1084,LBen
Y636G,0.1514,LBen
Y636H,0.0654,LBen
Y636I,0.2681,LBen
Y636K,0.2518,LBen
Y636L,0.2062,LBen
Y636M,0.4026,Amb
Y636N,0.0795,LBen
Y636P,0.4539,Amb
Y636Q,0.1617,LBen
Y636R,0.1347,LBen
Y636S,0.0828,LBen
Y636T,0.1703,LBen
Y636V,0.1908,LBen
Y636W,0.2823,LBen
A637C,0.2863,LBen
A637D,0.1276,LBen
A637E,0.1527,LBen
A637F,0.2318,LBen
A637G,0.0976,LBen
A637H,0.2141,LBen
A637I,0.1695,LBen
A637K,0.2278,LBen
A637L,0.1343,LBen
A637M,0.1693,LBen
A637N,0.1388,LBen
A637P,0.3506,Amb
A637Q,0.1919,LBen
A637R,0.1942,LBen
A637S,0.0769,LBen
A637T,0.0692,LBen
A637V,0.0946,LBen
A637W,0.4798,Amb
A637Y,0.2961,LBen
V638A,0.7128,LPath
V638C,0.9496,LPath
V638D,0.9769,LPath
V638E,0.9323,LPath
V638F,0.6691,LPath
V638G,0.797,LPath
V638H,0.981,LPath
V638I,0.0897,LBen
V638K,0.9605,LPath
V638L,0.4101,Amb
V638M,0.3611,Amb
V638N,0.9096,LPath
V638P,0.9847,LPath
V638Q,0.9233,LPath
V638R,0.9485,LPath
V638S,0.825,LPath
V638T,0.5576,Amb
V638W,0.9896,LPath
V638Y,0.9717,LPath
Q639A,0.3617,Amb
Q639C,0.6909,LPath
Q639D,0.6943,LPath
Q639E,0.1086,LBen
Q639F,0.8863,LPath
Q639G,0.3154,LBen
Q639H,0.3232,LBen
Q639I,0.7488,LPath
Q639K,0.138,LBen
Q639L,0.2965,LBen
Q639M,0.632,LPath
Q639N,0.5098,Amb
Q639P,0.685,LPath
Q639R,0.1172,LBen
Q639S,0.4069,Amb
Q639T,0.4264,Amb
Q639V,0.5488,Amb
Q639W,0.6886,LPath
Q639Y,0.6262,LPath
K640A,0.3271,LBen
K640C,0.6877,LPath
K640D,0.471,Amb
K640E,0.2162,LBen
K640F,0.7825,LPath
K640G,0.3411,Amb
K640H,0.2258,LBen
K640I,0.4422,Amb
K640L,0.3893,Amb
K640M,0.2944,LBen
K640N,0.3382,LBen
K640P,0.6129,LPath
K640Q,0.1185,LBen
K640R,0.0903,LBen
K640S,0.3492,Amb
K640T,0.1635,LBen
K640V,0.3703,Amb
K640W,0.7332,LPath
K640Y,0.5946,LPath
L641A,0.276,LBen
L641C,0.6468,LPath
L641D,0.8137,LPath
L641E,0.4607,Amb
L641F,0.2644,LBen
L641G,0.6814,LPath
L641H,0.3824,Amb
L641I,0.0952,LBen
L641K,0.4073,Amb
L641M,0.1099,LBen
L641N,0.5931,LPath
L641P,0.793,LPath
L641Q,0.2119,LBen
L641R,0.2941,LBen
L641S,0.4307,Amb
L641T,0.2281,LBen
L641V,0.0825,LBen
L641W,0.3511,Amb
L641Y,0.523,Amb
A642C,0.5621,Amb
A642D,0.9844,LPath
A642E,0.9715,LPath
A642F,0.924,LPath
A642G,0.3144,LBen
A642H,0.9817,LPath
A642I,0.5848,LPath
A642K,0.994,LPath
A642L,0.55,Amb
A642M,0.6916,LPath
A642N,0.9478,LPath
A642P,0.9741,LPath
A642Q,0.9495,LPath
A642R,0.9832,LPath
A642S,0.1735,LBen
A642T,0.2642,LBen
A642V,0.2272,LBen
A642W,0.9932,LPath
A642Y,0.9798,LPath
R643A,0.4131,Amb
R643C,0.1416,LBen
R643D,0.7958,LPath
R643E,0.3475,Amb
R643F,0.5645,LPath
R643G,0.2315,LBen
R643H,0.1054,LBen
R643I,0.4339,Amb
R643K,0.1093,LBen
R643L,0.2655,LBen
R643M,0.3808,Amb
R643N,0.6134,LPath
R643P,0.8614,LPath
R643Q,0.0756,LBen
R643S,0.4528,Amb
R643T,0.3349,LBen
R643V,0.4336,Amb
R643W,0.1602,LBen
R643Y,0.3685,Amb
R644A,0.7861,LPath
R644C,0.4633,Amb
R644D,0.8685,LPath
R644E,0.5908,LPath
R644F,0.9466,LPath
R644G,0.6013,LPath
R644H,0.2042,LBen
R644I,0.8479,LPath
R644K,0.1655,LBen
R644L,0.7208,LPath
R644M,0.7843,LPath
R644N,0.7893,LPath
R644P,0.9429,LPath
R644Q,0.1424,LBen
R644S,0.7662,LPath
R644T,0.6358,LPath
R644V,0.8374,LPath
R644W,0.4806,Amb
R644Y,0.7802,LPath
V645A,0.6971,LPath
V645C,0.9732,LPath
V645D,0.987,LPath
V645E,0.9601,LPath
V645F,0.8597,LPath
V645G,0.7301,LPath
V645H,0.9892,LPath
V645I,0.3241,LBen
V645K,0.971,LPath
V645L,0.8233,LPath
V645M,0.7258,LPath
V645N,0.9546,LPath
V645P,0.9942,LPath
V645Q,0.9629,LPath
V645R,0.9581,LPath
V645S,0.8382,LPath
V645T,0.4428,Amb
V645W,0.9953,LPath
V645Y,0.9862,LPath
A646C,0.9057,LPath
A646D,0.9598,LPath
A646E,0.9573,LPath
A646F,0.9326,LPath
A646G,0.4065,Amb
A646H,0.9605,LPath
A646I,0.9626,LPath
A646K,0.9923,LPath
A646L,0.841,LPath
A646M,0.8673,LPath
A646N,0.8998,LPath
A646P,0.9928,LPath
A646Q,0.9197,LPath
A646R,0.9681,LPath
A646S,0.1971,LBen
A646T,0.7194,LPath
A646V,0.8249,LPath
A646W,0.9874,LPath
A646Y,0.9642,LPath
M647A,0.6243,LPath
M647C,0.8732,LPath
M647D,0.9787,LPath
M647E,0.9144,LPath
M647F,0.6693,LPath
M647G,0.7824,LPath
M647H,0.8922,LPath
M647I,0.8249,LPath
M647K,0.6133,LPath
M647L,0.0947,LBen
M647N,0.8985,LPath
M647P,0.9777,LPath
M647Q,0.655,LPath
M647R,0.6362,LPath
M647S,0.7726,LPath
M647T,0.6661,LPath
M647V,0.2223,LBen
M647W,0.8736,LPath
M647Y,0.8774,LPath
I648A,0.9051,LPath
I648C,0.9879,LPath
I648D,0.9974,LPath
I648E,0.9911,LPath
I648F,0.869,LPath
I648G,0.9902,LPath
I648H,0.9948,LPath
I648K,0.9862,LPath
I648L,0.5553,Amb
I648M,0.4338,Amb
I648N,0.9748,LPath
I648P,0.9873,LPath
I648Q,0.9877,LPath
I648R,0.9783,LPath
I648S,0.9607,LPath
I648T,0.7801,LPath
I648V,0.1298,LBen
I648W,0.9936,LPath
I648Y,0.9893,LPath
D649A,0.8261,LPath
D649C,0.9656,LPath
D649E,0.8106,LPath
D649F,0.9888,LPath
D649G,0.4739,Amb
D649H,0.8601,LPath
D649I,0.9798,LPath
D649K,0.9302,LPath
D649L,0.9567,LPath
D649M,0.9877,LPath
D649N,0.3564,Amb
D649P,0.9169,LPath
D649Q,0.9184,LPath
D649R,0.9183,LPath
D649S,0.4462,Amb
D649T,0.7903,LPath
D649V,0.92,LPath
D649W,0.9953,LPath
D649Y,0.898,LPath
E650A,0.5739,LPath
E650C,0.9887,LPath
E650D,0.2783,LBen
E650F,0.9918,LPath
E650G,0.4891,Amb
E650H,0.9015,LPath
E650I,0.947,LPath
E650K,0.5385,Amb
E650L,0.9585,LPath
E650M,0.9495,LPath
E650N,0.687,LPath
E650P,0.9064,LPath
E650Q,0.4988,Amb
E650R,0.7265,LPath
E650S,0.6065,LPath
E650T,0.7577,LPath
E650V,0.8226,LPath
E650W,0.9964,LPath
E650Y,0.9754,LPath
T651A,0.2485,LBen
T651C,0.716,LPath
T651D,0.4582,Amb
T651E,0.3625,Amb
T651F,0.7251,LPath
T651G,0.3499,Amb
T651H,0.3648,Amb
T651I,0.8045,LPath
T651K,0.3415,Amb
T651L,0.4893,Amb
T651M,0.2457,LBen
T651N,0.1777,LBen
T651P,0.5737,LPath
T651Q,0.2812,LBen
T651R,0.3034,LBen
T651S,0.1378,LBen
T651V,0.6294,LPath
T651W,0.8452,LPath
T651Y,0.63,LPath
R652A,0.5584,Amb
R652C,0.2262,LBen
R652D,0.6601,LPath
R652E,0.3941,Amb
R652F,0.8458,LPath
R652G,0.2204,LBen
R652H,0.0901,LBen
R652I,0.8048,LPath
R652K,0.1517,LBen
R652L,0.5835,LPath
R652M,0.6986,LPath
R652N,0.561,Amb
R652P,0.7658,LPath
R652Q,0.1092,LBen
R652S,0.4821,Amb
R652T,0.417,Amb
R652V,0.7566,LPath
R652W,0.3025,LBen
R652Y,0.5576,Amb
N653A,0.7335,LPath
N653C,0.6901,LPath
N653D,0.4785,Amb
N653E,0.8829,LPath
N653F,0.9037,LPath
N653G,0.6092,LPath
N653H,0.3435,Amb
N653I,0.7917,LPath
N653K,0.8716,LPath
N653L,0.723,LPath
N653M,0.8472,LPath
N653P,0.7964,LPath
N653Q,0.8298,LPath
N653R,0.8669,LPath
N653S,0.2264,LBen
N653T,0.5418,Amb
N653V,0.7512,LPath
N653W,0.9567,LPath
N653Y,0.5381,Amb
S654A,0.4757,Amb
S654C,0.6178,LPath
S654D,0.9552,LPath
S654E,0.9864,LPath
S654F,0.9264,LPath
S654G,0.3309,LBen
S654H,0.8579,LPath
S654I,0.9469,LPath
S654K,0.9901,LPath
S654L,0.779,LPath
S654M,0.8803,LPath
S654N,0.7452,LPath
S654P,0.9167,LPath
S654Q,0.9628,LPath
S654R,0.9804,LPath
S654T,0.205,LBen
S654V,0.9036,LPath
S654W,0.9251,LPath
S654Y,0.8586,LPath
L655A,0.7551,LPath
L655C,0.9155,LPath
L655D,0.9977,LPath
L655E,0.9902,LPath
L655F,0.4444,Amb
L655G,0.9666,LPath
L655H,0.9665,LPath
L655I,0.2005,LBen
L655K,0.9811,LPath
L655M,0.3815,Amb
L655N,0.9903,LPath
L655P,0.6245,LPath
L655Q,0.9577,LPath
L655R,0.9324,LPath
L655S,0.9542,LPath
L655T,0.8759,LPath
L655V,0.2235,LBen
L655W,0.7995,LPath
L655Y,0.9427,LPath
Y656A,0.8334,LPath
Y656C,0.4662,Amb
Y656D,0.9659,LPath
Y656E,0.984,LPath
Y656F,0.1388,LBen
Y656G,0.6866,LPath
Y656H,0.7503,LPath
Y656I,0.8293,LPath
Y656K,0.977,LPath
Y656L,0.5394,Amb
Y656M,0.8553,LPath
Y656N,0.8951,LPath
Y656P,0.7784,LPath
Y656Q,0.9445,LPath
Y656R,0.9432,LPath
Y656S,0.6598,LPath
Y656T,0.8838,LPath
Y656V,0.7006,LPath
Y656W,0.439,Amb
Q657A,0.4486,Amb
Q657C,0.9171,LPath
Q657D,0.8872,LPath
Q657E,0.2008,LBen
Q657F,0.9494,LPath
Q657G,0.5447,Amb
Q657H,0.6686,LPath
Q657I,0.7932,LPath
Q657K,0.3429,Amb
Q657L,0.3443,Amb
Q657M,0.6864,LPath
Q657N,0.7614,LPath
Q657P,0.747,LPath
Q657R,0.3155,LBen
Q657S,0.5489,Amb
Q657T,0.4907,Amb
Q657V,0.5913,LPath
Q657W,0.9344,LPath
Q657Y,0.9021,LPath
Y658A,0.9658,LPath
Y658C,0.8191,LPath
Y658D,0.9573,LPath
Y658E,0.9907,LPath
Y658F,0.2562,LBen
Y658G,0.9378,LPath
Y658H,0.8486,LPath
Y658I,0.911,LPath
Y658K,0.9867,LPath
Y658L,0.8615,LPath
Y658M,0.9397,LPath
Y658N,0.8541,LPath
Y658P,0.9947,LPath
Y658Q,0.9834,LPath
Y658R,0.9733,LPath
Y658S,0.909,LPath
Y658T,0.9566,LPath
Y658V,0.8341,LPath
Y658W,0.8719,LPath
F659A,0.4479,Amb
F659C,0.2889,LBen
F659D,0.9976,LPath
F659E,0.9972,LPath
F659G,0.7069,LPath
F659H,0.9831,LPath
F659I,0.2353,LBen
F659K,0.9972,LPath
F659L,0.552,Amb
F659M,0.4553,Amb
F659N,0.9875,LPath
F659P,0.9938,LPath
F659Q,0.9876,LPath
F659R,0.9896,LPath
F659S,0.7222,LPath
F659T,0.727,LPath
F659V,0.187,LBen
F659W,0.8578,LPath
F659Y,0.6768,LPath
L660A,0.7275,LPath
L660C,0.8376,LPath
L660D,0.9966,LPath
L660E,0.9764,LPath
L660F,0.3316,LBen
L660G,0.9445,LPath
L660H,0.9117,LPath
L660I,0.1992,LBen
L660K,0.9551,LPath
L660M,0.3052,LBen
L660N,0.979,LPath
L660P,0.9744,LPath
L660Q,0.8341,LPath
L660R,0.857,LPath
L660S,0.859,LPath
L660T,0.7858,LPath
L660V,0.2346,LBen
L660W,0.6868,LPath
L660Y,0.8842,LPath
S661A,0.5714,LPath
S661C,0.8376,LPath
S661D,0.9937,LPath
S661E,0.9953,LPath
S661F,0.9818,LPath
S661G,0.6846,LPath
S661H,0.982,LPath
S661I,0.9881,LPath
S661K,0.9989,LPath
S661L,0.9356,LPath
S661M,0.9729,LPath
S661N,0.9806,LPath
S661P,0.9872,LPath
S661Q,0.9903,LPath
S661R,0.9974,LPath
S661T,0.8314,LPath
S661V,0.9788,LPath
S661W,0.9742,LPath
S661Y,0.9682,LPath
Y662A,0.8769,LPath
Y662C,0.4742,Amb
Y662D,0.9571,LPath
Y662E,0.988,LPath
Y662F,0.1849,LBen
Y662G,0.8472,LPath
Y662H,0.6984,LPath
Y662I,0.8822,LPath
Y662K,0.9752,LPath
Y662L,0.7486,LPath
Y662M,0.8827,LPath
Y662N,0.8083,LPath
Y662P,0.9932,LPath
Y662Q,0.9496,LPath
Y662R,0.9292,LPath
Y662S,0.609,LPath
Y662T,0.8692,LPath
Y662V,0.7535,LPath
Y662W,0.4053,Amb
L663A,0.4712,Amb
L663C,0.5706,LPath
L663D,0.9986,LPath
L663E,0.9876,LPath
L663F,0.1929,LBen
L663G,0.8927,LPath
L663H,0.9704,LPath
L663I,0.0924,LBen
L663K,0.9846,LPath
L663M,0.1452,LBen
L663N,0.9902,LPath
L663P,0.9829,LPath
L663Q,0.9165,LPath
L663R,0.9544,LPath
L663S,0.8763,LPath
L663T,0.673,LPath
L663V,0.0837,LBen
L663W,0.7309,LPath
L663Y,0.9182,LPath
Q664A,0.6707,LPath
Q664C,0.9754,LPath
Q664D,0.9791,LPath
Q664E,0.4592,Amb
Q664F,0.9677,LPath
Q664G,0.7785,LPath
Q664H,0.81,LPath
Q664I,0.9516,LPath
Q664K,0.5128,Amb
Q664L,0.6552,LPath
Q664M,0.823,LPath
Q664N,0.9119,LPath
Q664P,0.926,LPath
Q664R,0.531,Amb
Q664S,0.7064,LPath
Q664T,0.7833,LPath
Q664V,0.8626,LPath
Q664W,0.9625,LPath
Q664Y,0.9485,LPath
S665A,0.1478,LBen
S665C,0.3528,Amb
S665D,0.9345,LPath
S665E,0.953,LPath
S665F,0.6451,LPath
S665G,0.3199,LBen
S665H,0.7541,LPath
S665I,0.8764,LPath
S665K,0.9855,LPath
S665L,0.5941,LPath
S665M,0.6792,LPath
S665N,0.6911,LPath
S665P,0.98,LPath
S665Q,0.899,LPath
S665R,0.9767,LPath
S665T,0.3859,Amb
S665V,0.7343,LPath
S665W,0.7292,LPath
S665Y,0.5002,Amb
L666A,0.2346,LBen
L666C,0.3952,Amb
L666D,0.949,LPath
L666E,0.7266,LPath
L666F,0.0913,LBen
L666G,0.6797,LPath
L666H,0.3688,Amb
L666I,0.0903,LBen
L666K,0.445,Amb
L666M,0.0987,LBen
L666N,0.739,LPath
L666P,0.8866,LPath
L666Q,0.2645,LBen
L666R,0.2901,LBen
L666S,0.3969,Amb
L666T,0.3503,Amb
L666V,0.0764,LBen
L666W,0.2006,LBen
L666Y,0.3529,Amb
L667A,0.6487,LPath
L667C,0.6901,LPath
L667D,0.9966,LPath
L667E,0.9837,LPath
L667F,0.1529,LBen
L667G,0.92,LPath
L667H,0.9176,LPath
L667I,0.1942,LBen
L667K,0.9758,LPath
L667M,0.2241,LBen
L667N,0.9823,LPath
L667P,0.9221,LPath
L667Q,0.8865,LPath
L667R,0.9183,LPath
L667S,0.899,LPath
L667T,0.8075,LPath
L667V,0.1956,LBen
L667W,0.5909,LPath
L667Y,0.8555,LPath
L668A,0.402,Amb
L668C,0.5572,Amb
L668D,0.8935,LPath
L668E,0.6881,LPath
L668F,0.2146,LBen
L668G,0.7114,LPath
L668H,0.4011,Amb
L668I,0.0978,LBen
L668K,0.5919,LPath
L668M,0.1271,LBen
L668N,0.6671,LPath
L668P,0.7642,LPath
L668Q,0.3038,LBen
L668R,0.3785,Amb
L668S,0.4726,Amb
L668T,0.3468,Amb
L668V,0.0913,LBen
L668W,0.3689,Amb
L668Y,0.5282,Amb
F669A,0.496,Amb
F669C,0.3233,LBen
F669D,0.8555,LPath
F669E,0.8712,LPath
F669G,0.7593,LPath
F669H,0.564,LPath
F669I,0.1137,LBen
F669K,0.8056,LPath
F669L,0.5383,Amb
F669M,0.3466,Amb
F669N,0.6978,LPath
F669P,0.8254,LPath
F669Q,0.6742,LPath
F669R,0.6651,LPath
F669S,0.4355,Amb
F669T,0.5701,LPath
F669V,0.141,LBen
F669W,0.3914,Amb
F669Y,0.2261,LBen
P670A,0.0807,LBen
P670C,0.2891,LBen
P670D,0.3516,Amb
P670E,0.1841,LBen
P670F,0.2722,LBen
P670G,0.2446,LBen
P670H,0.0901,LBen
P670I,0.2146,LBen
P670K,0.216,LBen
P670L,0.0948,LBen
P670M,0.2275,LBen
P670N,0.2457,LBen
P670Q,0.0943,LBen
P670R,0.122,LBen
P670S,0.0828,LBen
P670T,0.0854,LBen
P670V,0.1521,LBen
P670W,0.3188,LBen
P670Y,0.2119,LBen
P671A,0.074,LBen
P671C,0.4416,Amb
P671D,0.2954,LBen
P671E,0.1615,LBen
P671F,0.4672,Amb
P671G,0.2673,LBen
P671H,0.1442,LBen
P671I,0.3016,LBen
P671K,0.1707,LBen
P671L,0.1358,LBen
P671M,0.3185,LBen
P671N,0.2873,LBen
P671Q,0.0977,LBen
P671R,0.1114,LBen
P671S,0.0992,LBen
P671T,0.0983,LBen
P671V,0.1843,LBen
P671W,0.5568,Amb
P671Y,0.3946,Amb
Q672A,0.1258,LBen
Q672C,0.4313,Amb
Q672D,0.2618,LBen
Q672E,0.0758,LBen
Q672F,0.569,LPath
Q672G,0.1681,LBen
Q672H,0.1552,LBen
Q672I,0.2918,LBen
Q672K,0.0583,LBen
Q672L,0.1256,LBen
Q672M,0.2923,LBen
Q672N,0.2434,LBen
Q672P,0.0835,LBen
Q672R,0.072,LBen
Q672S,0.1516,LBen
Q672T,0.137,LBen
Q672V,0.172,LBen
Q672W,0.3862,Amb
Q672Y,0.3644,Amb
Q673A,0.2088,LBen
Q673C,0.6333,LPath
Q673D,0.4808,Amb
Q673E,0.1021,LBen
Q673F,0.7311,LPath
Q673G,0.3443,Amb
Q673H,0.2901,LBen
Q673I,0.306,LBen
Q673K,0.1266,LBen
Q673L,0.1488,LBen
Q673M,0.3542,Amb
Q673N,0.3655,Amb
Q673P,0.1378,LBen
Q673R,0.1363,LBen
Q673S,0.2946,LBen
Q673T,0.1983,LBen
Q673V,0.1951,LBen
Q673W,0.6609,LPath
Q673Y,0.5192,Amb
L674A,0.168,LBen
L674C,0.3412,Amb
L674D,0.4806,Amb
L674E,0.137,LBen
L674F,0.157,LBen
L674G,0.3801,Amb
L674H,0.1672,LBen
L674I,0.0822,LBen
L674K,0.1538,LBen
L674M,0.0946,LBen
L674N,0.3015,LBen
L674P,0.4364,Amb
L674Q,0.0726,LBen
L674R,0.1124,LBen
L674S,0.2026,LBen
L674T,0.1643,LBen
L674V,0.0758,LBen
L674W,0.2115,LBen
L674Y,0.277,LBen
K675A,0.2393,LBen
K675C,0.589,LPath
K675D,0.6082,LPath
K675E,0.1574,LBen
K675F,0.7531,LPath
K675G,0.5385,Amb
K675H,0.3135,LBen
K675I,0.2804,LBen
K675L,0.2542,LBen
K675M,0.1913,LBen
K675N,0.4765,Amb
K675P,0.2382,LBen
K675Q,0.1128,LBen
K675R,0.0957,LBen
K675S,0.3719,Amb
K675T,0.1756,LBen
K675V,0.2465,LBen
K675W,0.7844,LPath
K675Y,0.6345,LPath
P676A,0.3594,Amb
P676C,0.9137,LPath
P676D,0.9877,LPath
P676E,0.9546,LPath
P676F,0.9347,LPath
P676G,0.9055,LPath
P676H,0.8989,LPath
P676I,0.6717,LPath
P676K,0.9514,LPath
P676L,0.4502,Amb
P676M,0.7894,LPath
P676N,0.9746,LPath
P676Q,0.8933,LPath
P676R,0.9003,LPath
P676S,0.8251,LPath
P676T,0.714,LPath
P676V,0.5275,Amb
P676W,0.9772,LPath
P676Y,0.9286,LPath
P677A,0.1736,LBen
P677C,0.704,LPath
P677D,0.7228,LPath
P677E,0.5357,Amb
P677F,0.7834,LPath
P677G,0.5391,Amb
P677H,0.433,Amb
P677I,0.5235,Amb
P677K,0.5172,Amb
P677L,0.2361,LBen
P677M,0.5518,Amb
P677N,0.6648,LPath
P677Q,0.3673,Amb
P677R,0.3633,Amb
P677S,0.24,LBen
P677T,0.2577,LBen
P677V,0.3686,Amb
P677W,0.8673,LPath
P677Y,0.7407,LPath
P678A,0.0435,LBen
P678C,0.2016,LBen
P678D,0.1219,LBen
P678E,0.0848,LBen
P678F,0.198,LBen
P678G,0.1116,LBen
P678H,0.0893,LBen
P678I,0.1228,LBen
P678K,0.0946,LBen
P678L,0.0677,LBen
P678M,0.1273,LBen
P678N,0.1214,LBen
P678Q,0.0695,LBen
P678R,0.0755,LBen
P678S,0.0618,LBen
P678T,0.0546,LBen
P678V,0.0842,LBen
P678W,0.2722,LBen
P678Y,0.1923,LBen
E679A,0.1107,LBen
E679C,0.7103,LPath
E679D,0.1426,LBen
E679F,0.6003,LPath
E679G,0.1736,LBen
E679H,0.2748,LBen
E679I,0.2417,LBen
E679K,0.0986,LBen
E679L,0.2586,LBen
E679M,0.334,LBen
E679N,0.2168,LBen
E679P,0.544,Amb
E679Q,0.0882,LBen
E679R,0.1604,LBen
E679S,0.1534,LBen
E679T,0.1478,LBen
E679V,0.1332,LBen
E679W,0.8253,LPath
E679Y,0.4766,Amb
L680A,0.5983,LPath
L680C,0.7245,LPath
L680D,0.9186,LPath
L680E,0.7982,LPath
L680F,0.2126,LBen
L680G,0.8215,LPath
L680H,0.6546,LPath
L680I,0.0952,LBen
L680K,0.7733,LPath
L680M,0.198,LBen
L680N,0.789,LPath
L680P,0.4695,Amb
L680Q,0.6016,LPath
L680R,0.6009,LPath
L680S,0.791,LPath
L680T,0.6063,LPath
L680V,0.1272,LBen
L680W,0.4414,Amb
L680Y,0.5592,Amb
C681A,0.092,LBen
C681D,0.0897,LBen
C681E,0.1528,LBen
C681F,0.0707,LBen
C681G,0.058,LBen
C681H,0.0628,LBen
C681I,0.1332,LBen
C681K,0.1355,LBen
C681L,0.1077,LBen
C681M,0.2452,LBen
C681N,0.076,LBen
C681P,0.2252,LBen
C681Q,0.0866,LBen
C681R,0.0651,LBen
C681S,0.0559,LBen
C681T,0.1018,LBen
C681V,0.1238,LBen
C681W,0.1466,LBen
C681Y,0.0595,LBen
P682A,0.0566,LBen
P682C,0.2921,LBen
P682D,0.2301,LBen
P682E,0.1385,LBen
P682F,0.2856,LBen
P682G,0.1713,LBen
P682H,0.1144,LBen
P682I,0.1765,LBen
P682K,0.1684,LBen
P682L,0.0829,LBen
P682M,0.1875,LBen
P682N,0.2059,LBen
P682Q,0.0927,LBen
P682R,0.098,LBen
P682S,0.0809,LBen
P682T,0.0709,LBen
P682V,0.1201,LBen
P682W,0.3516,Amb
P682Y,0.2825,LBen
E683A,0.1079,LBen
E683C,0.6756,LPath
E683D,0.0874,LBen
E683F,0.674,LPath
E683G,0.0893,LBen
E683H,0.2659,LBen
E683I,0.3675,Amb
E683K,0.0933,LBen
E683L,0.3357,LBen
E683M,0.3903,Amb
E683N,0.1549,LBen
E683P,0.439,Amb
E683Q,0.1027,LBen
E683R,0.1485,LBen
E683S,0.1242,LBen
E683T,0.1532,LBen
E683V,0.2044,LBen
E683W,0.7265,LPath
E683Y,0.489,Amb
D684A,0.288,LBen
D684C,0.8071,LPath
D684E,0.2845,LBen
D684F,0.7965,LPath
D684G,0.2658,LBen
D684H,0.4612,Amb
D684I,0.6295,LPath
D684K,0.6597,LPath
D684L,0.7112,LPath
D684M,0.779,LPath
D684N,0.149,LBen
D684P,0.8883,LPath
D684Q,0.5596,Amb
D684R,0.7242,LPath
D684S,0.2369,LBen
D684T,0.4283,Amb
D684V,0.3947,Amb
D684W,0.948,LPath
D684Y,0.3561,Amb
I685A,0.1375,LBen
I685C,0.3349,LBen
I685D,0.2865,LBen
I685E,0.2587,LBen
I685F,0.0992,LBen
I685G,0.2385,LBen
I685H,0.2598,LBen
I685K,0.2142,LBen
I685L,0.0693,LBen
I685M,0.0704,LBen
I685N,0.1325,LBen
I685P,0.3541,Amb
I685Q,0.2207,LBen
I685R,0.1553,LBen
I685S,0.1317,LBen
I685T,0.1105,LBen
I685V,0.0588,LBen
I685W,0.4168,Amb
I685Y,0.2536,LBen
N686A,0.3538,Amb
N686C,0.4099,Amb
N686D,0.0611,LBen
N686E,0.4878,Amb
N686F,0.8029,LPath
N686G,0.2435,LBen
N686H,0.1526,LBen
N686I,0.6185,LPath
N686K,0.5993,LPath
N686L,0.5159,Amb
N686M,0.6476,LPath
N686P,0.5969,LPath
N686Q,0.5312,Amb
N686R,0.6224,LPath
N686S,0.0756,LBen
N686T,0.1518,LBen
N686V,0.5488,Amb
N686W,0.9018,LPath
N686Y,0.3904,Amb
T687A,0.1539,LBen
T687C,0.6921,LPath
T687D,0.7634,LPath
T687E,0.8026,LPath
T687F,0.8803,LPath
T687G,0.5349,Amb
T687H,0.6222,LPath
T687I,0.4631,Amb
T687K,0.8151,LPath
T687L,0.3982,Amb
T687M,0.3388,LBen
T687N,0.225,LBen
T687P,0.0863,LBen
T687Q,0.6758,LPath
T687R,0.7205,LPath
T687S,0.208,LBen
T687V,0.307,LBen
T687W,0.9617,LPath
T687Y,0.8437,LPath
F688A,0.8757,LPath
F688C,0.7986,LPath
F688D,0.923,LPath
F688E,0.9272,LPath
F688G,0.923,LPath
F688H,0.7761,LPath
F688I,0.6672,LPath
F688K,0.965,LPath
F688L,0.9509,LPath
F688M,0.8033,LPath
F688N,0.7983,LPath
F688P,0.9881,LPath
F688Q,0.8842,LPath
F688R,0.9035,LPath
F688S,0.7727,LPath
F688T,0.8734,LPath
F688V,0.5987,LPath
F688W,0.6062,LPath
F688Y,0.1923,LBen
K689A,0.3546,Amb
K689C,0.7031,LPath
K689D,0.6643,LPath
K689E,0.2448,LBen
K689F,0.8632,LPath
K689G,0.4909,Amb
K689H,0.2896,LBen
K689I,0.4976,Amb
K689L,0.3611,Amb
K689M,0.2484,LBen
K689N,0.4991,Amb
K689P,0.8341,LPath
K689Q,0.1076,LBen
K689R,0.0884,LBen
K689S,0.3947,Amb
K689T,0.1354,LBen
K689V,0.4235,Amb
K689W,0.7982,LPath
K689Y,0.7016,LPath
L690A,0.799,LPath
L690C,0.8788,LPath
L690D,0.9939,LPath
L690E,0.964,LPath
L690F,0.7393,LPath
L690G,0.9558,LPath
L690H,0.916,LPath
L690I,0.1544,LBen
L690K,0.9373,LPath
L690M,0.3325,LBen
L690N,0.9374,LPath
L690P,0.9776,LPath
L690Q,0.828,LPath
L690R,0.8401,LPath
L690S,0.921,LPath
L690T,0.7933,LPath
L690V,0.1866,LBen
L690W,0.8539,LPath
L690Y,0.8788,LPath
L691A,0.8959,LPath
L691C,0.8818,LPath
L691D,0.9966,LPath
L691E,0.9803,LPath
L691F,0.386,Amb
L691G,0.9802,LPath
L691H,0.9231,LPath
L691I,0.1779,LBen
L691K,0.9813,LPath
L691M,0.2919,LBen
L691N,0.973,LPath
L691P,0.9839,LPath
L691Q,0.9014,LPath
L691R,0.9463,LPath
L691S,0.9565,LPath
L691T,0.8792,LPath
L691V,0.2508,LBen
L691W,0.8276,LPath
L691Y,0.885,LPath
S692A,0.0811,LBen
S692C,0.1316,LBen
S692D,0.7001,LPath
S692E,0.8066,LPath
S692F,0.4922,Amb
S692G,0.1316,LBen
S692H,0.6051,LPath
S692I,0.721,LPath
S692K,0.9551,LPath
S692L,0.3003,LBen
S692M,0.5424,Amb
S692N,0.399,Amb
S692P,0.8885,LPath
S692Q,0.7455,LPath
S692R,0.8926,LPath
S692T,0.2231,LBen
S692V,0.5736,LPath
S692W,0.5364,Amb
S692Y,0.37,Amb
Y693A,0.9219,LPath
Y693C,0.4397,Amb
Y693D,0.9545,LPath
Y693E,0.9879,LPath
Y693F,0.1974,LBen
Y693G,0.9329,LPath
Y693H,0.6739,LPath
Y693I,0.9364,LPath
Y693K,0.9849,LPath
Y693L,0.7568,LPath
Y693M,0.9063,LPath
Y693N,0.783,LPath
Y693P,0.997,LPath
Y693Q,0.9641,LPath
Y693R,0.9238,LPath
Y693S,0.7794,LPath
Y693T,0.9447,LPath
Y693V,0.845,LPath
Y693W,0.5327,Amb
A694C,0.8866,LPath
A694D,0.9949,LPath
A694E,0.9921,LPath
A694F,0.9889,LPath
A694G,0.4552,Amb
A694H,0.9953,LPath
A694I,0.9086,LPath
A694K,0.9986,LPath
A694L,0.9142,LPath
A694M,0.9317,LPath
A694N,0.9873,LPath
A694P,0.9922,LPath
A694Q,0.9834,LPath
A694R,0.9928,LPath
A694S,0.2151,LBen
A694T,0.3975,Amb
A694V,0.6164,LPath
A694W,0.9991,LPath
A694Y,0.9962,LPath
S695A,0.0903,LBen
S695C,0.1364,LBen
S695D,0.6074,LPath
S695E,0.7105,LPath
S695F,0.3721,Amb
S695G,0.1071,LBen
S695H,0.4622,Amb
S695I,0.3778,Amb
S695K,0.8473,LPath
S695L,0.1963,LBen
S695M,0.3394,LBen
S695N,0.2202,LBen
S695P,0.9199,LPath
S695Q,0.6472,LPath
S695R,0.7348,LPath
S695T,0.0869,LBen
S695V,0.3022,LBen
S695W,0.4962,Amb
S695Y,0.3073,LBen
Y696A,0.8166,LPath
Y696C,0.3369,LBen
Y696D,0.7939,LPath
Y696E,0.9584,LPath
Y696F,0.0991,LBen
Y696G,0.8289,LPath
Y696H,0.3117,LBen
Y696I,0.8796,LPath
Y696K,0.9616,LPath
Y696L,0.8636,LPath
Y696M,0.9248,LPath
Y696N,0.6278,LPath
Y696P,0.9911,LPath
Y696Q,0.8962,LPath
Y696R,0.8505,LPath
Y696S,0.545,Amb
Y696T,0.8554,LPath
Y696V,0.7793,LPath
Y696W,0.3273,LBen
C697A,0.5387,Amb
C697D,0.9802,LPath
C697E,0.9899,LPath
C697F,0.6442,LPath
C697G,0.395,Amb
C697H,0.7882,LPath
C697I,0.9589,LPath
C697K,0.9948,LPath
C697L,0.8788,LPath
C697M,0.9404,LPath
C697N,0.8494,LPath
C697P,0.9954,LPath
C697Q,0.9528,LPath
C697R,0.9444,LPath
C697S,0.2787,LBen
C697T,0.7921,LPath
C697V,0.882,LPath
C697W,0.8175,LPath
C697Y,0.6448,LPath
I698A,0.5142,Amb
I698C,0.87,LPath
I698D,0.9893,LPath
I698E,0.9637,LPath
I698F,0.547,Amb
I698G,0.9234,LPath
I698H,0.9689,LPath
I698K,0.9519,LPath
I698L,0.1173,LBen
I698M,0.1083,LBen
I698N,0.9022,LPath
I698P,0.9752,LPath
I698Q,0.9356,LPath
I698R,0.9272,LPath
I698S,0.7299,LPath
I698T,0.346,Amb
I698V,0.0699,LBen
I698W,0.9676,LPath
I698Y,0.9432,LPath
E699A,0.3273,LBen
E699C,0.9544,LPath
E699D,0.4494,Amb
E699F,0.9529,LPath
E699G,0.4005,Amb
E699H,0.7488,LPath
E699I,0.8057,LPath
E699K,0.3857,Amb
E699L,0.7543,LPath
E699M,0.802,LPath
E699N,0.6138,LPath
E699P,0.9814,LPath
E699Q,0.2147,LBen
E699R,0.4714,Amb
E699S,0.3866,Amb
E699T,0.5022,Amb
E699V,0.612,LPath
E699W,0.9847,LPath
E699Y,0.9125,LPath
H700A,0.4598,Amb
H700C,0.2474,LBen
H700D,0.4837,Amb
H700E,0.3601,Amb
H700F,0.5273,Amb
H700G,0.4697,Amb
H700I,0.608,LPath
H700K,0.2406,LBen
H700L,0.2926,LBen
H700M,0.6453,LPath
H700N,0.1581,LBen
H700P,0.8922,LPath
H700Q,0.1835,LBen
H700R,0.0882,LBen
H700S,0.4082,Amb
H700T,0.4383,Amb
H700V,0.4822,Amb
H700W,0.5613,Amb
H700Y,0.1883,LBen
G701A,0.6204,LPath
G701C,0.6768,LPath
G701D,0.4852,Amb
G701E,0.6214,LPath
G701F,0.9798,LPath
G701H,0.6815,LPath
G701I,0.9811,LPath
G701K,0.7412,LPath
G701L,0.9568,LPath
G701M,0.9625,LPath
G701N,0.5602,Amb
G701P,0.9962,LPath
G701Q,0.5912,LPath
G701R,0.5667,LPath
G701S,0.2872,LBen
G701T,0.8177,LPath
G701V,0.9556,LPath
G701W,0.8996,LPath
G701Y,0.9172,LPath
D702A,0.5633,Amb
D702C,0.8609,LPath
D702E,0.3917,Amb
D702F,0.9224,LPath
D702G,0.771,LPath
D702H,0.5378,Amb
D702I,0.8704,LPath
D702K,0.7844,LPath
D702L,0.8445,LPath
D702M,0.9135,LPath
D702N,0.1031,LBen
D702P,0.9862,LPath
D702Q,0.5794,LPath
D702R,0.7327,LPath
D702S,0.2997,LBen
D702T,0.8233,LPath
D702V,0.7239,LPath
D702W,0.9803,LPath
D702Y,0.5342,Amb
L703A,0.8517,LPath
L703C,0.9362,LPath
L703D,0.9911,LPath
L703E,0.9566,LPath
L703F,0.3525,Amb
L703G,0.9648,LPath
L703H,0.9139,LPath
L703I,0.1648,LBen
L703K,0.9373,LPath
L703M,0.2224,LBen
L703N,0.9678,LPath
L703P,0.8941,LPath
L703Q,0.8878,LPath
L703R,0.8744,LPath
L703S,0.9452,LPath
L703T,0.7044,LPath
L703V,0.1977,LBen
L703W,0.6435,LPath
L703Y,0.8489,LPath
E704A,0.4648,Amb
E704C,0.9621,LPath
E704D,0.6904,LPath
E704F,0.9661,LPath
E704G,0.5641,LPath
E704H,0.9281,LPath
E704I,0.851,LPath
E704K,0.795,LPath
E704L,0.7148,LPath
E704M,0.8502,LPath
E704N,0.8932,LPath
E704P,0.898,LPath
E704Q,0.5,Amb
E704R,0.8376,LPath
E704S,0.7185,LPath
E704T,0.7696,LPath
E704V,0.6289,LPath
E704W,0.991,LPath
E704Y,0.9426,LPath
L705A,0.3107,LBen
L705C,0.7399,LPath
L705D,0.8265,LPath
L705E,0.4381,Amb
L705F,0.3421,Amb
L705G,0.5549,Amb
L705H,0.4067,Amb
L705I,0.1948,LBen
L705K,0.3396,LBen
L705M,0.1264,LBen
L705N,0.5355,Amb
L705P,0.8319,LPath
L705Q,0.1643,LBen
L705R,0.2466,LBen
L705S,0.4104,Amb
L705T,0.2425,LBen
L705V,0.1579,LBen
L705W,0.4767,Amb
L705Y,0.6054,LPath
A706C,0.9204,LPath
A706D,0.9956,LPath
A706E,0.9944,LPath
A706F,0.9949,LPath
A706G,0.3869,Amb
A706H,0.9975,LPath
A706I,0.9918,LPath
A706K,0.9992,LPath
A706L,0.9541,LPath
A706M,0.9713,LPath
A706N,0.9942,LPath
A706P,0.9894,LPath
A706Q,0.9899,LPath
A706R,0.9955,LPath
A706S,0.3416,Amb
A706T,0.7228,LPath
A706V,0.9074,LPath
A706W,0.9993,LPath
A706Y,0.9982,LPath
A707C,0.7639,LPath
A707D,0.9943,LPath
A707E,0.9799,LPath
A707F,0.9689,LPath
A707G,0.5063,Amb
A707H,0.994,LPath
A707I,0.7766,LPath
A707K,0.9968,LPath
A707L,0.5948,LPath
A707M,0.74,LPath
A707N,0.9724,LPath
A707P,0.9938,LPath
A707Q,0.9707,LPath
A707R,0.9872,LPath
A707S,0.2853,LBen
A707T,0.2262,LBen
A707V,0.3541,Amb
A707W,0.9967,LPath
A707Y,0.9906,LPath
K708A,0.9241,LPath
K708C,0.9151,LPath
K708D,0.9937,LPath
K708E,0.924,LPath
K708F,0.9909,LPath
K708G,0.9554,LPath
K708H,0.8219,LPath
K708I,0.9189,LPath
K708L,0.8629,LPath
K708M,0.7897,LPath
K708N,0.9778,LPath
K708P,0.9935,LPath
K708Q,0.5724,LPath
K708R,0.106,LBen
K708S,0.9568,LPath
K708T,0.8222,LPath
K708V,0.8458,LPath
K708W,0.9815,LPath
K708Y,0.9638,LPath
F709A,0.9317,LPath
F709C,0.7885,LPath
F709D,0.9947,LPath
F709E,0.9921,LPath
F709G,0.979,LPath
F709H,0.9566,LPath
F709I,0.5862,LPath
F709K,0.9949,LPath
F709L,0.8417,LPath
F709M,0.71,LPath
F709N,0.9717,LPath
F709P,0.9996,LPath
F709Q,0.9847,LPath
F709R,0.9831,LPath
F709S,0.9549,LPath
F709T,0.9377,LPath
F709V,0.5851,LPath
F709W,0.7575,LPath
F709Y,0.2755,LBen
V710A,0.6262,LPath
V710C,0.8612,LPath
V710D,0.9899,LPath
V710E,0.9738,LPath
V710F,0.6544,LPath
V710G,0.8305,LPath
V710H,0.9879,LPath
V710I,0.0937,LBen
V710K,0.9869,LPath
V710L,0.276,LBen
V710M,0.2611,LBen
V710N,0.9612,LPath
V710P,0.9951,LPath
V710Q,0.9564,LPath
V710R,0.9773,LPath
V710S,0.8294,LPath
V710T,0.6271,LPath
V710W,0.9894,LPath
V710Y,0.9726,LPath
N711A,0.7515,LPath
N711C,0.5983,LPath
N711D,0.8619,LPath
N711E,0.9653,LPath
N711F,0.9458,LPath
N711G,0.6675,LPath
N711H,0.6289,LPath
N711I,0.7783,LPath
N711K,0.9711,LPath
N711L,0.6989,LPath
N711M,0.8159,LPath
N711P,0.9797,LPath
N711Q,0.9181,LPath
N711R,0.9524,LPath
N711S,0.1626,LBen
N711T,0.4722,Amb
N711V,0.749,LPath
N711W,0.9796,LPath
N711Y,0.7395,LPath
Q712A,0.5988,LPath
Q712C,0.9343,LPath
Q712D,0.9682,LPath
Q712E,0.3611,Amb
Q712F,0.9642,LPath
Q712G,0.6035,LPath
Q712H,0.8615,LPath
Q712I,0.8654,LPath
Q712K,0.6424,LPath
Q712L,0.4031,Amb
Q712M,0.6972,LPath
Q712N,0.8112,LPath
Q712P,0.9733,LPath
Q712R,0.5518,Amb
Q712S,0.6498,LPath
Q712T,0.7183,LPath
Q712V,0.7651,LPath
Q712W,0.9803,LPath
Q712Y,0.9452,LPath
L713A,0.9546,LPath
L713C,0.9479,LPath
L713D,0.9992,LPath
L713E,0.9932,LPath
L713F,0.9126,LPath
L713G,0.9877,LPath
L713H,0.9936,LPath
L713I,0.612,LPath
L713K,0.9938,LPath
L713M,0.4879,Amb
L713N,0.9954,LPath
L713P,0.9959,LPath
L713Q,0.9756,LPath
L713R,0.985,LPath
L713S,0.9911,LPath
L713T,0.9482,LPath
L713V,0.6168,LPath
L713W,0.9854,LPath
L713Y,0.9906,LPath
K714A,0.3404,Amb
K714C,0.561,Amb
K714D,0.5699,LPath
K714E,0.1533,LBen
K714F,0.8225,LPath
K714G,0.379,Amb
K714H,0.2205,LBen
K714I,0.5069,Amb
K714L,0.4597,Amb
K714M,0.3217,LBen
K714N,0.4005,Amb
K714P,0.8254,LPath
K714Q,0.1006,LBen
K714R,0.0752,LBen
K714S,0.3329,LBen
K714T,0.1404,LBen
K714V,0.4106,Amb
K714W,0.7314,LPath
K714Y,0.6513,LPath
G715A,0.9286,LPath
G715C,0.9763,LPath
G715D,0.9652,LPath
G715E,0.9819,LPath
G715F,0.9956,LPath
G715H,0.9945,LPath
G715I,0.9938,LPath
G715K,0.995,LPath
G715L,0.993,LPath
G715M,0.9952,LPath
G715N,0.9843,LPath
G715P,0.9982,LPath
G715Q,0.9941,LPath
G715R,0.9908,LPath
G715S,0.8873,LPath
G715T,0.972,LPath
G715V,0.9819,LPath
G715W,0.9768,LPath
G715Y,0.9875,LPath
E716A,0.6683,LPath
E716C,0.9843,LPath
E716D,0.9447,LPath
E716F,0.9914,LPath
E716G,0.8602,LPath
E716H,0.9804,LPath
E716I,0.9581,LPath
E716K,0.9161,LPath
E716L,0.9745,LPath
E716M,0.9511,LPath
E716N,0.9595,LPath
E716P,0.9555,LPath
E716Q,0.7063,LPath
E716R,0.9446,LPath
E716S,0.8655,LPath
E716T,0.9366,LPath
E716V,0.879,LPath
E716W,0.9977,LPath
E716Y,0.9838,LPath
S717A,0.0895,LBen
S717C,0.2662,LBen
S717D,0.9783,LPath
S717E,0.9779,LPath
S717F,0.9723,LPath
S717G,0.2343,LBen
S717H,0.966,LPath
S717I,0.8902,LPath
S717K,0.9964,LPath
S717L,0.7741,LPath
S717M,0.873,LPath
S717N,0.8368,LPath
S717P,0.0967,LBen
S717Q,0.9671,LPath
S717R,0.992,LPath
S717T,0.3239,LBen
S717V,0.7298,LPath
S717W,0.9741,LPath
S717Y,0.956,LPath
R718A,0.6352,LPath
R718C,0.2131,LBen
R718D,0.9728,LPath
R718E,0.7444,LPath
R718F,0.8491,LPath
R718G,0.3908,Amb
R718H,0.226,LBen
R718I,0.8278,LPath
R718K,0.2508,LBen
R718L,0.5457,Amb
R718M,0.7246,LPath
R718N,0.921,LPath
R718P,0.9676,LPath
R718Q,0.1318,LBen
R718S,0.7671,LPath
R718T,0.802,LPath
R718V,0.8071,LPath
R718W,0.3845,Amb
R718Y,0.674,LPath
R719A,0.7613,LPath
R719C,0.3263,LBen
R719D,0.9203,LPath
R719E,0.6802,LPath
R719F,0.8098,LPath
R719G,0.6938,LPath
R719H,0.1993,LBen
R719I,0.5059,Amb
R719K,0.2328,LBen
R719L,0.4074,Amb
R719M,0.6245,LPath
R719N,0.8185,LPath
R719P,0.9793,LPath
R719Q,0.2065,LBen
R719S,0.8484,LPath
R719T,0.7098,LPath
R719V,0.6048,LPath
R719W,0.3369,LBen
R719Y,0.6579,LPath
V720A,0.3877,Amb
V720C,0.9403,LPath
V720D,0.9845,LPath
V720E,0.9433,LPath
V720F,0.8257,LPath
V720G,0.7197,LPath
V720H,0.9846,LPath
V720I,0.1389,LBen
V720K,0.975,LPath
V720L,0.6739,LPath
V720M,0.6519,LPath
V720N,0.9399,LPath
V720P,0.9824,LPath
V720Q,0.9422,LPath
V720R,0.9503,LPath
V720S,0.7373,LPath
V720T,0.5562,Amb
V720W,0.993,LPath
V720Y,0.9733,LPath
A721C,0.594,LPath
A721D,0.9906,LPath
A721E,0.9809,LPath
A721F,0.9181,LPath
A721G,0.4042,Amb
A721H,0.9888,LPath
A721I,0.5155,Amb
A721K,0.9966,LPath
A721L,0.5753,LPath
A721M,0.6489,LPath
A721N,0.9637,LPath
A721P,0.9851,LPath
A721Q,0.9672,LPath
A721R,0.989,LPath
A721S,0.1378,LBen
A721T,0.2177,LBen
A721V,0.1855,LBen
A721W,0.9939,LPath
A721Y,0.9847,LPath
Q722A,0.1538,LBen
Q722C,0.4176,Amb
Q722D,0.2423,LBen
Q722E,0.0678,LBen
Q722F,0.5391,Amb
Q722G,0.1496,LBen
Q722H,0.139,LBen
Q722I,0.3742,Amb
Q722K,0.0895,LBen
Q722L,0.117,LBen
Q722M,0.3207,LBen
Q722N,0.2139,LBen
Q722P,0.612,LPath
Q722R,0.0802,LBen
Q722S,0.1873,LBen
Q722T,0.1769,LBen
Q722V,0.2365,LBen
Q722W,0.3557,Amb
Q722Y,0.3244,LBen
D723A,0.6367,LPath
D723C,0.9201,LPath
D723E,0.6545,LPath
D723F,0.9593,LPath
D723G,0.3918,Amb
D723H,0.868,LPath
D723I,0.9046,LPath
D723K,0.9433,LPath
D723L,0.9083,LPath
D723M,0.9648,LPath
D723N,0.4818,Amb
D723P,0.9475,LPath
D723Q,0.8797,LPath
D723R,0.9445,LPath
D723S,0.4472,Amb
D723T,0.7506,LPath
D723V,0.7374,LPath
D723W,0.9888,LPath
D723Y,0.7631,LPath
W724A,0.9958,LPath
W724C,0.9962,LPath
W724D,0.9993,LPath
W724E,0.9994,LPath
W724F,0.6402,LPath
W724G,0.9829,LPath
W724H,0.9973,LPath
W724I,0.9859,LPath
W724K,0.9997,LPath
W724L,0.9599,LPath
W724M,0.9926,LPath
W724N,0.9994,LPath
W724P,0.999,LPath
W724Q,0.9996,LPath
W724R,0.999,LPath
W724S,0.9921,LPath
W724T,0.9939,LPath
W724V,0.9853,LPath
W724Y,0.9388,LPath
L725A,0.8529,LPath
L725C,0.8682,LPath
L725D,0.9945,LPath
L725E,0.9116,LPath
L725F,0.793,LPath
L725G,0.9488,LPath
L725H,0.9088,LPath
L725I,0.2818,LBen
L725K,0.8757,LPath
L725M,0.3165,LBen
L725N,0.9585,LPath
L725P,0.9918,LPath
L725Q,0.6586,LPath
L725R,0.7422,LPath
L725S,0.9422,LPath
L725T,0.8683,LPath
L725V,0.3005,LBen
L725W,0.8914,LPath
L725Y,0.938,LPath
K726A,0.1428,LBen
K726C,0.319,LBen
K726D,0.2466,LBen
K726E,0.0983,LBen
K726F,0.4698,Amb
K726G,0.1962,LBen
K726H,0.1111,LBen
K726I,0.2065,LBen
K726L,0.1578,LBen
K726M,0.1255,LBen
K726N,0.1223,LBen
K726P,0.8174,LPath
K726Q,0.077,LBen
K726R,0.0654,LBen
K726S,0.1517,LBen
K726T,0.0813,LBen
K726V,0.1807,LBen
K726W,0.4268,Amb
K726Y,0.2977,LBen
E727A,0.7269,LPath
E727C,0.9916,LPath
E727D,0.6045,LPath
E727F,0.9962,LPath
E727G,0.8373,LPath
E727H,0.9775,LPath
E727I,0.9807,LPath
E727K,0.9259,LPath
E727L,0.9738,LPath
E727M,0.974,LPath
E727N,0.9348,LPath
E727P,0.996,LPath
E727Q,0.7899,LPath
E727R,0.9588,LPath
E727S,0.8906,LPath
E727T,0.9373,LPath
E727V,0.919,LPath
E727W,0.9981,LPath
E727Y,0.9846,LPath
A728C,0.6945,LPath
A728D,0.9872,LPath
A728E,0.9679,LPath
A728F,0.9417,LPath
A728G,0.4426,Amb
A728H,0.9897,LPath
A728I,0.5512,Amb
A728K,0.9933,LPath
A728L,0.5294,Amb
A728M,0.5408,Amb
A728N,0.9354,LPath
A728P,0.9954,LPath
A728Q,0.9585,LPath
A728R,0.9846,LPath
A728S,0.2382,LBen
A728T,0.1228,LBen
A728V,0.1785,LBen
A728W,0.9953,LPath
A728Y,0.9847,LPath
R729A,0.8275,LPath
R729C,0.2914,LBen
R729D,0.9842,LPath
R729E,0.8127,LPath
R729F,0.9353,LPath
R729G,0.7583,LPath
R729H,0.3976,Amb
R729I,0.6439,LPath
R729K,0.3604,Amb
R729L,0.6415,LPath
R729M,0.7842,LPath
R729N,0.9583,LPath
R729P,0.9887,LPath
R729Q,0.215,LBen
R729S,0.8946,LPath
R729T,0.7351,LPath
R729V,0.6598,LPath
R729W,0.6123,LPath
R729Y,0.8662,LPath
M730A,0.2925,LBen
M730C,0.6253,LPath
M730D,0.7695,LPath
M730E,0.41,Amb
M730F,0.39,Amb
M730G,0.5017,Amb
M730H,0.4558,Amb
M730I,0.2265,LBen
M730K,0.1806,LBen
M730L,0.0924,LBen
M730N,0.4085,Amb
M730P,0.9595,LPath
M730Q,0.2162,LBen
M730R,0.162,LBen
M730S,0.3572,Amb
M730T,0.1584,LBen
M730V,0.0706,LBen
M730W,0.6473,LPath
M730Y,0.6017,LPath
T731A,0.2642,LBen
T731C,0.5847,LPath
T731D,0.9446,LPath
T731E,0.899,LPath
T731F,0.4145,Amb
T731G,0.5951,LPath
T731H,0.3401,Amb
T731I,0.598,LPath
T731K,0.7938,LPath
T731L,0.164,LBen
T731M,0.1256,LBen
T731N,0.3706,Amb
T731P,0.9053,LPath
T731Q,0.6738,LPath
T731R,0.6635,LPath
T731S,0.3004,LBen
T731V,0.3916,Amb
T731W,0.7497,LPath
T731Y,0.3807,Amb
L732A,0.7652,LPath
L732C,0.9291,LPath
L732D,0.996,LPath
L732E,0.944,LPath
L732F,0.8307,LPath
L732G,0.952,LPath
L732H,0.9546,LPath
L732I,0.4052,Amb
L732K,0.9524,LPath
L732M,0.3362,LBen
L732N,0.97,LPath
L732P,0.9938,LPath
L732Q,0.8363,LPath
L732R,0.883,LPath
L732S,0.9029,LPath
L732T,0.8165,LPath
L732V,0.3442,Amb
L732W,0.9343,LPath
L732Y,0.9683,LPath
E733A,0.8302,LPath
E733C,0.9915,LPath
E733D,0.9836,LPath
E733F,0.998,LPath
E733G,0.9082,LPath
E733H,0.9907,LPath
E733I,0.9872,LPath
E733K,0.9566,LPath
E733L,0.9834,LPath
E733M,0.9814,LPath
E733N,0.9918,LPath
E733P,0.9987,LPath
E733Q,0.7579,LPath
E733R,0.9611,LPath
E733S,0.9438,LPath
E733T,0.9639,LPath
E733V,0.9526,LPath
E733W,0.9993,LPath
E733Y,0.9961,LPath
T734A,0.2518,LBen
T734C,0.7681,LPath
T734D,0.9817,LPath
T734E,0.9711,LPath
T734F,0.9159,LPath
T734G,0.7139,LPath
T734H,0.9596,LPath
T734I,0.6898,LPath
T734K,0.9791,LPath
T734L,0.4716,Amb
T734M,0.2101,LBen
T734N,0.7805,LPath
T734P,0.982,LPath
T734Q,0.9369,LPath
T734R,0.9671,LPath
T734S,0.4541,Amb
T734V,0.4338,Amb
T734W,0.9855,LPath
T734Y,0.958,LPath
K735A,0.4887,Amb
K735C,0.7041,LPath
K735D,0.8676,LPath
K735E,0.2949,LBen
K735F,0.8845,LPath
K735G,0.5564,Amb
K735H,0.3911,Amb
K735I,0.5622,Amb
K735L,0.4806,Amb
K735M,0.3463,Amb
K735N,0.6705,LPath
K735P,0.9876,LPath
K735Q,0.1367,LBen
K735R,0.0759,LBen
K735S,0.5761,LPath
K735T,0.2814,LBen
K735V,0.4904,Amb
K735W,0.7704,LPath
K735Y,0.7656,LPath
Q736A,0.7503,LPath
Q736C,0.9886,LPath
Q736D,0.9497,LPath
Q736E,0.398,Amb
Q736F,0.973,LPath
Q736G,0.7692,LPath
Q736H,0.917,LPath
Q736I,0.8879,LPath
Q736K,0.7752,LPath
Q736L,0.603,LPath
Q736M,0.6875,LPath
Q736N,0.8017,LPath
Q736P,0.9783,LPath
Q736R,0.8297,LPath
Q736S,0.8163,LPath
Q736T,0.742,LPath
Q736V,0.8087,LPath
Q736W,0.9889,LPath
Q736Y,0.9732,LPath
I737A,0.288,LBen
I737C,0.8198,LPath
I737D,0.9716,LPath
I737E,0.9521,LPath
I737F,0.5911,LPath
I737G,0.8369,LPath
I737H,0.9406,LPath
I737K,0.9447,LPath
I737L,0.252,LBen
I737M,0.1633,LBen
I737N,0.7461,LPath
I737P,0.9771,LPath
I737Q,0.9181,LPath
I737R,0.9094,LPath
I737S,0.4865,Amb
I737T,0.2385,LBen
I737V,0.0774,LBen
I737W,0.9664,LPath
I737Y,0.9185,LPath
V738A,0.2781,LBen
V738C,0.8461,LPath
V738D,0.9653,LPath
V738E,0.9207,LPath
V738F,0.577,LPath
V738G,0.5793,LPath
V738H,0.9713,LPath
V738I,0.0851,LBen
V738K,0.96,LPath
V738L,0.3945,Amb
V738M,0.2494,LBen
V738N,0.8945,LPath
V738P,0.9846,LPath
V738Q,0.9009,LPath
V738R,0.9281,LPath
V738S,0.5296,Amb
V738T,0.2848,LBen
V738W,0.9738,LPath
V738Y,0.9522,LPath
E739A,0.1796,LBen
E739C,0.8,LPath
E739D,0.0688,LBen
E739F,0.8323,LPath
E739G,0.1635,LBen
E739H,0.4574,Amb
E739I,0.6425,LPath
E739K,0.3446,Amb
E739L,0.584,LPath
E739M,0.6292,LPath
E739N,0.1782,LBen
E739P,0.949,LPath
E739Q,0.1905,LBen
E739R,0.4305,Amb
E739S,0.1659,LBen
E739T,0.2649,LBen
E739V,0.407,Amb
E739W,0.9069,LPath
E739Y,0.6545,LPath
I740A,0.8231,LPath
I740C,0.8929,LPath
I740D,0.9885,LPath
I740E,0.9838,LPath
I740F,0.496,Amb
I740G,0.9477,LPath
I740H,0.9699,LPath
I740K,0.9778,LPath
I740L,0.1326,LBen
I740M,0.1801,LBen
I740N,0.8717,LPath
I740P,0.9925,LPath
I740Q,0.9704,LPath
I740R,0.9702,LPath
I740S,0.8671,LPath
I740T,0.8205,LPath
I740V,0.1471,LBen
I740W,0.9602,LPath
I740Y,0.8763,LPath
L741A,0.8873,LPath
L741C,0.8954,LPath
L741D,0.999,LPath
L741E,0.991,LPath
L741F,0.5409,Amb
L741G,0.9823,LPath
L741H,0.9809,LPath
L741I,0.2209,LBen
L741K,0.992,LPath
L741M,0.2714,LBen
L741N,0.993,LPath
L741P,0.9933,LPath
L741Q,0.9592,LPath
L741R,0.9802,LPath
L741S,0.9717,LPath
L741T,0.9228,LPath
L741V,0.2713,LBen
L741W,0.9218,LPath
L741Y,0.9652,LPath
T742A,0.0989,LBen
T742C,0.44,Amb
T742D,0.6416,LPath
T742E,0.4788,Amb
T742F,0.446,Amb
T742G,0.2483,LBen
T742H,0.3812,Amb
T742I,0.3947,Amb
T742K,0.4173,Amb
T742L,0.1441,LBen
T742M,0.0946,LBen
T742N,0.2063,LBen
T742P,0.709,LPath
T742Q,0.3232,LBen
T742R,0.3414,Amb
T742S,0.1272,LBen
T742V,0.2676,LBen
T742W,0.744,LPath
T742Y,0.4884,Amb
A743C,0.7126,LPath
A743D,0.9397,LPath
A743E,0.909,LPath
A743F,0.8245,LPath
A743G,0.4487,Amb
A743H,0.902,LPath
A743I,0.6643,LPath
A743K,0.9721,LPath
A743L,0.5699,LPath
A743M,0.5726,LPath
A743N,0.7765,LPath
A743P,0.989,LPath
A743Q,0.864,LPath
A743R,0.9284,LPath
A743S,0.1498,LBen
A743T,0.1575,LBen
A743V,0.3167,LBen
A743W,0.9735,LPath
A743Y,0.9142,LPath
Y744A,0.8597,LPath
Y744C,0.3041,LBen
Y744D,0.9167,LPath
Y744E,0.9552,LPath
Y744F,0.145,LBen
Y744G,0.9028,LPath
Y744H,0.3668,Amb
Y744I,0.8745,LPath
Y744K,0.9528,LPath
Y744L,0.7593,LPath
Y744M,0.8559,LPath
Y744N,0.7089,LPath
Y744P,0.9957,LPath
Y744Q,0.8857,LPath
Y744R,0.8628,LPath
Y744S,0.64,LPath
Y744T,0.858,LPath
Y744V,0.742,LPath
Y744W,0.3729,Amb
A745C,0.8533,LPath
A745D,0.9947,LPath
A745E,0.9881,LPath
A745F,0.9564,LPath
A745G,0.5553,Amb
A745H,0.9859,LPath
A745I,0.8852,LPath
A745K,0.9964,LPath
A745L,0.8309,LPath
A745M,0.892,LPath
A745N,0.9781,LPath
A745P,0.9934,LPath
A745Q,0.9698,LPath
A745R,0.9812,LPath
A745S,0.2639,LBen
A745T,0.5362,Amb
A745V,0.6302,LPath
A745W,0.9956,LPath
A745Y,0.982,LPath
S746A,0.1173,LBen
S746C,0.1807,LBen
S746D,0.7824,LPath
S746E,0.893,LPath
S746F,0.6022,LPath
S746G,0.1184,LBen
S746H,0.6682,LPath
S746I,0.4997,Amb
S746K,0.9539,LPath
S746L,0.2609,LBen
S746M,0.3814,Amb
S746N,0.2291,LBen
S746P,0.9761,LPath
S746Q,0.8196,LPath
S746R,0.9117,LPath
S746T,0.1195,LBen
S746V,0.4222,Amb
S746W,0.7525,LPath
S746Y,0.5601,Amb
A747C,0.8697,LPath
A747D,0.9913,LPath
A747E,0.9811,LPath
A747F,0.9344,LPath
A747G,0.645,LPath
A747H,0.9818,LPath
A747I,0.8231,LPath
A747K,0.9952,LPath
A747L,0.7225,LPath
A747M,0.7614,LPath
A747N,0.9702,LPath
A747P,0.9949,LPath
A747Q,0.9686,LPath
A747R,0.9805,LPath
A747S,0.2679,LBen
A747T,0.4378,Amb
A747V,0.4736,Amb
A747W,0.992,LPath
A747Y,0.9798,LPath
V748A,0.1981,LBen
V748C,0.7832,LPath
V748D,0.7406,LPath
V748E,0.4251,Amb
V748F,0.2198,LBen
V748G,0.4001,Amb
V748H,0.7086,LPath
V748I,0.0869,LBen
V748K,0.4276,Amb
V748L,0.2289,LBen
V748M,0.0984,LBen
V748N,0.5296,Amb
V748P,0.973,LPath
V748Q,0.3579,Amb
V748R,0.3608,Amb
V748S,0.3119,LBen
V748T,0.1854,LBen
V748W,0.8297,LPath
V748Y,0.7386,LPath
G749A,0.449,Amb
G749C,0.7234,LPath
G749D,0.9507,LPath
G749E,0.9272,LPath
G749F,0.9571,LPath
G749H,0.9721,LPath
G749I,0.841,LPath
G749K,0.9863,LPath
G749L,0.9085,LPath
G749M,0.9233,LPath
G749N,0.9077,LPath
G749P,0.9965,LPath
G749Q,0.9493,LPath
G749R,0.959,LPath
G749S,0.4123,Amb
G749T,0.686,LPath
G749V,0.7014,LPath
G749W,0.9449,LPath
G749Y,0.9497,LPath
I750A,0.4962,Amb
I750C,0.8465,LPath
I750D,0.969,LPath
I750E,0.9265,LPath
I750F,0.2347,LBen
I750G,0.8696,LPath
I750H,0.8939,LPath
I750K,0.8799,LPath
I750L,0.0793,LBen
I750M,0.1109,LBen
I750N,0.7967,LPath
I750P,0.9365,LPath
I750Q,0.8562,LPath
I750R,0.798,LPath
I750S,0.6903,LPath
I750T,0.3868,Amb
I750V,0.1241,LBen
I750W,0.8218,LPath
I750Y,0.7861,LPath
G751A,0.3069,LBen
G751C,0.6276,LPath
G751D,0.8586,LPath
G751E,0.8113,LPath
G751F,0.9311,LPath
G751H,0.8968,LPath
G751I,0.8319,LPath
G751K,0.9042,LPath
G751L,0.8738,LPath
G751M,0.9047,LPath
G751N,0.8503,LPath
G751P,0.9869,LPath
G751Q,0.8155,LPath
G751R,0.7452,LPath
G751S,0.2784,LBen
G751T,0.5812,LPath
G751V,0.6926,LPath
G751W,0.8992,LPath
G751Y,0.9097,LPath
T752A,0.163,LBen
T752C,0.657,LPath
T752D,0.7886,LPath
T752E,0.7409,LPath
T752F,0.6443,LPath
T752G,0.4222,Amb
T752H,0.5575,Amb
T752I,0.6666,LPath
T752K,0.54,Amb
T752L,0.3851,Amb
T752M,0.2057,LBen
T752N,0.3824,Amb
T752P,0.5545,Amb
T752Q,0.5532,Amb
T752R,0.4694,Amb
T752S,0.2378,LBen
T752V,0.4493,Amb
T752W,0.8757,LPath
T752Y,0.6815,LPath
T753A,0.1345,LBen
T753C,0.6597,LPath
T753D,0.7644,LPath
T753E,0.6609,LPath
T753F,0.5133,Amb
T753G,0.4015,Amb
T753H,0.5025,Amb
T753I,0.3516,Amb
T753K,0.5311,Amb
T753L,0.223,LBen
T753M,0.1622,LBen
T753N,0.3594,Amb
T753P,0.3294,LBen
T753Q,0.4852,Amb
T753R,0.4156,Amb
T753S,0.199,LBen
T753V,0.2666,LBen
T753W,0.8084,LPath
T753Y,0.6339,LPath
Q754A,0.184,LBen
Q754C,0.5813,LPath
Q754D,0.3855,Amb
Q754E,0.0927,LBen
Q754F,0.6931,LPath
Q754G,0.2277,LBen
Q754H,0.1941,LBen
Q754I,0.4188,Amb
Q754K,0.0854,LBen
Q754L,0.1652,LBen
Q754M,0.3681,Amb
Q754N,0.3066,LBen
Q754P,0.1863,LBen
Q754R,0.0794,LBen
Q754S,0.2458,LBen
Q754T,0.1899,LBen
Q754V,0.2566,LBen
Q754W,0.4736,Amb
Q754Y,0.4659,Amb
V755A,0.2016,LBen
V755C,0.7561,LPath
V755D,0.365,Amb
V755E,0.3046,LBen
V755F,0.1892,LBen
V755G,0.1681,LBen
V755H,0.6151,LPath
V755I,0.1055,LBen
V755K,0.4014,Amb
V755L,0.2633,LBen
V755M,0.2,LBen
V755N,0.3365,LBen
V755P,0.4765,Amb
V755Q,0.3458,Amb
V755R,0.3677,Amb
V755S,0.2711,LBen
V755T,0.2914,LBen
V755W,0.7932,LPath
V755Y,0.5906,LPath
Q756A,0.1272,LBen
Q756C,0.3632,Amb
Q756D,0.1959,LBen
Q756E,0.0733,LBen
Q756F,0.4043,Amb
Q756G,0.1564,LBen
Q756H,0.1265,LBen
Q756I,0.2213,LBen
Q756K,0.07,LBen
Q756L,0.0925,LBen
Q756M,0.2351,LBen
Q756N,0.1773,LBen
Q756P,0.0869,LBen
Q756R,0.0808,LBen
Q756S,0.1436,LBen
Q756T,0.1245,LBen
Q756V,0.1501,LBen
Q756W,0.295,LBen
Q756Y,0.2567,LBen
P757A,0.0583,LBen
P757C,0.2196,LBen
P757D,0.1422,LBen
P757E,0.0708,LBen
P757F,0.2749,LBen
P757G,0.1167,LBen
P757H,0.0831,LBen
P757I,0.158,LBen
P757K,0.0768,LBen
P757L,0.0864,LBen
P757M,0.1626,LBen
P757N,0.1225,LBen
P757Q,0.0484,LBen
P757R,0.0605,LBen
P757S,0.0742,LBen
P757T,0.0591,LBen
P757V,0.1165,LBen
P757W,0.2505,LBen
P757Y,0.1899,LBen
E758A,0.078,LBen
E758C,0.4938,Amb
E758D,0.0843,LBen
E758F,0.4145,Amb
E758G,0.0861,LBen
E758H,0.1635,LBen
E758I,0.1967,LBen
E758K,0.0698,LBen
E758L,0.1731,LBen
E758M,0.2652,LBen
E758N,0.1114,LBen
E758P,0.1887,LBen
E758Q,0.058,LBen
E758R,0.0875,LBen
E758S,0.0809,LBen
E758T,0.1195,LBen
E758V,0.1081,LBen
E758W,0.6019,LPath
E758Y,0.296,LBen
